Order Date,Product,Category,Region,Quantity,Unit Price,Revenue,Cost
2024-01-01,Water Bottle,Home & Kitchen,North,1,10.25,10.25,6.64
2024-01-01,Sticky Notes,Stationery,North,7,5.02,35.14,21.51
2024-01-01,Water Bottle,Home & Kitchen,Central,7,8.14,56.98,37.67
2024-01-01,Notebook Set,Stationery,East,5,6.38,31.9,16.57
2024-01-01,Desk Lamp,Furniture,Central,5,271.62,1358.1,781.87
2024-01-01,Sticky Notes,Stationery,East,6,2.6,15.6,8.7
2024-01-01,Mechanical Keyboard,Electronics,South,2,54.91,109.82,62.71
2024-01-01,Water Bottle,Home & Kitchen,East,2,11.59,23.18,13.35
2024-01-01,Water Bottle,Home & Kitchen,Central,4,13.04,52.16,26.41
2024-01-01,Desk Lamp,Furniture,West,5,324.81,1624.05,881.09
2024-01-01,Ballpoint Pens (Pack),Stationery,West,8,11.68,93.44,60.68
2024-01-02,Notebook Set,Stationery,Central,7,3.8,26.6,17.32
2024-01-02,Mechanical Keyboard,Electronics,South,3,98.17,294.51,205.93
2024-01-02,Sticky Notes,Stationery,East,1,13.5,13.5,8.83
2024-01-02,Desk Lamp,Furniture,North,5,191.58,957.9,529.41
2024-01-02,Sticky Notes,Stationery,South,2,10.31,20.62,10.94
2024-01-02,USB-C Hub,Electronics,Central,1,77.89,77.89,54.29
2024-01-02,Standing Desk,Furniture,South,1,224.53,224.53,148.91
2024-01-02,Sticky Notes,Stationery,South,3,4.15,12.45,7.74
2024-01-02,Office Chair,Furniture,Central,4,175.71,702.84,477.88
2024-01-02,Ballpoint Pens (Pack),Stationery,North,4,9.65,38.6,21.0
2024-01-02,Mechanical Keyboard,Electronics,North,4,22.08,88.32,49.08
2024-01-02,Ballpoint Pens (Pack),Stationery,South,3,9.49,28.47,16.93
2024-01-02,Notebook Set,Stationery,South,2,7.51,15.02,9.7
2024-01-02,Water Bottle,Home & Kitchen,North,1,13.47,13.47,7.25
2024-01-03,Ballpoint Pens (Pack),Stationery,South,7,13.37,93.59,61.92
2024-01-03,Sticky Notes,Stationery,North,1,2.19,2.19,1.43
2024-01-03,Office Chair,Furniture,South,7,121.99,853.93,491.69
2024-01-03,Notebook Set,Stationery,East,8,11.5,92.0,58.18
2024-01-03,Ballpoint Pens (Pack),Stationery,South,4,9.53,38.12,24.76
2024-01-03,Wireless Mouse,Electronics,North,8,67.8,542.4,279.89
2024-01-03,USB-C Hub,Electronics,North,2,85.9,171.8,94.36
2024-01-03,Coffee Mug,Home & Kitchen,North,2,28.56,57.12,30.89
2024-01-04,Desk Lamp,Furniture,South,5,254.79,1273.95,828.54
2024-01-04,Mechanical Keyboard,Electronics,North,8,80.22,641.76,385.81
2024-01-04,USB-C Hub,Electronics,East,2,107.32,214.64,137.52
2024-01-04,Coffee Mug,Home & Kitchen,Central,1,10.28,10.28,6.95
2024-01-04,Standing Desk,Furniture,North,2,105.08,210.16,119.49
2024-01-04,Water Bottle,Home & Kitchen,East,8,21.95,175.6,116.93
2024-01-04,Wireless Mouse,Electronics,North,6,95.97,575.82,351.44
2024-01-04,Notebook Set,Stationery,Central,1,10.98,10.98,5.57
2024-01-04,Desk Lamp,Furniture,Central,3,72.13,216.39,150.27
2024-01-04,Wireless Mouse,Electronics,East,4,86.62,346.48,233.85
2024-01-04,Coffee Mug,Home & Kitchen,South,4,27.39,109.56,55.32
2024-01-04,Desk Lamp,Furniture,West,4,288.34,1153.36,774.73
2024-01-04,Office Chair,Furniture,South,8,297.96,2383.68,1506.5
2024-01-05,Notebook Set,Stationery,East,5,5.63,28.15,16.33
2024-01-05,Sticky Notes,Stationery,East,1,4.32,4.32,2.39
2024-01-05,Mechanical Keyboard,Electronics,Central,7,51.3,359.1,187.86
2024-01-05,Coffee Mug,Home & Kitchen,South,5,25.74,128.7,82.03
2024-01-05,Water Bottle,Home & Kitchen,South,6,21.71,130.26,82.41
2024-01-05,Mechanical Keyboard,Electronics,East,5,85.02,425.1,228.86
2024-01-05,Water Bottle,Home & Kitchen,West,3,8.01,24.03,13.39
2024-01-05,Notebook Set,Stationery,Central,6,4.78,28.68,19.51
2024-01-05,USB-C Hub,Electronics,North,5,69.12,345.6,224.72
2024-01-05,Water Bottle,Home & Kitchen,East,4,29.65,118.6,73.8
2024-01-05,Mechanical Keyboard,Electronics,West,7,108.04,756.28,438.59
2024-01-05,USB-C Hub,Electronics,North,2,96.73,193.46,114.7
2024-01-05,Sticky Notes,Stationery,South,2,10.68,21.36,13.22
2024-01-05,Ballpoint Pens (Pack),Stationery,Central,7,13.66,95.62,56.89
2024-01-05,Standing Desk,Furniture,South,5,211.18,1055.9,544.31
2024-01-05,Standing Desk,Furniture,South,5,318.98,1594.9,919.63
2024-01-06,USB-C Hub,Electronics,South,2,58.56,117.12,78.07
2024-01-06,Notebook Set,Stationery,Central,1,6.94,6.94,3.96
2024-01-06,Notebook Set,Stationery,West,4,8.31,33.24,21.07
2024-01-06,Notebook Set,Stationery,South,8,8.94,71.52,44.23
2024-01-06,Water Bottle,Home & Kitchen,North,2,9.11,18.22,10.49
2024-01-07,Office Chair,Furniture,West,6,315.1,1890.6,1104.7
2024-01-07,Mechanical Keyboard,Electronics,West,1,93.65,93.65,48.11
2024-01-07,Water Bottle,Home & Kitchen,North,1,11.35,11.35,5.96
2024-01-07,Water Bottle,Home & Kitchen,North,4,21.33,85.32,59.11
2024-01-07,Mechanical Keyboard,Electronics,South,5,26.35,131.75,91.12
2024-01-07,Notebook Set,Stationery,South,2,5.16,10.32,5.78
2024-01-07,Water Bottle,Home & Kitchen,Central,2,19.72,39.44,24.94
2024-01-08,Mechanical Keyboard,Electronics,Central,6,16.33,97.98,56.09
2024-01-08,Ballpoint Pens (Pack),Stationery,South,7,10.46,73.22,50.08
2024-01-08,Ballpoint Pens (Pack),Stationery,West,7,6.19,43.33,29.76
2024-01-08,Standing Desk,Furniture,West,4,225.26,901.04,539.6
2024-01-08,Desk Lamp,Furniture,South,8,291.37,2330.96,1492.37
2024-01-08,Standing Desk,Furniture,Central,1,115.41,115.41,70.52
2024-01-08,Office Chair,Furniture,West,8,65.0,520.0,285.3
2024-01-08,Water Bottle,Home & Kitchen,Central,6,24.41,146.46,82.92
2024-01-08,Ballpoint Pens (Pack),Stationery,East,5,4.5,22.5,13.66
2024-01-08,USB-C Hub,Electronics,South,4,92.55,370.2,229.29
2024-01-08,Mechanical Keyboard,Electronics,South,5,38.89,194.45,107.89
2024-01-09,Wireless Mouse,Electronics,Central,5,88.23,441.15,297.58
2024-01-09,Coffee Mug,Home & Kitchen,East,8,13.55,108.4,72.88
2024-01-09,Mechanical Keyboard,Electronics,North,7,66.63,466.41,308.87
2024-01-09,Standing Desk,Furniture,North,4,281.69,1126.76,614.24
2024-01-09,Sticky Notes,Stationery,West,8,9.65,77.2,47.38
2024-01-09,Wireless Mouse,Electronics,Central,2,114.5,229.0,121.69
2024-01-09,USB-C Hub,Electronics,Central,2,31.44,62.88,31.85
2024-01-09,Standing Desk,Furniture,East,8,127.69,1021.52,631.26
2024-01-09,Office Chair,Furniture,West,2,247.81,495.62,254.89
2024-01-09,USB-C Hub,Electronics,East,5,61.11,305.55,169.41
2024-01-09,Sticky Notes,Stationery,West,8,7.62,60.96,33.53
2024-01-09,Mechanical Keyboard,Electronics,South,1,119.96,119.96,78.12
2024-01-09,Ballpoint Pens (Pack),Stationery,Central,8,9.61,76.88,46.0
2024-01-10,Mechanical Keyboard,Electronics,West,6,57.88,347.28,202.23
2024-01-10,Ballpoint Pens (Pack),Stationery,East,7,7.91,55.37,31.26
2024-01-10,Notebook Set,Stationery,Central,1,7.37,7.37,4.22
2024-01-10,Ballpoint Pens (Pack),Stationery,West,1,14.06,14.06,8.99
2024-01-10,Mechanical Keyboard,Electronics,North,4,89.53,358.12,195.15
2024-01-10,Mechanical Keyboard,Electronics,West,2,83.01,166.02,106.43
2024-01-10,Notebook Set,Stationery,West,8,6.99,55.92,33.64
2024-01-10,USB-C Hub,Electronics,North,5,96.13,480.65,266.01
2024-01-10,Wireless Mouse,Electronics,East,5,102.93,514.65,303.29
2024-01-10,Ballpoint Pens (Pack),Stationery,East,6,7.92,47.52,25.55
2024-01-11,Office Chair,Furniture,Central,7,284.91,1994.37,1278.48
2024-01-11,Notebook Set,Stationery,West,3,8.53,25.59,17.25
2024-01-11,Ballpoint Pens (Pack),Stationery,North,8,13.32,106.56,54.87
2024-01-11,Standing Desk,Furniture,East,7,307.01,2149.07,1237.87
2024-01-11,Desk Lamp,Furniture,West,1,128.08,128.08,69.87
2024-01-11,Mechanical Keyboard,Electronics,West,2,94.84,189.68,106.2
2024-01-11,Wireless Mouse,Electronics,North,6,98.6,591.6,358.65
2024-01-11,Coffee Mug,Home & Kitchen,South,3,23.03,69.09,41.42
2024-01-11,Coffee Mug,Home & Kitchen,South,4,8.21,32.84,21.7
2024-01-11,Standing Desk,Furniture,Central,3,334.12,1002.36,694.04
2024-01-11,Standing Desk,Furniture,West,5,171.56,857.8,527.02
2024-01-12,Coffee Mug,Home & Kitchen,East,5,8.18,40.9,27.53
2024-01-12,Wireless Mouse,Electronics,Central,8,102.45,819.6,541.25
2024-01-12,Office Chair,Furniture,South,5,269.07,1345.35,841.72
2024-01-12,Water Bottle,Home & Kitchen,North,5,10.89,54.45,37.13
2024-01-12,Desk Lamp,Furniture,West,3,288.09,864.27,518.87
2024-01-12,Standing Desk,Furniture,South,5,333.81,1669.05,1125.07
2024-01-12,Mechanical Keyboard,Electronics,West,2,29.78,59.56,41.45
2024-01-12,Sticky Notes,Stationery,East,2,8.98,17.96,11.4
2024-01-13,Water Bottle,Home & Kitchen,East,7,13.14,91.98,46.45
2024-01-13,Sticky Notes,Stationery,East,4,8.04,32.16,20.26
2024-01-13,Mechanical Keyboard,Electronics,South,1,114.36,114.36,77.47
2024-01-13,USB-C Hub,Electronics,West,8,53.96,431.68,266.55
2024-01-13,USB-C Hub,Electronics,West,2,102.54,205.08,130.85
2024-01-13,Office Chair,Furniture,West,8,308.08,2464.64,1500.7
2024-01-13,Water Bottle,Home & Kitchen,East,1,26.66,26.66,15.75
2024-01-13,Water Bottle,Home & Kitchen,South,1,25.31,25.31,13.69
2024-01-13,Sticky Notes,Stationery,South,4,12.07,48.28,29.89
2024-01-14,Standing Desk,Furniture,South,3,291.57,874.71,460.41
2024-01-14,Desk Lamp,Furniture,South,6,136.96,821.76,429.56
2024-01-14,Mechanical Keyboard,Electronics,West,8,96.69,773.52,533.02
2024-01-14,Wireless Mouse,Electronics,Central,5,63.09,315.45,183.06
2024-01-14,Water Bottle,Home & Kitchen,North,8,15.09,120.72,63.94
2024-01-14,USB-C Hub,Electronics,East,6,54.99,329.94,193.36
2024-01-14,Mechanical Keyboard,Electronics,Central,4,60.16,240.64,139.51
2024-01-14,Mechanical Keyboard,Electronics,East,7,47.81,334.67,199.08
2024-01-14,Mechanical Keyboard,Electronics,North,2,60.35,120.7,61.8
2024-01-15,Sticky Notes,Stationery,Central,6,13.36,80.16,46.86
2024-01-15,Wireless Mouse,Electronics,East,5,51.92,259.6,141.44
2024-01-15,Mechanical Keyboard,Electronics,East,6,27.06,162.36,99.4
2024-01-15,Coffee Mug,Home & Kitchen,Central,1,8.64,8.64,4.79
2024-01-15,Standing Desk,Furniture,East,6,312.26,1873.56,989.94
2024-01-15,Water Bottle,Home & Kitchen,North,2,15.5,31.0,17.79
2024-01-15,Desk Lamp,Furniture,Central,2,105.12,210.24,108.55
2024-01-15,Ballpoint Pens (Pack),Stationery,West,8,4.8,38.4,21.85
2024-01-15,Mechanical Keyboard,Electronics,East,8,70.33,562.64,287.48
2024-01-15,Office Chair,Furniture,East,4,281.61,1126.44,675.27
2024-01-16,Notebook Set,Stationery,South,3,8.5,25.5,16.86
2024-01-16,Mechanical Keyboard,Electronics,West,1,60.8,60.8,35.62
2024-01-16,Notebook Set,Stationery,West,5,6.22,31.1,19.39
2024-01-16,Desk Lamp,Furniture,North,7,130.56,913.92,529.3
2024-01-16,Standing Desk,Furniture,East,4,108.76,435.04,261.89
2024-01-16,Desk Lamp,Furniture,East,3,102.47,307.41,200.44
2024-01-16,Water Bottle,Home & Kitchen,North,3,20.4,61.2,37.69
2024-01-16,Water Bottle,Home & Kitchen,Central,6,9.5,57.0,33.54
2024-01-16,Standing Desk,Furniture,East,1,81.52,81.52,46.77
2024-01-16,Standing Desk,Furniture,North,2,207.05,414.1,272.63
2024-01-16,Wireless Mouse,Electronics,West,4,48.76,195.04,101.56
2024-01-16,Desk Lamp,Furniture,North,3,265.21,795.63,494.85
2024-01-16,Desk Lamp,Furniture,East,5,284.59,1422.95,891.02
2024-01-16,Desk Lamp,Furniture,North,6,256.73,1540.38,972.46
2024-01-17,Coffee Mug,Home & Kitchen,South,6,14.83,88.98,56.17
2024-01-17,Water Bottle,Home & Kitchen,West,3,16.29,48.87,32.17
2024-01-17,USB-C Hub,Electronics,Central,2,82.83,165.66,88.8
2024-01-17,Office Chair,Furniture,East,8,349.99,2799.92,1841.29
2024-01-17,Sticky Notes,Stationery,Central,1,10.03,10.03,5.32
2024-01-17,USB-C Hub,Electronics,Central,3,90.72,272.16,188.86
2024-01-17,Coffee Mug,Home & Kitchen,East,8,25.26,202.08,137.58
2024-01-18,Office Chair,Furniture,East,8,141.71,1133.68,785.93
2024-01-18,Office Chair,Furniture,Central,3,75.13,225.39,154.81
2024-01-18,Sticky Notes,Stationery,North,5,7.84,39.2,26.12
2024-01-18,Mechanical Keyboard,Electronics,South,8,107.89,863.12,496.11
2024-01-18,Notebook Set,Stationery,North,6,3.29,19.74,11.19
2024-01-18,USB-C Hub,Electronics,South,1,45.12,45.12,28.93
2024-01-18,Ballpoint Pens (Pack),Stationery,Central,1,4.8,4.8,3.3
2024-01-18,Coffee Mug,Home & Kitchen,Central,7,9.05,63.35,36.99
2024-01-18,Coffee Mug,Home & Kitchen,West,2,8.36,16.72,10.08
2024-01-19,Office Chair,Furniture,South,5,238.29,1191.45,754.04
2024-01-19,Mechanical Keyboard,Electronics,Central,6,22.11,132.66,81.03
2024-01-19,Notebook Set,Stationery,West,1,5.3,5.3,3.49
2024-01-19,Desk Lamp,Furniture,South,2,273.2,546.4,332.87
2024-01-19,Water Bottle,Home & Kitchen,South,8,10.97,87.76,56.45
2024-01-19,Ballpoint Pens (Pack),Stationery,North,5,13.52,67.6,37.99
2024-01-19,Notebook Set,Stationery,Central,8,4.48,35.84,23.52
2024-01-19,Water Bottle,Home & Kitchen,East,5,24.35,121.75,82.66
2024-01-19,Notebook Set,Stationery,East,3,14.02,42.06,27.77
2024-01-19,Notebook Set,Stationery,North,7,9.09,63.63,32.83
2024-01-20,Water Bottle,Home & Kitchen,East,5,17.77,88.85,52.37
2024-01-20,Desk Lamp,Furniture,Central,7,344.21,2409.47,1511.95
2024-01-20,Desk Lamp,Furniture,Central,3,101.41,304.23,154.23
2024-01-20,Mechanical Keyboard,Electronics,South,6,53.03,318.18,187.72
2024-01-20,Desk Lamp,Furniture,East,8,226.44,1811.52,1141.1
2024-01-20,Office Chair,Furniture,North,1,204.72,204.72,113.08
2024-01-20,Standing Desk,Furniture,West,4,142.82,571.28,299.65
2024-01-20,Mechanical Keyboard,Electronics,West,3,109.36,328.08,219.52
2024-01-21,Desk Lamp,Furniture,East,2,144.21,288.42,185.14
2024-01-21,Water Bottle,Home & Kitchen,South,6,11.06,66.36,43.67
2024-01-21,Wireless Mouse,Electronics,East,6,64.08,384.48,197.3
2024-01-21,Notebook Set,Stationery,West,7,2.96,20.72,13.02
2024-01-22,Ballpoint Pens (Pack),Stationery,West,6,9.17,55.02,35.96
2024-01-22,USB-C Hub,Electronics,West,1,102.3,102.3,70.27
2024-01-22,Office Chair,Furniture,East,5,132.68,663.4,348.31
2024-01-22,Standing Desk,Furniture,Central,2,108.9,217.8,137.59
2024-01-23,Coffee Mug,Home & Kitchen,East,1,22.11,22.11,13.61
2024-01-23,Water Bottle,Home & Kitchen,South,7,20.0,140.0,87.97
2024-01-23,Standing Desk,Furniture,West,4,258.65,1034.6,529.7
2024-01-23,Ballpoint Pens (Pack),Stationery,West,8,3.87,30.96,17.46
2024-01-23,Desk Lamp,Furniture,West,3,209.34,628.02,329.4
2024-01-23,Ballpoint Pens (Pack),Stationery,South,3,6.99,20.97,11.53
2024-01-23,USB-C Hub,Electronics,East,6,34.93,209.58,141.64
2024-01-23,Ballpoint Pens (Pack),Stationery,North,2,14.57,29.14,16.63
2024-01-23,Wireless Mouse,Electronics,East,8,77.74,621.92,311.98
2024-01-23,Mechanical Keyboard,Electronics,West,3,107.66,322.98,187.37
2024-01-23,Coffee Mug,Home & Kitchen,Central,4,17.91,71.64,43.7
2024-01-24,Coffee Mug,Home & Kitchen,Central,2,29.71,59.42,36.34
2024-01-24,Desk Lamp,Furniture,South,4,176.4,705.6,453.5
2024-01-24,Ballpoint Pens (Pack),Stationery,Central,8,3.82,30.56,17.23
2024-01-24,Notebook Set,Stationery,Central,5,8.63,43.15,26.43
2024-01-24,Ballpoint Pens (Pack),Stationery,North,6,7.42,44.52,30.26
2024-01-24,Water Bottle,Home & Kitchen,North,8,20.73,165.84,90.47
2024-01-24,Wireless Mouse,Electronics,Central,8,32.9,263.2,139.38
2024-01-24,Water Bottle,Home & Kitchen,South,1,17.7,17.7,10.33
2024-01-24,Notebook Set,Stationery,South,7,8.13,56.91,36.73
2024-01-24,USB-C Hub,Electronics,Central,4,73.89,295.56,204.33
2024-01-24,Ballpoint Pens (Pack),Stationery,Central,6,13.28,79.68,52.65
2024-01-24,Standing Desk,Furniture,Central,8,131.49,1051.92,730.64
2024-01-24,Standing Desk,Furniture,East,4,201.81,807.24,554.49
2024-01-24,Standing Desk,Furniture,East,2,217.53,435.06,247.56
2024-01-24,USB-C Hub,Electronics,East,1,45.2,45.2,24.92
2024-01-24,Ballpoint Pens (Pack),Stationery,South,4,9.31,37.24,19.43
2024-01-25,Coffee Mug,Home & Kitchen,South,4,13.12,52.48,27.29
2024-01-25,Desk Lamp,Furniture,West,2,99.87,199.74,106.18
2024-01-25,Water Bottle,Home & Kitchen,West,8,14.28,114.24,58.47
2024-01-25,Mechanical Keyboard,Electronics,Central,4,71.19,284.76,152.35
2024-01-25,USB-C Hub,Electronics,North,7,97.74,684.18,381.7
2024-01-25,Wireless Mouse,Electronics,North,5,74.64,373.2,260.43
2024-01-25,Sticky Notes,Stationery,Central,8,8.55,68.4,45.26
2024-01-25,Desk Lamp,Furniture,South,8,268.39,2147.12,1200.25
2024-01-25,Water Bottle,Home & Kitchen,South,3,17.41,52.23,29.54
2024-01-25,Notebook Set,Stationery,North,3,14.17,42.51,24.52
2024-01-26,Ballpoint Pens (Pack),Stationery,East,6,2.15,12.9,8.24
2024-01-26,Wireless Mouse,Electronics,North,8,47.21,377.68,241.98
2024-01-26,Standing Desk,Furniture,North,5,124.05,620.25,366.57
2024-01-26,Coffee Mug,Home & Kitchen,East,7,25.64,179.48,119.38
2024-01-26,Office Chair,Furniture,Central,2,213.17,426.34,222.74
2024-01-26,Sticky Notes,Stationery,Central,4,6.27,25.08,13.12
2024-01-26,Office Chair,Furniture,Central,8,208.01,1664.08,1002.86
2024-01-26,Ballpoint Pens (Pack),Stationery,Central,1,6.01,6.01,3.31
2024-01-27,Wireless Mouse,Electronics,South,2,19.76,39.52,27.15
2024-01-27,Mechanical Keyboard,Electronics,West,1,45.14,45.14,29.15
2024-01-27,Notebook Set,Stationery,East,7,6.91,48.37,33.51
2024-01-27,Sticky Notes,Stationery,South,6,7.11,42.66,29.68
2024-01-27,Wireless Mouse,Electronics,North,5,63.62,318.1,173.66
2024-01-27,Ballpoint Pens (Pack),Stationery,East,3,11.43,34.29,22.7
2024-01-27,Notebook Set,Stationery,Central,1,9.72,9.72,6.17
2024-01-27,Wireless Mouse,Electronics,South,1,57.24,57.24,29.27
2024-01-27,Sticky Notes,Stationery,East,4,6.15,24.6,15.61
2024-01-27,Desk Lamp,Furniture,South,5,345.85,1729.25,959.79
2024-01-28,Sticky Notes,Stationery,Central,3,8.44,25.32,17.43
2024-01-28,Water Bottle,Home & Kitchen,West,6,12.05,72.3,43.93
2024-01-28,Office Chair,Furniture,South,5,101.86,509.3,296.69
2024-01-28,Notebook Set,Stationery,Central,3,6.29,18.87,11.13
2024-01-28,Desk Lamp,Furniture,North,4,169.38,677.52,348.62
2024-01-28,Coffee Mug,Home & Kitchen,Central,4,29.05,116.2,58.46
2024-01-28,Office Chair,Furniture,North,8,261.73,2093.84,1147.14
2024-01-28,Desk Lamp,Furniture,East,7,248.13,1736.91,1175.13
2024-01-28,Ballpoint Pens (Pack),Stationery,North,8,4.64,37.12,18.9
2024-01-29,Office Chair,Furniture,South,1,331.08,331.08,175.63
2024-01-29,Desk Lamp,Furniture,South,7,131.26,918.82,521.44
2024-01-29,Ballpoint Pens (Pack),Stationery,West,8,4.2,33.6,20.08
2024-01-29,Sticky Notes,Stationery,North,1,12.63,12.63,6.33
2024-01-29,USB-C Hub,Electronics,South,2,89.25,178.5,111.31
2024-01-29,Water Bottle,Home & Kitchen,Central,8,17.05,136.4,68.66
2024-01-29,Standing Desk,Furniture,Central,5,295.82,1479.1,1008.68
2024-01-29,Mechanical Keyboard,Electronics,North,3,40.3,120.9,79.67
2024-01-29,Mechanical Keyboard,Electronics,East,7,63.19,442.33,294.42
2024-01-29,Mechanical Keyboard,Electronics,North,2,57.55,115.1,73.73
2024-01-29,Mechanical Keyboard,Electronics,West,7,82.72,579.04,393.14
2024-01-29,Wireless Mouse,Electronics,South,4,109.63,438.52,300.31
2024-01-29,Water Bottle,Home & Kitchen,East,1,12.56,12.56,6.64
2024-01-29,Notebook Set,Stationery,North,5,12.85,64.25,43.65
2024-01-29,Desk Lamp,Furniture,West,3,259.9,779.7,443.78
2024-01-30,Mechanical Keyboard,Electronics,West,4,103.06,412.24,238.83
2024-01-30,Desk Lamp,Furniture,North,5,190.66,953.3,548.23
2024-01-30,USB-C Hub,Electronics,Central,7,24.0,168.0,86.76
2024-01-30,USB-C Hub,Electronics,West,3,92.66,277.98,156.13
2024-01-30,Desk Lamp,Furniture,East,2,114.34,228.68,133.0
2024-01-30,Wireless Mouse,Electronics,North,6,73.19,439.14,220.65
2024-01-30,Notebook Set,Stationery,West,2,14.91,29.82,18.02
2024-01-30,Water Bottle,Home & Kitchen,West,3,9.39,28.17,16.53
2024-01-30,Notebook Set,Stationery,East,8,14.27,114.16,68.4
2024-01-30,Coffee Mug,Home & Kitchen,South,8,15.31,122.48,76.43
2024-01-31,Desk Lamp,Furniture,West,6,298.83,1792.98,1004.22
2024-01-31,Coffee Mug,Home & Kitchen,South,8,14.41,115.28,73.66
2024-01-31,Ballpoint Pens (Pack),Stationery,Central,4,12.22,48.88,33.55
2024-01-31,Office Chair,Furniture,Central,3,219.53,658.59,422.6
2024-01-31,Ballpoint Pens (Pack),Stationery,East,2,7.32,14.64,9.17
2024-01-31,Office Chair,Furniture,East,3,288.83,866.49,516.3
2024-01-31,Notebook Set,Stationery,Central,7,6.67,46.69,28.36
2024-01-31,Water Bottle,Home & Kitchen,North,2,22.23,44.46,22.62
2024-01-31,Water Bottle,Home & Kitchen,West,6,13.69,82.14,49.46
2024-01-31,Sticky Notes,Stationery,Central,4,12.04,48.16,28.9
2024-01-31,Desk Lamp,Furniture,North,8,180.63,1445.04,994.38
2024-01-31,USB-C Hub,Electronics,East,5,51.02,255.1,132.53
2024-01-31,Ballpoint Pens (Pack),Stationery,East,2,3.5,7.0,4.41
2024-01-31,Water Bottle,Home & Kitchen,South,4,17.38,69.52,41.18
2024-01-31,Notebook Set,Stationery,South,3,2.38,7.14,3.85
2024-01-31,Coffee Mug,Home & Kitchen,West,7,23.48,164.36,108.35
2024-02-01,Coffee Mug,Home & Kitchen,North,3,22.76,68.28,40.82
2024-02-01,Water Bottle,Home & Kitchen,East,7,26.6,186.2,116.09
2024-02-01,Water Bottle,Home & Kitchen,East,2,10.57,21.14,12.15
2024-02-01,USB-C Hub,Electronics,Central,7,58.92,412.44,258.64
2024-02-01,Water Bottle,Home & Kitchen,South,3,17.92,53.76,27.46
2024-02-01,Desk Lamp,Furniture,North,8,296.41,2371.28,1420.38
2024-02-01,Water Bottle,Home & Kitchen,West,7,20.44,143.08,94.31
2024-02-01,Office Chair,Furniture,East,1,215.91,215.91,140.02
2024-02-01,Ballpoint Pens (Pack),Stationery,Central,2,9.06,18.12,11.02
2024-02-01,Wireless Mouse,Electronics,West,4,118.93,475.72,266.19
2024-02-02,Wireless Mouse,Electronics,West,5,51.6,258.0,169.02
2024-02-02,Office Chair,Furniture,South,6,236.98,1421.88,934.13
2024-02-02,Office Chair,Furniture,North,6,233.09,1398.54,781.12
2024-02-02,Coffee Mug,Home & Kitchen,East,2,9.3,18.6,10.33
2024-02-02,Water Bottle,Home & Kitchen,South,3,24.75,74.25,47.17
2024-02-02,Ballpoint Pens (Pack),Stationery,South,5,2.98,14.9,9.74
2024-02-02,Notebook Set,Stationery,Central,5,7.91,39.55,24.38
2024-02-02,Mechanical Keyboard,Electronics,West,6,104.26,625.56,415.98
2024-02-02,Ballpoint Pens (Pack),Stationery,East,6,9.51,57.06,34.07
2024-02-02,Desk Lamp,Furniture,North,1,287.33,287.33,192.95
2024-02-03,Ballpoint Pens (Pack),Stationery,West,1,14.94,14.94,10.11
2024-02-03,Standing Desk,Furniture,South,5,164.53,822.65,518.09
2024-02-03,Wireless Mouse,Electronics,West,5,91.23,456.15,236.76
2024-02-03,Office Chair,Furniture,West,2,125.6,251.2,160.55
2024-02-03,Mechanical Keyboard,Electronics,West,3,65.16,195.48,101.77
2024-02-03,Desk Lamp,Furniture,East,3,295.88,887.64,564.03
2024-02-03,Mechanical Keyboard,Electronics,Central,1,79.08,79.08,51.37
2024-02-03,Notebook Set,Stationery,Central,8,3.31,26.48,16.36
2024-02-03,Notebook Set,Stationery,East,7,5.6,39.2,23.94
2024-02-03,Coffee Mug,Home & Kitchen,Central,5,22.48,112.4,62.98
2024-02-04,Sticky Notes,Stationery,Central,4,2.71,10.84,7.49
2024-02-04,Ballpoint Pens (Pack),Stationery,West,2,2.92,5.84,2.93
2024-02-04,Desk Lamp,Furniture,East,3,303.3,909.9,486.39
2024-02-04,Ballpoint Pens (Pack),Stationery,North,1,4.8,4.8,3.31
2024-02-04,Notebook Set,Stationery,Central,5,7.4,37.0,19.11
2024-02-04,Sticky Notes,Stationery,Central,3,8.65,25.95,17.17
2024-02-04,Sticky Notes,Stationery,East,7,10.45,73.15,41.11
2024-02-04,Notebook Set,Stationery,South,1,3.51,3.51,1.79
2024-02-04,Water Bottle,Home & Kitchen,South,2,18.92,37.84,21.54
2024-02-04,Sticky Notes,Stationery,East,3,13.35,40.05,20.97
2024-02-04,Wireless Mouse,Electronics,East,7,43.56,304.92,157.16
2024-02-04,Ballpoint Pens (Pack),Stationery,Central,6,4.17,25.02,16.38
2024-02-05,Coffee Mug,Home & Kitchen,North,4,8.27,33.08,16.84
2024-02-05,Desk Lamp,Furniture,West,3,338.5,1015.5,652.77
2024-02-05,Water Bottle,Home & Kitchen,West,4,13.97,55.88,28.81
2024-02-05,Desk Lamp,Furniture,North,1,293.26,293.26,150.67
2024-02-05,Ballpoint Pens (Pack),Stationery,East,5,2.1,10.5,6.43
2024-02-05,Standing Desk,Furniture,Central,4,231.59,926.36,499.39
2024-02-05,Sticky Notes,Stationery,South,3,5.03,15.09,10.08
2024-02-06,Wireless Mouse,Electronics,East,1,94.69,94.69,51.23
2024-02-06,Office Chair,Furniture,West,8,342.04,2736.32,1392.19
2024-02-06,Office Chair,Furniture,Central,7,168.02,1176.14,610.55
2024-02-06,USB-C Hub,Electronics,West,2,77.15,154.3,86.15
2024-02-06,Desk Lamp,Furniture,West,6,138.87,833.22,546.58
2024-02-06,Coffee Mug,Home & Kitchen,North,3,10.66,31.98,18.28
2024-02-06,Office Chair,Furniture,West,5,307.22,1536.1,861.51
2024-02-06,Coffee Mug,Home & Kitchen,North,4,13.46,53.84,30.75
2024-02-06,Sticky Notes,Stationery,North,5,2.4,12.0,7.09
2024-02-06,Sticky Notes,Stationery,South,2,3.82,7.64,5.09
2024-02-06,Office Chair,Furniture,South,4,167.95,671.8,414.14
2024-02-06,Standing Desk,Furniture,North,1,117.35,117.35,60.83
2024-02-06,Desk Lamp,Furniture,North,1,74.68,74.68,48.16
2024-02-06,Ballpoint Pens (Pack),Stationery,North,7,4.79,33.53,18.64
2024-02-06,USB-C Hub,Electronics,North,4,82.96,331.84,171.74
2024-02-07,Notebook Set,Stationery,South,7,8.84,61.88,40.87
2024-02-07,Wireless Mouse,Electronics,West,6,65.37,392.22,221.34
2024-02-07,Standing Desk,Furniture,South,1,123.52,123.52,63.21
2024-02-07,Ballpoint Pens (Pack),Stationery,Central,6,14.66,87.96,55.54
2024-02-07,Standing Desk,Furniture,Central,1,334.86,334.86,193.44
2024-02-07,USB-C Hub,Electronics,South,4,77.21,308.84,156.16
2024-02-07,Desk Lamp,Furniture,Central,3,114.59,343.77,205.73
2024-02-07,Standing Desk,Furniture,South,8,76.29,610.32,363.51
2024-02-07,Desk Lamp,Furniture,Central,4,158.82,635.28,427.95
2024-02-07,Wireless Mouse,Electronics,North,3,76.59,229.77,154.44
2024-02-07,Mechanical Keyboard,Electronics,East,7,76.53,535.71,346.32
2024-02-07,Notebook Set,Stationery,West,6,11.02,66.12,43.47
2024-02-07,Office Chair,Furniture,Central,3,272.86,818.58,409.58
2024-02-07,Coffee Mug,Home & Kitchen,West,1,21.45,21.45,13.47
2024-02-07,Mechanical Keyboard,Electronics,West,3,49.77,149.31,93.65
2024-02-08,Mechanical Keyboard,Electronics,East,8,16.2,129.6,85.2
2024-02-08,Wireless Mouse,Electronics,North,7,61.01,427.07,288.85
2024-02-08,Desk Lamp,Furniture,Central,7,199.05,1393.35,888.17
2024-02-08,USB-C Hub,Electronics,West,2,98.92,197.84,103.06
2024-02-08,Desk Lamp,Furniture,South,7,81.75,572.25,324.8
2024-02-08,Coffee Mug,Home & Kitchen,West,1,17.55,17.55,8.96
2024-02-08,Desk Lamp,Furniture,South,4,220.69,882.76,558.01
2024-02-08,Standing Desk,Furniture,South,2,225.81,451.62,258.4
2024-02-08,Notebook Set,Stationery,North,5,8.24,41.2,22.31
2024-02-08,Water Bottle,Home & Kitchen,East,2,18.36,36.72,24.93
2024-02-08,Standing Desk,Furniture,North,7,316.79,2217.53,1225.54
2024-02-08,Ballpoint Pens (Pack),Stationery,East,4,3.96,15.84,8.23
2024-02-09,Water Bottle,Home & Kitchen,East,7,26.5,185.5,123.11
2024-02-09,Notebook Set,Stationery,Central,8,5.89,47.12,31.61
2024-02-09,Wireless Mouse,Electronics,Central,3,27.63,82.89,57.56
2024-02-09,Office Chair,Furniture,South,1,346.6,346.6,216.78
2024-02-09,Coffee Mug,Home & Kitchen,East,6,16.54,99.24,57.51
2024-02-09,Desk Lamp,Furniture,East,8,63.59,508.72,333.89
2024-02-09,Mechanical Keyboard,Electronics,West,3,30.56,91.68,62.8
2024-02-09,Coffee Mug,Home & Kitchen,North,5,13.81,69.05,43.57
2024-02-09,Coffee Mug,Home & Kitchen,Central,8,21.39,171.12,109.3
2024-02-09,Wireless Mouse,Electronics,West,6,87.5,525.0,301.61
2024-02-10,Desk Lamp,Furniture,East,5,202.57,1012.85,682.44
2024-02-10,USB-C Hub,Electronics,East,8,96.27,770.16,398.83
2024-02-10,Ballpoint Pens (Pack),Stationery,South,7,13.27,92.89,56.02
2024-02-10,USB-C Hub,Electronics,North,5,89.5,447.5,274.65
2024-02-10,USB-C Hub,Electronics,South,4,102.88,411.52,263.75
2024-02-10,Standing Desk,Furniture,East,8,244.27,1954.16,1122.65
2024-02-10,Coffee Mug,Home & Kitchen,West,3,15.57,46.71,31.18
2024-02-10,Standing Desk,Furniture,North,5,74.4,372.0,201.95
2024-02-10,Office Chair,Furniture,South,4,178.76,715.04,467.29
2024-02-10,Wireless Mouse,Electronics,West,3,82.97,248.91,164.53
2024-02-10,Standing Desk,Furniture,East,7,306.96,2148.72,1204.21
2024-02-10,Sticky Notes,Stationery,Central,7,14.99,104.93,70.08
2024-02-11,Sticky Notes,Stationery,Central,5,2.83,14.15,8.89
2024-02-11,Standing Desk,Furniture,East,5,210.02,1050.1,705.1
2024-02-11,Coffee Mug,Home & Kitchen,West,6,29.94,179.64,99.14
2024-02-11,Notebook Set,Stationery,West,7,14.93,104.51,59.43
2024-02-11,Office Chair,Furniture,Central,8,254.84,2038.72,1362.13
2024-02-11,Sticky Notes,Stationery,South,5,5.36,26.8,17.49
2024-02-11,USB-C Hub,Electronics,East,2,38.34,76.68,51.94
2024-02-12,Desk Lamp,Furniture,East,5,94.16,470.8,290.04
2024-02-12,Coffee Mug,Home & Kitchen,North,8,16.4,131.2,73.43
2024-02-12,Wireless Mouse,Electronics,South,3,119.2,357.6,249.37
2024-02-12,USB-C Hub,Electronics,East,3,96.79,290.37,182.03
2024-02-12,Wireless Mouse,Electronics,West,5,36.99,184.95,121.52
2024-02-12,Mechanical Keyboard,Electronics,South,7,81.52,570.64,289.63
2024-02-12,Office Chair,Furniture,East,1,279.49,279.49,139.98
2024-02-12,Office Chair,Furniture,South,6,89.79,538.74,276.4
2024-02-12,Wireless Mouse,Electronics,East,5,62.87,314.35,200.35
2024-02-13,USB-C Hub,Electronics,East,8,52.72,421.76,244.91
2024-02-13,Office Chair,Furniture,South,3,66.35,199.05,127.83
2024-02-13,Wireless Mouse,Electronics,West,5,95.98,479.9,250.33
2024-02-13,Wireless Mouse,Electronics,North,2,58.76,117.52,62.36
2024-02-13,Water Bottle,Home & Kitchen,North,5,21.7,108.5,69.46
2024-02-13,Notebook Set,Stationery,North,2,8.47,16.94,11.11
2024-02-13,Sticky Notes,Stationery,South,6,2.51,15.06,8.16
2024-02-13,Ballpoint Pens (Pack),Stationery,East,4,13.79,55.16,34.96
2024-02-13,USB-C Hub,Electronics,North,2,90.97,181.94,126.95
2024-02-13,Standing Desk,Furniture,East,8,295.82,2366.56,1353.77
2024-02-14,Water Bottle,Home & Kitchen,East,7,9.01,63.07,42.28
2024-02-14,Water Bottle,Home & Kitchen,South,6,27.33,163.98,85.04
2024-02-14,Desk Lamp,Furniture,South,2,339.07,678.14,454.44
2024-02-14,Notebook Set,Stationery,South,2,14.76,29.52,15.37
2024-02-14,Coffee Mug,Home & Kitchen,West,8,8.63,69.04,43.97
2024-02-14,USB-C Hub,Electronics,West,8,26.86,214.88,120.94
2024-02-14,Water Bottle,Home & Kitchen,Central,4,19.51,78.04,49.95
2024-02-14,Mechanical Keyboard,Electronics,West,4,65.6,262.4,174.57
2024-02-14,Coffee Mug,Home & Kitchen,North,1,26.74,26.74,18.02
2024-02-14,Mechanical Keyboard,Electronics,West,6,40.29,241.74,151.97
2024-02-14,Notebook Set,Stationery,South,2,7.83,15.66,9.23
2024-02-14,Mechanical Keyboard,Electronics,West,1,25.78,25.78,13.36
2024-02-14,Coffee Mug,Home & Kitchen,Central,5,18.04,90.2,51.25
2024-02-14,Wireless Mouse,Electronics,South,8,49.86,398.88,228.42
2024-02-14,Ballpoint Pens (Pack),Stationery,North,2,6.44,12.88,8.92
2024-02-14,Standing Desk,Furniture,Central,6,73.28,439.68,282.88
2024-02-14,Notebook Set,Stationery,North,5,14.09,70.45,41.66
2024-02-14,Office Chair,Furniture,East,2,73.49,146.98,77.11
2024-02-15,Ballpoint Pens (Pack),Stationery,West,3,11.57,34.71,20.36
2024-02-15,Coffee Mug,Home & Kitchen,West,3,10.28,30.84,19.48
2024-02-15,Coffee Mug,Home & Kitchen,East,7,13.46,94.22,54.61
2024-02-15,Desk Lamp,Furniture,East,8,100.07,800.56,482.3
2024-02-15,Sticky Notes,Stationery,East,4,5.78,23.12,14.67
2024-02-15,Water Bottle,Home & Kitchen,South,6,20.82,124.92,86.01
2024-02-15,Notebook Set,Stationery,Central,5,2.17,10.85,6.25
2024-02-15,Wireless Mouse,Electronics,North,4,43.03,172.12,91.1
2024-02-15,Wireless Mouse,Electronics,East,4,94.13,376.52,253.63
2024-02-15,Sticky Notes,Stationery,South,7,12.38,86.66,54.85
2024-02-15,Notebook Set,Stationery,West,7,6.06,42.42,21.32
2024-02-15,Standing Desk,Furniture,South,8,324.33,2594.64,1689.17
2024-02-15,Sticky Notes,Stationery,Central,4,5.82,23.28,14.82
2024-02-16,USB-C Hub,Electronics,South,2,54.61,109.22,67.37
2024-02-16,Standing Desk,Furniture,North,6,331.87,1991.22,1233.31
2024-02-16,Water Bottle,Home & Kitchen,Central,5,25.25,126.25,71.15
2024-02-16,Office Chair,Furniture,South,2,106.22,212.44,121.07
2024-02-16,Office Chair,Furniture,East,6,123.35,740.1,517.57
2024-02-16,Water Bottle,Home & Kitchen,North,2,21.5,43.0,26.84
2024-02-16,Wireless Mouse,Electronics,East,7,111.17,778.19,433.11
2024-02-16,Sticky Notes,Stationery,East,8,10.47,83.76,43.26
2024-02-16,Mechanical Keyboard,Electronics,South,1,80.83,80.83,51.5
2024-02-16,Mechanical Keyboard,Electronics,South,7,82.89,580.23,343.41
2024-02-16,Desk Lamp,Furniture,North,2,111.62,223.24,148.3
2024-02-16,Standing Desk,Furniture,West,7,177.29,1241.03,649.88
2024-02-16,Wireless Mouse,Electronics,Central,2,94.38,188.76,129.42
2024-02-16,Mechanical Keyboard,Electronics,East,5,78.69,393.45,261.42
2024-02-16,Wireless Mouse,Electronics,West,3,71.01,213.03,129.77
2024-02-17,Water Bottle,Home & Kitchen,South,5,24.05,120.25,69.1
2024-02-17,Wireless Mouse,Electronics,Central,3,27.94,83.82,57.79
2024-02-17,Standing Desk,Furniture,South,6,322.63,1935.78,1039.12
2024-02-17,Coffee Mug,Home & Kitchen,East,4,9.2,36.8,23.93
2024-02-17,Sticky Notes,Stationery,West,2,3.28,6.56,3.92
2024-02-17,Desk Lamp,Furniture,East,3,128.01,384.03,206.88
2024-02-17,Ballpoint Pens (Pack),Stationery,West,6,9.59,57.54,32.96
2024-02-17,Desk Lamp,Furniture,West,3,131.39,394.17,231.47
2024-02-17,Desk Lamp,Furniture,South,6,194.23,1165.38,711.27
2024-02-17,USB-C Hub,Electronics,Central,2,103.39,206.78,114.28
2024-02-17,Water Bottle,Home & Kitchen,North,2,25.88,51.76,31.87
2024-02-17,Coffee Mug,Home & Kitchen,South,1,18.39,18.39,12.05
2024-02-18,Desk Lamp,Furniture,West,4,230.98,923.92,554.56
2024-02-18,Mechanical Keyboard,Electronics,West,6,67.73,406.38,253.1
2024-02-18,USB-C Hub,Electronics,Central,3,61.85,185.55,128.69
2024-02-18,Ballpoint Pens (Pack),Stationery,East,1,2.82,2.82,1.43
2024-02-18,Office Chair,Furniture,Central,6,326.19,1957.14,1232.42
2024-02-18,Mechanical Keyboard,Electronics,Central,5,102.66,513.3,323.76
2024-02-18,Desk Lamp,Furniture,Central,2,169.14,338.28,193.02
2024-02-19,Desk Lamp,Furniture,West,8,61.91,495.28,270.42
2024-02-19,Sticky Notes,Stationery,East,4,9.83,39.32,24.86
2024-02-19,Notebook Set,Stationery,East,2,4.74,9.48,6.32
2024-02-19,Wireless Mouse,Electronics,South,1,28.43,28.43,19.28
2024-02-19,USB-C Hub,Electronics,North,3,42.12,126.36,77.42
2024-02-19,Wireless Mouse,Electronics,East,2,37.74,75.48,41.05
2024-02-19,Notebook Set,Stationery,Central,3,4.36,13.08,7.23
2024-02-19,Water Bottle,Home & Kitchen,East,8,10.91,87.28,43.93
2024-02-19,Sticky Notes,Stationery,Central,7,4.31,30.17,18.7
2024-02-20,Sticky Notes,Stationery,Central,2,13.73,27.46,13.74
2024-02-20,Water Bottle,Home & Kitchen,West,7,13.05,91.35,60.33
2024-02-20,Notebook Set,Stationery,East,2,11.96,23.92,12.36
2024-02-20,Coffee Mug,Home & Kitchen,Central,7,8.16,57.12,34.53
2024-02-20,Sticky Notes,Stationery,North,7,6.11,42.77,22.71
2024-02-20,Water Bottle,Home & Kitchen,Central,5,21.46,107.3,74.93
2024-02-20,Notebook Set,Stationery,South,7,4.32,30.24,18.05
2024-02-20,Standing Desk,Furniture,Central,6,175.46,1052.76,551.45
2024-02-20,Office Chair,Furniture,West,3,207.42,622.26,387.55
2024-02-20,Water Bottle,Home & Kitchen,North,3,26.11,78.33,46.55
2024-02-20,Coffee Mug,Home & Kitchen,West,2,8.83,17.66,10.19
2024-02-21,Notebook Set,Stationery,Central,5,14.29,71.45,44.87
2024-02-21,Ballpoint Pens (Pack),Stationery,North,4,8.74,34.96,22.96
2024-02-21,Sticky Notes,Stationery,Central,4,6.68,26.72,18.57
2024-02-21,Mechanical Keyboard,Electronics,East,7,52.08,364.56,236.01
2024-02-21,Mechanical Keyboard,Electronics,North,5,91.24,456.2,302.51
2024-02-21,Office Chair,Furniture,Central,4,177.15,708.6,426.04
2024-02-21,Sticky Notes,Stationery,North,5,8.67,43.35,26.34
2024-02-22,Coffee Mug,Home & Kitchen,East,8,24.66,197.28,136.57
2024-02-22,Ballpoint Pens (Pack),Stationery,West,1,6.97,6.97,3.79
2024-02-22,Office Chair,Furniture,East,7,209.79,1468.53,807.18
2024-02-22,Mechanical Keyboard,Electronics,West,6,22.98,137.88,93.6
2024-02-22,Standing Desk,Furniture,South,4,117.9,471.6,255.3
2024-02-22,Office Chair,Furniture,South,6,90.94,545.64,345.22
2024-02-22,Coffee Mug,Home & Kitchen,North,1,27.76,27.76,18.77
2024-02-22,Coffee Mug,Home & Kitchen,East,8,16.75,134.0,87.1
2024-02-22,USB-C Hub,Electronics,North,7,65.22,456.54,290.94
2024-02-22,USB-C Hub,Electronics,West,2,88.32,176.64,95.77
2024-02-22,Coffee Mug,Home & Kitchen,North,6,13.78,82.68,45.79
2024-02-22,Coffee Mug,Home & Kitchen,East,6,24.55,147.3,84.41
2024-02-22,Notebook Set,Stationery,East,8,9.49,75.92,39.48
2024-02-22,Standing Desk,Furniture,South,7,116.86,818.02,486.39
2024-02-22,Wireless Mouse,Electronics,South,7,67.46,472.22,304.16
2024-02-22,Ballpoint Pens (Pack),Stationery,East,5,7.18,35.9,18.38
2024-02-22,Standing Desk,Furniture,West,2,157.05,314.1,215.59
2024-02-22,Standing Desk,Furniture,East,1,161.82,161.82,99.58
2024-02-22,Water Bottle,Home & Kitchen,Central,3,19.23,57.69,37.78
2024-02-23,Ballpoint Pens (Pack),Stationery,North,7,14.44,101.08,63.49
2024-02-23,Desk Lamp,Furniture,West,7,80.69,564.83,318.21
2024-02-23,Standing Desk,Furniture,East,7,189.02,1323.14,816.89
2024-02-23,Ballpoint Pens (Pack),Stationery,West,3,11.46,34.38,23.66
2024-02-23,Mechanical Keyboard,Electronics,South,3,56.69,170.07,86.87
2024-02-23,Notebook Set,Stationery,Central,2,3.1,6.2,3.58
2024-02-23,Office Chair,Furniture,South,5,96.66,483.3,245.05
2024-02-23,Desk Lamp,Furniture,East,8,312.56,2500.48,1317.81
2024-02-23,Sticky Notes,Stationery,South,8,9.33,74.64,46.87
2024-02-23,Standing Desk,Furniture,East,8,293.37,2346.96,1295.43
2024-02-23,Standing Desk,Furniture,North,1,279.91,279.91,169.91
2024-02-23,Ballpoint Pens (Pack),Stationery,West,5,5.81,29.05,14.57
2024-02-24,Desk Lamp,Furniture,South,7,186.76,1307.32,822.56
2024-02-24,Notebook Set,Stationery,South,5,8.72,43.6,27.15
2024-02-24,Water Bottle,Home & Kitchen,East,5,12.14,60.7,31.18
2024-02-24,USB-C Hub,Electronics,East,2,81.87,163.74,88.02
2024-02-24,Wireless Mouse,Electronics,South,1,116.82,116.82,61.33
2024-02-24,Ballpoint Pens (Pack),Stationery,North,4,4.82,19.28,12.67
2024-02-24,Ballpoint Pens (Pack),Stationery,East,8,3.04,24.32,12.87
2024-02-24,Standing Desk,Furniture,West,2,112.67,225.34,129.87
2024-02-24,Wireless Mouse,Electronics,North,4,55.4,221.6,119.63
2024-02-24,Mechanical Keyboard,Electronics,Central,4,64.65,258.6,161.84
2024-02-24,Wireless Mouse,Electronics,Central,2,41.6,83.2,55.97
2024-02-24,Office Chair,Furniture,North,4,154.11,616.44,322.97
2024-02-24,Office Chair,Furniture,North,1,260.32,260.32,170.29
2024-02-24,Office Chair,Furniture,South,8,239.41,1915.28,1197.1
2024-02-24,Wireless Mouse,Electronics,East,3,88.64,265.92,185.17
2024-02-25,Water Bottle,Home & Kitchen,East,8,23.94,191.52,105.36
2024-02-25,Wireless Mouse,Electronics,West,8,73.7,589.6,358.9
2024-02-25,Desk Lamp,Furniture,West,5,233.62,1168.1,708.13
2024-02-25,Ballpoint Pens (Pack),Stationery,East,5,12.09,60.45,39.09
2024-02-25,Wireless Mouse,Electronics,Central,6,96.48,578.88,351.84
2024-02-25,Notebook Set,Stationery,South,8,5.68,45.44,25.65
2024-02-25,Mechanical Keyboard,Electronics,Central,2,19.6,39.2,20.44
2024-02-25,Office Chair,Furniture,North,1,302.53,302.53,193.7
2024-02-26,Standing Desk,Furniture,North,6,268.18,1609.08,1015.57
2024-02-26,Mechanical Keyboard,Electronics,West,1,52.9,52.9,34.85
2024-02-26,Wireless Mouse,Electronics,Central,5,70.55,352.75,191.61
2024-02-26,Sticky Notes,Stationery,North,2,4.46,8.92,4.9
2024-02-26,Water Bottle,Home & Kitchen,South,7,22.84,159.88,102.4
2024-02-26,Notebook Set,Stationery,North,3,8.56,25.68,15.58
2024-02-26,Coffee Mug,Home & Kitchen,West,6,26.59,159.54,92.93
2024-02-26,Water Bottle,Home & Kitchen,West,6,24.85,149.1,102.17
2024-02-26,Standing Desk,Furniture,East,8,175.16,1401.28,867.61
2024-02-26,Sticky Notes,Stationery,South,5,4.79,23.95,15.67
2024-02-27,Standing Desk,Furniture,Central,3,193.51,580.53,393.56
2024-02-27,Office Chair,Furniture,South,5,86.65,433.25,280.25
2024-02-27,Desk Lamp,Furniture,West,3,320.72,962.16,499.43
2024-02-27,Water Bottle,Home & Kitchen,East,1,9.23,9.23,6.04
2024-02-27,Desk Lamp,Furniture,West,7,94.96,664.72,445.29
2024-02-27,Wireless Mouse,Electronics,West,1,47.0,47.0,28.22
2024-02-27,Office Chair,Furniture,South,1,349.24,349.24,214.8
2024-02-27,Mechanical Keyboard,Electronics,South,7,45.43,318.01,195.35
2024-02-27,Wireless Mouse,Electronics,Central,7,42.57,297.99,194.41
2024-02-27,Ballpoint Pens (Pack),Stationery,Central,4,4.55,18.2,11.78
2024-02-27,Office Chair,Furniture,South,2,184.72,369.44,193.03
2024-02-27,Notebook Set,Stationery,West,6,9.72,58.32,32.72
2024-02-27,Desk Lamp,Furniture,Central,8,187.73,1501.84,956.78
2024-02-28,USB-C Hub,Electronics,North,2,92.66,185.32,123.51
2024-02-28,Standing Desk,Furniture,North,6,92.27,553.62,299.95
2024-02-28,Sticky Notes,Stationery,South,4,9.13,36.52,25.51
2024-02-28,Water Bottle,Home & Kitchen,North,7,11.75,82.25,45.8
2024-02-29,Coffee Mug,Home & Kitchen,East,1,22.53,22.53,14.25
2024-02-29,Water Bottle,Home & Kitchen,East,2,13.09,26.18,15.08
2024-02-29,Mechanical Keyboard,Electronics,East,8,106.01,848.08,501.72
2024-02-29,Wireless Mouse,Electronics,North,4,111.84,447.36,225.32
2024-02-29,Water Bottle,Home & Kitchen,East,6,19.03,114.18,75.63
2024-02-29,Water Bottle,Home & Kitchen,East,7,20.21,141.47,78.66
2024-02-29,USB-C Hub,Electronics,East,7,83.98,587.86,365.94
2024-02-29,Water Bottle,Home & Kitchen,South,7,28.01,196.07,110.95
2024-02-29,Sticky Notes,Stationery,South,4,10.89,43.56,22.98
2024-02-29,Sticky Notes,Stationery,South,7,3.89,27.23,18.61
2024-02-29,Desk Lamp,Furniture,North,2,303.46,606.92,342.14
2024-02-29,Notebook Set,Stationery,West,5,13.62,68.1,37.78
2024-02-29,Office Chair,Furniture,North,3,281.11,843.33,517.31
2024-02-29,Office Chair,Furniture,Central,4,67.56,270.24,142.37
2024-02-29,Coffee Mug,Home & Kitchen,West,6,11.6,69.6,37.95
2024-02-29,Notebook Set,Stationery,North,5,10.73,53.65,29.02
2024-02-29,USB-C Hub,Electronics,West,8,87.23,697.84,457.25
2024-02-29,Coffee Mug,Home & Kitchen,West,6,19.8,118.8,74.64
2024-03-01,Wireless Mouse,Electronics,Central,2,62.42,124.84,75.37
2024-03-01,Notebook Set,Stationery,North,7,2.64,18.48,10.71
2024-03-01,Standing Desk,Furniture,East,8,145.38,1163.04,791.72
2024-03-01,Ballpoint Pens (Pack),Stationery,West,2,12.12,24.24,15.49
2024-03-01,USB-C Hub,Electronics,West,7,48.96,342.72,232.76
2024-03-01,Ballpoint Pens (Pack),Stationery,North,5,11.25,56.25,36.37
2024-03-01,Mechanical Keyboard,Electronics,North,8,81.58,652.64,453.61
2024-03-01,Coffee Mug,Home & Kitchen,South,7,15.37,107.59,72.54
2024-03-02,USB-C Hub,Electronics,South,3,33.78,101.34,66.25
2024-03-02,Ballpoint Pens (Pack),Stationery,East,3,4.64,13.92,7.66
2024-03-02,Ballpoint Pens (Pack),Stationery,West,8,13.48,107.84,66.62
2024-03-02,Ballpoint Pens (Pack),Stationery,West,7,2.09,14.63,8.13
2024-03-02,Water Bottle,Home & Kitchen,Central,4,8.81,35.24,23.64
2024-03-02,Water Bottle,Home & Kitchen,Central,5,29.86,149.3,79.47
2024-03-02,Standing Desk,Furniture,Central,3,277.31,831.93,543.83
2024-03-02,Desk Lamp,Furniture,East,7,279.95,1959.65,1164.35
2024-03-02,Mechanical Keyboard,Electronics,East,6,70.34,422.04,220.25
2024-03-02,Water Bottle,Home & Kitchen,Central,2,29.7,59.4,33.11
2024-03-03,Coffee Mug,Home & Kitchen,East,5,10.85,54.25,33.23
2024-03-03,Sticky Notes,Stationery,West,8,5.03,40.24,21.68
2024-03-03,Mechanical Keyboard,Electronics,North,8,80.67,645.36,451.62
2024-03-03,Notebook Set,Stationery,North,6,4.76,28.56,18.22
2024-03-03,Standing Desk,Furniture,North,5,219.5,1097.5,621.91
2024-03-03,Notebook Set,Stationery,Central,1,12.84,12.84,7.65
2024-03-04,Ballpoint Pens (Pack),Stationery,North,3,13.6,40.8,23.13
2024-03-04,Notebook Set,Stationery,North,5,9.22,46.1,28.37
2024-03-04,Desk Lamp,Furniture,East,2,141.33,282.66,176.75
2024-03-04,USB-C Hub,Electronics,Central,7,34.67,242.69,162.98
2024-03-04,Wireless Mouse,Electronics,East,7,24.11,168.77,94.6
2024-03-04,Sticky Notes,Stationery,East,3,12.11,36.33,21.39
2024-03-04,Wireless Mouse,Electronics,West,3,34.97,104.91,68.73
2024-03-04,USB-C Hub,Electronics,North,3,36.54,109.62,57.35
2024-03-04,Standing Desk,Furniture,North,2,317.86,635.72,412.65
2024-03-04,Wireless Mouse,Electronics,Central,5,82.08,410.4,248.89
2024-03-04,Ballpoint Pens (Pack),Stationery,North,5,2.2,11.0,6.63
2024-03-05,Office Chair,Furniture,Central,6,138.61,831.66,511.32
2024-03-05,USB-C Hub,Electronics,North,5,79.39,396.95,235.85
2024-03-05,Water Bottle,Home & Kitchen,North,2,23.5,47.0,31.88
2024-03-05,Water Bottle,Home & Kitchen,West,6,22.76,136.56,82.85
2024-03-05,Ballpoint Pens (Pack),Stationery,Central,3,11.08,33.24,18.68
2024-03-05,Water Bottle,Home & Kitchen,West,8,21.57,172.56,117.78
2024-03-05,Notebook Set,Stationery,South,6,7.89,47.34,28.17
2024-03-05,Desk Lamp,Furniture,West,8,141.85,1134.8,682.68
2024-03-05,Notebook Set,Stationery,North,6,5.93,35.58,21.99
2024-03-05,Office Chair,Furniture,Central,4,342.43,1369.72,907.83
2024-03-05,Coffee Mug,Home & Kitchen,West,7,11.81,82.67,52.41
2024-03-05,Coffee Mug,Home & Kitchen,West,2,26.08,52.16,27.92
2024-03-05,Notebook Set,Stationery,North,2,12.66,25.32,15.93
2024-03-06,Wireless Mouse,Electronics,North,4,100.79,403.16,201.59
2024-03-06,USB-C Hub,Electronics,South,8,70.78,566.24,360.3
2024-03-06,Desk Lamp,Furniture,East,5,331.64,1658.2,1157.52
2024-03-06,Coffee Mug,Home & Kitchen,North,7,27.82,194.74,135.07
2024-03-06,Wireless Mouse,Electronics,Central,6,26.52,159.12,98.34
2024-03-06,Water Bottle,Home & Kitchen,East,7,11.82,82.74,43.67
2024-03-06,Sticky Notes,Stationery,West,6,14.97,89.82,47.32
2024-03-06,Mechanical Keyboard,Electronics,North,3,90.74,272.22,140.72
2024-03-06,Water Bottle,Home & Kitchen,West,8,21.71,173.68,102.62
2024-03-06,Notebook Set,Stationery,Central,8,7.52,60.16,36.07
2024-03-07,Office Chair,Furniture,Central,5,218.39,1091.95,670.05
2024-03-07,Desk Lamp,Furniture,North,8,83.22,665.76,447.3
2024-03-07,Standing Desk,Furniture,West,2,236.92,473.84,299.82
2024-03-07,Water Bottle,Home & Kitchen,North,5,8.24,41.2,24.34
2024-03-07,Ballpoint Pens (Pack),Stationery,Central,6,12.38,74.28,37.66
2024-03-07,Coffee Mug,Home & Kitchen,East,5,9.14,45.7,31.9
2024-03-07,Coffee Mug,Home & Kitchen,North,5,25.24,126.2,69.46
2024-03-07,Coffee Mug,Home & Kitchen,East,5,11.84,59.2,36.61
2024-03-07,USB-C Hub,Electronics,West,6,99.82,598.92,395.21
2024-03-07,Wireless Mouse,Electronics,East,2,116.57,233.14,151.67
2024-03-07,Notebook Set,Stationery,West,4,4.17,16.68,11.15
2024-03-07,Wireless Mouse,Electronics,East,2,20.51,41.02,28.29
2024-03-07,Sticky Notes,Stationery,South,7,5.41,37.87,22.23
2024-03-07,Standing Desk,Furniture,West,7,338.91,2372.37,1621.62
2024-03-08,Water Bottle,Home & Kitchen,East,7,13.95,97.65,64.49
2024-03-08,Standing Desk,Furniture,Central,7,255.83,1790.81,1171.37
2024-03-08,Sticky Notes,Stationery,East,3,2.11,6.33,3.69
2024-03-08,Sticky Notes,Stationery,North,8,5.27,42.16,26.3
2024-03-08,Wireless Mouse,Electronics,Central,4,114.8,459.2,308.26
2024-03-08,USB-C Hub,Electronics,West,3,109.08,327.24,224.89
2024-03-08,Water Bottle,Home & Kitchen,West,5,24.94,124.7,68.77
2024-03-08,Mechanical Keyboard,Electronics,East,1,55.19,55.19,30.52
2024-03-08,Ballpoint Pens (Pack),Stationery,North,8,7.1,56.8,29.63
2024-03-08,Sticky Notes,Stationery,West,4,7.74,30.96,15.7
2024-03-08,Mechanical Keyboard,Electronics,Central,5,96.61,483.05,241.61
2024-03-08,Wireless Mouse,Electronics,West,5,30.92,154.6,99.18
2024-03-09,Ballpoint Pens (Pack),Stationery,West,7,12.56,87.92,47.93
2024-03-09,Notebook Set,Stationery,West,2,6.67,13.34,7.74
2024-03-09,Water Bottle,Home & Kitchen,North,6,18.11,108.66,70.99
2024-03-09,Water Bottle,Home & Kitchen,South,3,14.58,43.74,25.28
2024-03-09,Mechanical Keyboard,Electronics,East,8,23.91,191.28,103.03
2024-03-09,Coffee Mug,Home & Kitchen,South,8,18.99,151.92,105.28
2024-03-09,Ballpoint Pens (Pack),Stationery,North,1,11.37,11.37,6.17
2024-03-09,Water Bottle,Home & Kitchen,Central,8,24.3,194.4,106.26
2024-03-09,Mechanical Keyboard,Electronics,North,3,66.33,198.99,109.15
2024-03-10,Water Bottle,Home & Kitchen,South,1,25.46,25.46,15.05
2024-03-10,USB-C Hub,Electronics,Central,2,100.87,201.74,109.77
2024-03-10,Office Chair,Furniture,West,6,344.84,2069.04,1438.34
2024-03-10,Coffee Mug,Home & Kitchen,Central,3,9.0,27.0,14.44
2024-03-10,Mechanical Keyboard,Electronics,North,5,29.83,149.15,87.66
2024-03-10,Coffee Mug,Home & Kitchen,North,3,25.11,75.33,37.9
2024-03-10,Ballpoint Pens (Pack),Stationery,North,1,11.19,11.19,6.23
2024-03-10,Ballpoint Pens (Pack),Stationery,South,4,7.86,31.44,16.82
2024-03-10,Wireless Mouse,Electronics,Central,3,90.31,270.93,151.79
2024-03-10,Notebook Set,Stationery,North,4,14.7,58.8,39.55
2024-03-11,Sticky Notes,Stationery,Central,4,4.71,18.84,9.84
2024-03-11,USB-C Hub,Electronics,West,8,33.51,268.08,149.32
2024-03-11,Notebook Set,Stationery,East,6,7.89,47.34,24.17
2024-03-11,Sticky Notes,Stationery,South,3,3.51,10.53,6.78
2024-03-11,Coffee Mug,Home & Kitchen,Central,6,13.06,78.36,40.91
2024-03-11,Office Chair,Furniture,North,4,312.27,1249.08,742.2
2024-03-11,Ballpoint Pens (Pack),Stationery,North,7,7.91,55.37,29.2
2024-03-11,Office Chair,Furniture,East,5,96.89,484.45,255.45
2024-03-11,Ballpoint Pens (Pack),Stationery,West,7,13.52,94.64,62.26
2024-03-11,Water Bottle,Home & Kitchen,Central,3,17.06,51.18,30.93
2024-03-11,Office Chair,Furniture,Central,8,140.96,1127.68,619.47
2024-03-11,Desk Lamp,Furniture,West,4,231.61,926.44,464.16
2024-03-11,Wireless Mouse,Electronics,North,8,92.02,736.16,487.3
2024-03-11,Mechanical Keyboard,Electronics,West,8,40.25,322.0,222.18
2024-03-11,USB-C Hub,Electronics,East,5,40.1,200.5,106.74
2024-03-11,Ballpoint Pens (Pack),Stationery,Central,1,3.8,3.8,2.04
2024-03-11,Desk Lamp,Furniture,West,1,80.5,80.5,40.78
2024-03-11,Notebook Set,Stationery,East,4,13.45,53.8,27.49
2024-03-11,Water Bottle,Home & Kitchen,East,1,16.04,16.04,8.58
2024-03-12,Sticky Notes,Stationery,North,4,9.02,36.08,23.36
2024-03-12,Coffee Mug,Home & Kitchen,South,4,17.3,69.2,35.35
2024-03-12,Desk Lamp,Furniture,East,8,212.74,1701.92,1081.85
2024-03-12,Sticky Notes,Stationery,East,8,14.29,114.32,78.67
2024-03-12,Mechanical Keyboard,Electronics,South,8,24.17,193.36,99.66
2024-03-12,USB-C Hub,Electronics,East,2,88.19,176.38,110.32
2024-03-12,Standing Desk,Furniture,West,3,181.84,545.52,293.39
2024-03-12,Wireless Mouse,Electronics,South,6,58.23,349.38,216.15
2024-03-12,Sticky Notes,Stationery,Central,8,13.68,109.44,72.0
2024-03-12,Office Chair,Furniture,West,6,283.23,1699.38,1004.65
2024-03-13,USB-C Hub,Electronics,Central,3,89.74,269.22,171.92
2024-03-13,Water Bottle,Home & Kitchen,South,3,10.78,32.34,17.85
2024-03-13,USB-C Hub,Electronics,South,1,84.88,84.88,59.0
2024-03-13,Sticky Notes,Stationery,East,2,8.49,16.98,10.05
2024-03-13,Desk Lamp,Furniture,South,1,218.38,218.38,122.1
2024-03-13,Standing Desk,Furniture,Central,3,271.28,813.84,425.2
2024-03-13,Ballpoint Pens (Pack),Stationery,North,3,2.32,6.96,3.79
2024-03-13,Desk Lamp,Furniture,North,6,245.98,1475.88,1014.13
2024-03-13,Standing Desk,Furniture,South,1,306.34,306.34,212.96
2024-03-14,Notebook Set,Stationery,South,8,14.26,114.08,65.28
2024-03-14,USB-C Hub,Electronics,West,6,55.54,333.24,196.32
2024-03-14,Sticky Notes,Stationery,North,4,14.9,59.6,33.24
2024-03-14,Notebook Set,Stationery,West,3,3.87,11.61,8.1
2024-03-14,Sticky Notes,Stationery,East,2,6.89,13.78,8.65
2024-03-14,Standing Desk,Furniture,West,3,265.97,797.91,428.64
2024-03-14,Notebook Set,Stationery,East,8,12.85,102.8,62.9
2024-03-14,Ballpoint Pens (Pack),Stationery,South,1,5.9,5.9,3.7
2024-03-14,Mechanical Keyboard,Electronics,East,7,33.83,236.81,154.62
2024-03-14,Ballpoint Pens (Pack),Stationery,North,6,13.29,79.74,47.46
2024-03-14,Mechanical Keyboard,Electronics,East,1,103.75,103.75,70.1
2024-03-14,USB-C Hub,Electronics,East,3,20.55,61.65,31.43
2024-03-14,Standing Desk,Furniture,Central,2,282.27,564.54,367.25
2024-03-14,Sticky Notes,Stationery,East,6,5.91,35.46,22.61
2024-03-14,Mechanical Keyboard,Electronics,Central,6,101.45,608.7,363.38
2024-03-14,Desk Lamp,Furniture,South,2,205.98,411.96,252.01
2024-03-15,Sticky Notes,Stationery,Central,2,3.52,7.04,3.54
2024-03-15,Desk Lamp,Furniture,East,6,188.16,1128.96,783.52
2024-03-15,USB-C Hub,Electronics,East,1,93.17,93.17,59.41
2024-03-15,Standing Desk,Furniture,South,4,82.8,331.2,170.75
2024-03-15,Ballpoint Pens (Pack),Stationery,West,1,10.58,10.58,6.28
2024-03-15,Standing Desk,Furniture,North,2,62.98,125.96,78.14
2024-03-15,Coffee Mug,Home & Kitchen,South,3,24.42,73.26,40.69
2024-03-15,Coffee Mug,Home & Kitchen,East,6,13.32,79.92,49.07
2024-03-15,Mechanical Keyboard,Electronics,Central,1,70.53,70.53,45.9
2024-03-15,Wireless Mouse,Electronics,North,4,111.65,446.6,239.84
2024-03-15,Water Bottle,Home & Kitchen,North,3,19.31,57.93,33.69
2024-03-15,Desk Lamp,Furniture,North,8,99.41,795.28,486.26
2024-03-16,Wireless Mouse,Electronics,North,6,66.84,401.04,255.63
2024-03-16,Ballpoint Pens (Pack),Stationery,South,7,4.45,31.15,20.81
2024-03-16,Ballpoint Pens (Pack),Stationery,East,3,10.74,32.22,19.48
2024-03-16,Water Bottle,Home & Kitchen,North,2,10.24,20.48,14.03
2024-03-16,USB-C Hub,Electronics,North,6,117.4,704.4,369.49
2024-03-16,Notebook Set,Stationery,West,5,9.72,48.6,32.09
2024-03-16,Notebook Set,Stationery,East,8,14.84,118.72,62.86
2024-03-16,Ballpoint Pens (Pack),Stationery,North,2,10.17,20.34,10.58
2024-03-16,Wireless Mouse,Electronics,North,8,86.2,689.6,365.87
2024-03-16,Coffee Mug,Home & Kitchen,Central,2,18.83,37.66,22.34
2024-03-16,Standing Desk,Furniture,West,8,217.31,1738.48,875.38
2024-03-16,Wireless Mouse,Electronics,West,2,55.28,110.56,56.01
2024-03-17,Sticky Notes,Stationery,East,3,11.3,33.9,17.69
2024-03-17,Water Bottle,Home & Kitchen,West,8,16.61,132.88,79.59
2024-03-17,Notebook Set,Stationery,Central,6,2.8,16.8,8.83
2024-03-17,Desk Lamp,Furniture,East,1,241.29,241.29,168.51
2024-03-17,Notebook Set,Stationery,East,1,10.43,10.43,7.11
2024-03-17,Mechanical Keyboard,Electronics,East,2,50.45,100.9,67.87
2024-03-17,Coffee Mug,Home & Kitchen,Central,7,29.69,207.83,119.62
2024-03-18,Notebook Set,Stationery,East,2,10.78,21.56,12.95
2024-03-18,Water Bottle,Home & Kitchen,East,3,18.93,56.79,38.02
2024-03-18,Mechanical Keyboard,Electronics,Central,4,45.17,180.68,98.5
2024-03-18,Mechanical Keyboard,Electronics,Central,2,77.15,154.3,90.33
2024-03-18,Desk Lamp,Furniture,North,5,146.97,734.85,428.32
2024-03-18,Standing Desk,Furniture,Central,8,218.79,1750.32,1055.87
2024-03-18,USB-C Hub,Electronics,Central,8,37.36,298.88,205.46
2024-03-18,Sticky Notes,Stationery,Central,7,2.78,19.46,11.53
2024-03-18,Office Chair,Furniture,South,5,178.98,894.9,560.91
2024-03-18,Notebook Set,Stationery,East,5,9.82,49.1,25.67
2024-03-18,Office Chair,Furniture,North,4,150.06,600.24,350.78
2024-03-18,Wireless Mouse,Electronics,South,3,43.63,130.89,79.86
2024-03-18,Water Bottle,Home & Kitchen,North,8,14.91,119.28,66.75
2024-03-19,Mechanical Keyboard,Electronics,West,6,85.53,513.18,343.09
2024-03-19,Office Chair,Furniture,North,2,300.4,600.8,330.66
2024-03-19,Mechanical Keyboard,Electronics,South,2,96.19,192.38,127.2
2024-03-19,Office Chair,Furniture,West,4,110.79,443.16,244.12
2024-03-19,Coffee Mug,Home & Kitchen,North,8,20.01,160.08,95.24
2024-03-19,Office Chair,Furniture,East,3,267.54,802.62,556.51
2024-03-19,Coffee Mug,Home & Kitchen,North,1,20.16,20.16,11.33
2024-03-19,Desk Lamp,Furniture,North,4,172.66,690.64,480.41
2024-03-19,Standing Desk,Furniture,East,2,279.43,558.86,297.34
2024-03-19,Ballpoint Pens (Pack),Stationery,East,7,3.04,21.28,12.73
2024-03-19,Notebook Set,Stationery,East,7,12.72,89.04,53.54
2024-03-19,Desk Lamp,Furniture,West,6,67.93,407.58,255.16
2024-03-19,Water Bottle,Home & Kitchen,South,1,9.81,9.81,5.21
2024-03-20,Sticky Notes,Stationery,South,7,8.22,57.54,31.77
2024-03-20,Water Bottle,Home & Kitchen,Central,6,12.0,72.0,48.62
2024-03-20,Coffee Mug,Home & Kitchen,South,1,21.79,21.79,14.85
2024-03-20,Ballpoint Pens (Pack),Stationery,South,5,7.21,36.05,19.9
2024-03-20,Mechanical Keyboard,Electronics,East,3,114.46,343.38,234.87
2024-03-20,Ballpoint Pens (Pack),Stationery,West,2,14.3,28.6,15.82
2024-03-20,Ballpoint Pens (Pack),Stationery,West,3,4.8,14.4,9.29
2024-03-21,Office Chair,Furniture,West,3,102.32,306.96,191.4
2024-03-21,Office Chair,Furniture,East,8,195.98,1567.84,908.58
2024-03-21,Office Chair,Furniture,West,7,134.31,940.17,532.67
2024-03-21,Office Chair,Furniture,West,6,332.4,1994.4,1295.66
2024-03-21,Wireless Mouse,Electronics,North,5,67.98,339.9,178.94
2024-03-21,Sticky Notes,Stationery,North,3,14.09,42.27,22.25
2024-03-21,Desk Lamp,Furniture,Central,7,93.88,657.16,443.15
2024-03-21,Standing Desk,Furniture,East,7,314.31,2200.17,1216.15
2024-03-21,Desk Lamp,Furniture,West,3,348.42,1045.26,700.96
2024-03-21,Water Bottle,Home & Kitchen,West,1,18.35,18.35,9.78
2024-03-21,Ballpoint Pens (Pack),Stationery,West,2,2.53,5.06,3.25
2024-03-21,Ballpoint Pens (Pack),Stationery,West,8,3.92,31.36,16.96
2024-03-22,Standing Desk,Furniture,South,3,298.55,895.65,485.87
2024-03-22,Wireless Mouse,Electronics,Central,3,58.72,176.16,119.34
2024-03-22,Wireless Mouse,Electronics,East,2,56.39,112.78,59.86
2024-03-22,Mechanical Keyboard,Electronics,West,8,62.68,501.44,347.98
2024-03-22,Water Bottle,Home & Kitchen,Central,8,29.06,232.48,142.7
2024-03-22,Office Chair,Furniture,North,5,76.11,380.55,219.3
2024-03-22,Notebook Set,Stationery,East,3,7.19,21.57,11.68
2024-03-22,Notebook Set,Stationery,West,5,4.0,20.0,13.2
2024-03-22,Standing Desk,Furniture,Central,3,87.87,263.61,155.29
2024-03-22,Notebook Set,Stationery,West,5,11.83,59.15,36.84
2024-03-22,Notebook Set,Stationery,West,2,8.03,16.06,10.23
2024-03-22,USB-C Hub,Electronics,West,2,45.52,91.04,48.23
2024-03-22,USB-C Hub,Electronics,East,4,69.92,279.68,142.36
2024-03-22,Mechanical Keyboard,Electronics,Central,7,58.37,408.59,233.34
2024-03-23,Coffee Mug,Home & Kitchen,North,1,12.01,12.01,6.95
2024-03-23,Mechanical Keyboard,Electronics,West,5,47.96,239.8,158.64
2024-03-23,Desk Lamp,Furniture,South,4,276.64,1106.56,576.81
2024-03-23,Sticky Notes,Stationery,North,1,10.53,10.53,6.12
2024-03-23,Water Bottle,Home & Kitchen,Central,8,23.19,185.52,128.5
2024-03-23,Water Bottle,Home & Kitchen,West,5,25.95,129.75,82.94
2024-03-23,Office Chair,Furniture,North,4,102.09,408.36,274.27
2024-03-23,Sticky Notes,Stationery,South,2,8.16,16.32,8.7
2024-03-23,USB-C Hub,Electronics,West,8,64.51,516.08,316.81
2024-03-23,Notebook Set,Stationery,North,6,11.27,67.62,45.29
2024-03-24,Coffee Mug,Home & Kitchen,Central,5,23.94,119.7,82.24
2024-03-24,Ballpoint Pens (Pack),Stationery,South,1,6.11,6.11,4.15
2024-03-24,Notebook Set,Stationery,West,2,6.51,13.02,6.56
2024-03-24,Standing Desk,Furniture,South,8,127.31,1018.48,578.32
2024-03-24,Coffee Mug,Home & Kitchen,West,3,17.17,51.51,35.45
2024-03-24,Water Bottle,Home & Kitchen,East,8,14.21,113.68,73.88
2024-03-24,Water Bottle,Home & Kitchen,West,3,25.46,76.38,52.6
2024-03-25,Ballpoint Pens (Pack),Stationery,East,4,2.24,8.96,5.12
2024-03-25,USB-C Hub,Electronics,South,1,99.72,99.72,61.07
2024-03-25,Ballpoint Pens (Pack),Stationery,East,6,12.01,72.06,48.95
2024-03-25,Sticky Notes,Stationery,Central,2,7.69,15.38,10.28
2024-03-25,Mechanical Keyboard,Electronics,North,2,101.48,202.96,136.83
2024-03-25,Desk Lamp,Furniture,South,5,280.97,1404.85,745.78
2024-03-25,Desk Lamp,Furniture,East,3,118.55,355.65,178.29
2024-03-25,Ballpoint Pens (Pack),Stationery,East,5,6.84,34.2,19.57
2024-03-25,Water Bottle,Home & Kitchen,South,3,11.04,33.12,19.4
2024-03-25,Notebook Set,Stationery,West,6,12.01,72.06,43.49
2024-03-25,Mechanical Keyboard,Electronics,North,6,48.05,288.3,187.93
2024-03-25,Water Bottle,Home & Kitchen,South,1,27.27,27.27,18.94
2024-03-25,Notebook Set,Stationery,West,5,6.47,32.35,22.0
2024-03-25,Coffee Mug,Home & Kitchen,South,7,25.34,177.38,111.82
2024-03-26,Desk Lamp,Furniture,West,4,84.44,337.76,217.44
2024-03-26,USB-C Hub,Electronics,Central,5,37.44,187.2,117.4
2024-03-26,Wireless Mouse,Electronics,North,5,40.34,201.7,105.31
2024-03-26,Wireless Mouse,Electronics,East,5,80.83,404.15,212.16
2024-03-26,Standing Desk,Furniture,Central,1,345.06,345.06,211.56
2024-03-26,Water Bottle,Home & Kitchen,Central,4,23.73,94.92,60.23
2024-03-27,Notebook Set,Stationery,Central,4,4.5,18.0,10.64
2024-03-27,USB-C Hub,Electronics,West,7,23.6,165.2,97.34
2024-03-27,Desk Lamp,Furniture,Central,7,210.49,1473.43,883.71
2024-03-27,Notebook Set,Stationery,West,8,4.12,32.96,19.68
2024-03-27,Ballpoint Pens (Pack),Stationery,South,2,2.42,4.84,2.96
2024-03-27,Mechanical Keyboard,Electronics,Central,7,26.59,186.13,97.45
2024-03-27,Standing Desk,Furniture,East,5,68.11,340.55,199.0
2024-03-27,Standing Desk,Furniture,East,4,274.5,1098.0,563.84
2024-03-27,Wireless Mouse,Electronics,West,8,75.17,601.36,357.84
2024-03-28,Coffee Mug,Home & Kitchen,South,3,17.88,53.64,36.11
2024-03-28,Desk Lamp,Furniture,North,7,321.07,2247.49,1425.11
2024-03-28,Ballpoint Pens (Pack),Stationery,East,2,9.44,18.88,12.11
2024-03-28,Sticky Notes,Stationery,North,2,9.5,19.0,11.67
2024-03-28,Office Chair,Furniture,West,1,331.49,331.49,217.91
2024-03-28,Office Chair,Furniture,Central,8,214.73,1717.84,1027.77
2024-03-28,Wireless Mouse,Electronics,East,7,33.95,237.65,123.15
2024-03-28,Mechanical Keyboard,Electronics,Central,3,44.96,134.88,93.13
2024-03-28,Water Bottle,Home & Kitchen,South,1,9.29,9.29,5.37
2024-03-28,Desk Lamp,Furniture,South,7,134.8,943.6,481.59
2024-03-28,Office Chair,Furniture,Central,4,278.19,1112.76,569.87
2024-03-28,Ballpoint Pens (Pack),Stationery,Central,7,10.24,71.68,36.11
2024-03-28,Sticky Notes,Stationery,Central,2,12.21,24.42,14.2
2024-03-28,Mechanical Keyboard,Electronics,Central,4,97.2,388.8,213.46
2024-03-28,Notebook Set,Stationery,Central,8,14.49,115.92,73.1
2024-03-28,USB-C Hub,Electronics,North,1,113.02,113.02,65.1
2024-03-28,Desk Lamp,Furniture,South,5,274.36,1371.8,794.36
2024-03-28,Mechanical Keyboard,Electronics,South,5,107.22,536.1,362.83
2024-03-29,Desk Lamp,Furniture,East,8,252.06,2016.48,1395.0
2024-03-29,Desk Lamp,Furniture,North,3,60.59,181.77,115.34
2024-03-29,Notebook Set,Stationery,Central,8,12.23,97.84,50.44
2024-03-29,Wireless Mouse,Electronics,West,2,52.06,104.12,55.75
2024-03-29,Wireless Mouse,Electronics,North,8,53.9,431.2,281.01
2024-03-29,Water Bottle,Home & Kitchen,East,4,23.79,95.16,52.04
2024-03-29,Ballpoint Pens (Pack),Stationery,East,1,11.19,11.19,6.03
2024-03-29,Water Bottle,Home & Kitchen,West,2,20.14,40.28,25.46
2024-03-29,Coffee Mug,Home & Kitchen,Central,3,13.71,41.13,25.25
2024-03-29,Office Chair,Furniture,Central,5,256.61,1283.05,778.28
2024-03-29,Standing Desk,Furniture,Central,8,183.86,1470.88,986.63
2024-03-29,Desk Lamp,Furniture,West,7,257.25,1800.75,1173.74
2024-03-29,Office Chair,Furniture,North,5,214.4,1072.0,607.76
2024-03-29,Coffee Mug,Home & Kitchen,North,4,13.5,54.0,28.78
2024-03-29,Standing Desk,Furniture,North,2,185.27,370.54,254.57
2024-03-30,Standing Desk,Furniture,South,2,338.05,676.1,408.32
2024-03-30,Office Chair,Furniture,North,8,241.35,1930.8,988.83
2024-03-30,Wireless Mouse,Electronics,West,6,108.46,650.76,429.81
2024-03-30,Wireless Mouse,Electronics,East,7,21.91,153.37,88.39
2024-03-30,Mechanical Keyboard,Electronics,Central,7,39.48,276.36,159.4
2024-03-30,Notebook Set,Stationery,Central,2,12.18,24.36,13.78
2024-03-30,Office Chair,Furniture,North,2,266.86,533.72,363.4
2024-03-30,USB-C Hub,Electronics,Central,5,52.32,261.6,138.0
2024-03-30,Wireless Mouse,Electronics,North,3,47.73,143.19,80.51
2024-03-31,Sticky Notes,Stationery,South,3,5.78,17.34,10.47
2024-03-31,Water Bottle,Home & Kitchen,South,1,9.2,9.2,5.23
2024-03-31,Office Chair,Furniture,South,2,253.68,507.36,314.54
2024-03-31,Desk Lamp,Furniture,Central,6,181.42,1088.52,716.07
2024-03-31,Wireless Mouse,Electronics,West,4,111.6,446.4,242.23
2024-04-01,Ballpoint Pens (Pack),Stationery,East,7,14.87,104.09,53.58
2024-04-01,Wireless Mouse,Electronics,Central,2,29.95,59.9,34.26
2024-04-01,Wireless Mouse,Electronics,South,4,44.83,179.32,120.06
2024-04-01,Office Chair,Furniture,South,4,304.44,1217.76,773.87
2024-04-01,Notebook Set,Stationery,North,6,5.12,30.72,19.42
2024-04-01,Sticky Notes,Stationery,Central,7,3.88,27.16,17.9
2024-04-01,Office Chair,Furniture,Central,7,152.21,1065.47,729.0
2024-04-01,Coffee Mug,Home & Kitchen,Central,4,13.44,53.76,33.65
2024-04-01,Standing Desk,Furniture,South,8,83.61,668.88,343.12
2024-04-01,Sticky Notes,Stationery,West,6,6.18,37.08,23.69
2024-04-02,Ballpoint Pens (Pack),Stationery,West,5,12.28,61.4,33.24
2024-04-02,Office Chair,Furniture,West,4,148.74,594.96,408.8
2024-04-02,Desk Lamp,Furniture,East,2,84.37,168.74,104.08
2024-04-02,Ballpoint Pens (Pack),Stationery,Central,6,7.32,43.92,24.74
2024-04-02,Notebook Set,Stationery,North,3,2.99,8.97,5.01
2024-04-02,Sticky Notes,Stationery,Central,2,3.28,6.56,3.33
2024-04-02,Office Chair,Furniture,East,4,132.51,530.04,354.64
2024-04-02,Office Chair,Furniture,Central,3,278.19,834.57,418.71
2024-04-02,Standing Desk,Furniture,East,6,177.11,1062.66,670.6
2024-04-02,Ballpoint Pens (Pack),Stationery,Central,3,11.4,34.2,18.7
2024-04-02,Coffee Mug,Home & Kitchen,Central,8,14.89,119.12,64.04
2024-04-02,Notebook Set,Stationery,South,8,6.87,54.96,28.89
2024-04-02,Wireless Mouse,Electronics,West,6,50.68,304.08,199.39
2024-04-03,Sticky Notes,Stationery,East,6,2.42,14.52,10.1
2024-04-03,Desk Lamp,Furniture,Central,7,119.22,834.54,448.71
2024-04-03,Mechanical Keyboard,Electronics,East,8,82.1,656.8,351.73
2024-04-03,Coffee Mug,Home & Kitchen,West,1,14.24,14.24,7.78
2024-04-03,Water Bottle,Home & Kitchen,Central,2,15.19,30.38,20.72
2024-04-03,Notebook Set,Stationery,South,2,11.66,23.32,15.87
2024-04-03,Office Chair,Furniture,South,4,297.19,1188.76,731.11
2024-04-03,Standing Desk,Furniture,Central,4,258.6,1034.4,546.72
2024-04-03,Mechanical Keyboard,Electronics,West,4,70.21,280.84,172.78
2024-04-03,Mechanical Keyboard,Electronics,East,8,51.41,411.28,273.37
2024-04-03,USB-C Hub,Electronics,West,4,33.86,135.44,85.57
2024-04-03,Coffee Mug,Home & Kitchen,North,7,11.47,80.29,54.32
2024-04-03,Sticky Notes,Stationery,East,2,4.82,9.64,6.73
2024-04-03,Sticky Notes,Stationery,North,6,11.97,71.82,42.39
2024-04-03,Standing Desk,Furniture,South,1,81.23,81.23,46.81
2024-04-03,Notebook Set,Stationery,South,7,11.22,78.54,49.8
2024-04-03,Ballpoint Pens (Pack),Stationery,West,8,5.15,41.2,21.76
2024-04-03,Standing Desk,Furniture,South,3,236.03,708.09,459.05
2024-04-03,USB-C Hub,Electronics,North,1,86.13,86.13,43.66
2024-04-04,Water Bottle,Home & Kitchen,Central,4,19.5,78.0,49.34
2024-04-04,Water Bottle,Home & Kitchen,North,7,9.07,63.49,36.54
2024-04-04,Office Chair,Furniture,South,6,118.0,708.0,356.06
2024-04-04,Office Chair,Furniture,North,4,88.01,352.04,227.0
2024-04-04,Wireless Mouse,Electronics,West,2,100.64,201.28,138.25
2024-04-04,Notebook Set,Stationery,West,2,6.2,12.4,7.82
2024-04-04,Wireless Mouse,Electronics,West,4,63.17,252.68,144.99
2024-04-04,Mechanical Keyboard,Electronics,South,7,46.66,326.62,198.34
2024-04-04,Coffee Mug,Home & Kitchen,South,5,23.32,116.6,74.11
2024-04-04,USB-C Hub,Electronics,East,3,81.71,245.13,146.2
2024-04-05,Desk Lamp,Furniture,North,8,245.77,1966.16,1371.74
2024-04-05,Office Chair,Furniture,North,2,273.99,547.98,280.56
2024-04-05,Desk Lamp,Furniture,West,5,168.97,844.85,544.98
2024-04-05,Ballpoint Pens (Pack),Stationery,East,3,11.89,35.67,24.81
2024-04-05,Water Bottle,Home & Kitchen,East,1,12.53,12.53,6.4
2024-04-05,Water Bottle,Home & Kitchen,South,4,17.73,70.92,35.55
2024-04-05,Ballpoint Pens (Pack),Stationery,North,4,14.2,56.8,30.37
2024-04-05,Sticky Notes,Stationery,South,4,8.07,32.28,17.42
2024-04-05,Notebook Set,Stationery,South,4,14.58,58.32,39.22
2024-04-05,Ballpoint Pens (Pack),Stationery,North,6,7.74,46.44,30.05
2024-04-05,USB-C Hub,Electronics,West,1,95.0,95.0,53.2
2024-04-05,Sticky Notes,Stationery,South,3,7.9,23.7,14.72
2024-04-05,Mechanical Keyboard,Electronics,East,3,90.06,270.18,181.65
2024-04-05,Desk Lamp,Furniture,West,7,332.68,2328.76,1392.39
2024-04-05,Water Bottle,Home & Kitchen,Central,2,16.47,32.94,20.2
2024-04-05,Office Chair,Furniture,West,5,277.96,1389.8,871.4
2024-04-05,Desk Lamp,Furniture,North,7,273.34,1913.38,1267.85
2024-04-06,Water Bottle,Home & Kitchen,North,3,13.59,40.77,25.29
2024-04-06,Water Bottle,Home & Kitchen,South,1,16.46,16.46,10.55
2024-04-06,Mechanical Keyboard,Electronics,Central,4,106.98,427.92,256.81
2024-04-06,Sticky Notes,Stationery,West,5,14.02,70.1,36.58
2024-04-06,Coffee Mug,Home & Kitchen,East,3,23.38,70.14,35.16
2024-04-07,USB-C Hub,Electronics,West,1,25.17,25.17,14.04
2024-04-07,Notebook Set,Stationery,South,3,4.57,13.71,9.46
2024-04-07,Ballpoint Pens (Pack),Stationery,Central,4,4.38,17.52,9.67
2024-04-07,Notebook Set,Stationery,West,2,5.81,11.62,6.45
2024-04-07,Desk Lamp,Furniture,North,4,255.11,1020.44,663.65
2024-04-07,Wireless Mouse,Electronics,Central,1,25.17,25.17,17.55
2024-04-07,Standing Desk,Furniture,West,8,235.27,1882.16,1070.23
2024-04-07,Desk Lamp,Furniture,South,6,169.75,1018.5,576.52
2024-04-07,Mechanical Keyboard,Electronics,North,8,106.41,851.28,430.01
2024-04-08,Mechanical Keyboard,Electronics,Central,5,114.86,574.3,365.97
2024-04-08,Ballpoint Pens (Pack),Stationery,Central,7,10.29,72.03,40.66
2024-04-08,Water Bottle,Home & Kitchen,East,1,13.14,13.14,7.84
2024-04-08,Coffee Mug,Home & Kitchen,North,6,29.71,178.26,119.69
2024-04-08,Mechanical Keyboard,Electronics,West,5,78.75,393.75,258.68
2024-04-08,Sticky Notes,Stationery,North,3,12.82,38.46,26.82
2024-04-08,Ballpoint Pens (Pack),Stationery,South,8,9.03,72.24,38.58
2024-04-08,Water Bottle,Home & Kitchen,North,2,28.44,56.88,38.71
2024-04-09,Standing Desk,Furniture,South,5,335.94,1679.7,1149.83
2024-04-09,Water Bottle,Home & Kitchen,West,2,20.67,41.34,28.31
2024-04-09,Mechanical Keyboard,Electronics,East,7,110.57,773.99,508.52
2024-04-09,Notebook Set,Stationery,South,4,3.45,13.8,8.53
2024-04-09,Office Chair,Furniture,North,6,150.88,905.28,508.91
2024-04-09,Coffee Mug,Home & Kitchen,Central,4,16.03,64.12,40.77
2024-04-09,USB-C Hub,Electronics,Central,4,26.19,104.76,69.48
2024-04-09,Standing Desk,Furniture,South,8,102.75,822.0,550.6
2024-04-09,Wireless Mouse,Electronics,Central,6,47.43,284.58,182.5
2024-04-09,Ballpoint Pens (Pack),Stationery,South,8,2.76,22.08,11.71
2024-04-09,Office Chair,Furniture,South,1,285.05,285.05,159.58
2024-04-09,Water Bottle,Home & Kitchen,South,1,29.79,29.79,19.41
2024-04-09,Notebook Set,Stationery,North,5,11.11,55.55,28.86
2024-04-09,Desk Lamp,Furniture,Central,1,265.78,265.78,140.2
2024-04-10,Ballpoint Pens (Pack),Stationery,East,3,4.54,13.62,7.8
2024-04-10,Coffee Mug,Home & Kitchen,North,3,11.7,35.1,17.95
2024-04-10,Desk Lamp,Furniture,West,3,94.03,282.09,165.52
2024-04-10,USB-C Hub,Electronics,West,4,18.57,74.28,51.32
2024-04-10,Water Bottle,Home & Kitchen,West,2,14.05,28.1,17.72
2024-04-10,Desk Lamp,Furniture,North,2,95.39,190.78,103.97
2024-04-10,Coffee Mug,Home & Kitchen,Central,8,11.98,95.84,57.2
2024-04-10,Water Bottle,Home & Kitchen,West,5,28.0,140.0,92.27
2024-04-10,USB-C Hub,Electronics,West,1,56.35,56.35,28.9
2024-04-10,Coffee Mug,Home & Kitchen,Central,2,10.58,21.16,14.23
2024-04-11,USB-C Hub,Electronics,North,8,99.05,792.4,421.75
2024-04-11,Sticky Notes,Stationery,East,1,5.88,5.88,3.14
2024-04-11,Water Bottle,Home & Kitchen,North,4,25.22,100.88,63.74
2024-04-11,Ballpoint Pens (Pack),Stationery,South,8,14.82,118.56,72.04
2024-04-11,Office Chair,Furniture,North,1,114.54,114.54,79.2
2024-04-11,Coffee Mug,Home & Kitchen,Central,4,17.28,69.12,42.16
2024-04-11,Standing Desk,Furniture,West,3,84.14,252.42,161.27
2024-04-11,Sticky Notes,Stationery,South,2,10.23,20.46,13.15
2024-04-11,Coffee Mug,Home & Kitchen,Central,3,17.54,52.62,26.58
2024-04-11,Coffee Mug,Home & Kitchen,South,2,16.95,33.9,19.18
2024-04-11,Mechanical Keyboard,Electronics,East,6,96.7,580.2,301.47
2024-04-11,Office Chair,Furniture,West,2,95.82,191.64,118.39
2024-04-12,Ballpoint Pens (Pack),Stationery,North,6,9.17,55.02,37.38
2024-04-12,USB-C Hub,Electronics,East,7,33.97,237.79,145.13
2024-04-12,Notebook Set,Stationery,West,3,11.27,33.81,17.87
2024-04-12,Coffee Mug,Home & Kitchen,East,1,25.11,25.11,15.96
2024-04-12,Notebook Set,Stationery,West,3,8.09,24.27,16.76
2024-04-12,Sticky Notes,Stationery,South,5,5.97,29.85,19.97
2024-04-12,Water Bottle,Home & Kitchen,North,2,9.26,18.52,12.01
2024-04-12,Sticky Notes,Stationery,West,1,8.61,8.61,5.13
2024-04-12,Sticky Notes,Stationery,Central,2,13.84,27.68,17.79
2024-04-12,Sticky Notes,Stationery,East,4,13.97,55.88,38.5
2024-04-12,Water Bottle,Home & Kitchen,Central,1,27.4,27.4,16.57
2024-04-12,Office Chair,Furniture,South,2,98.66,197.32,118.21
2024-04-12,USB-C Hub,Electronics,East,2,50.49,100.98,67.81
2024-04-12,Standing Desk,Furniture,East,8,121.79,974.32,529.54
2024-04-12,Standing Desk,Furniture,Central,1,318.82,318.82,159.79
2024-04-12,Ballpoint Pens (Pack),Stationery,East,5,13.57,67.85,38.74
2024-04-13,Mechanical Keyboard,Electronics,West,8,35.74,285.92,195.18
2024-04-13,Wireless Mouse,Electronics,South,5,38.74,193.7,103.91
2024-04-13,Standing Desk,Furniture,North,8,187.41,1499.28,751.38
2024-04-13,Office Chair,Furniture,North,4,98.77,395.08,200.04
2024-04-13,Water Bottle,Home & Kitchen,South,8,18.76,150.08,89.91
2024-04-13,Water Bottle,Home & Kitchen,South,6,23.97,143.82,93.25
2024-04-13,Notebook Set,Stationery,South,2,3.64,7.28,3.66
2024-04-13,Water Bottle,Home & Kitchen,South,1,24.22,24.22,14.21
2024-04-13,Standing Desk,Furniture,East,8,184.4,1475.2,792.73
2024-04-13,Standing Desk,Furniture,North,5,131.73,658.65,422.39
2024-04-14,Mechanical Keyboard,Electronics,Central,3,34.81,104.43,54.73
2024-04-14,Notebook Set,Stationery,North,5,7.54,37.7,19.54
2024-04-14,Wireless Mouse,Electronics,West,7,70.12,490.84,287.25
2024-04-14,Wireless Mouse,Electronics,Central,7,82.61,578.27,329.73
2024-04-14,Notebook Set,Stationery,South,6,2.01,12.06,6.81
2024-04-14,Standing Desk,Furniture,West,5,89.22,446.1,255.49
2024-04-14,Standing Desk,Furniture,North,2,258.06,516.12,295.28
2024-04-14,Desk Lamp,Furniture,Central,6,140.02,840.12,437.93
2024-04-14,Water Bottle,Home & Kitchen,Central,2,25.98,51.96,27.98
2024-04-14,Ballpoint Pens (Pack),Stationery,North,2,5.92,11.84,7.72
2024-04-14,Sticky Notes,Stationery,South,1,11.25,11.25,7.33
2024-04-14,Sticky Notes,Stationery,East,6,13.84,83.04,48.48
2024-04-15,Sticky Notes,Stationery,North,3,3.68,11.04,6.77
2024-04-15,Office Chair,Furniture,West,8,312.37,2498.96,1624.69
2024-04-15,Notebook Set,Stationery,Central,7,4.39,30.73,16.7
2024-04-15,Wireless Mouse,Electronics,Central,8,67.9,543.2,303.8
2024-04-15,Standing Desk,Furniture,Central,2,73.23,146.46,77.57
2024-04-15,Standing Desk,Furniture,South,5,74.94,374.7,203.09
2024-04-15,Mechanical Keyboard,Electronics,North,6,81.43,488.58,330.67
2024-04-15,Standing Desk,Furniture,South,7,145.52,1018.64,511.44
2024-04-15,Desk Lamp,Furniture,South,5,341.77,1708.85,1120.39
2024-04-15,Coffee Mug,Home & Kitchen,North,7,21.3,149.1,80.7
2024-04-15,Ballpoint Pens (Pack),Stationery,South,6,12.5,75.0,39.83
2024-04-16,Office Chair,Furniture,West,6,198.91,1193.46,791.41
2024-04-16,USB-C Hub,Electronics,South,8,114.05,912.4,617.74
2024-04-16,Notebook Set,Stationery,Central,4,5.19,20.76,14.41
2024-04-16,Mechanical Keyboard,Electronics,Central,3,91.31,273.93,138.1
2024-04-16,Wireless Mouse,Electronics,North,3,41.08,123.24,61.95
2024-04-16,Wireless Mouse,Electronics,North,6,104.54,627.24,425.57
2024-04-16,USB-C Hub,Electronics,East,6,65.29,391.74,238.46
2024-04-16,Wireless Mouse,Electronics,North,2,72.19,144.38,72.22
2024-04-16,Office Chair,Furniture,North,4,102.74,410.96,277.73
2024-04-16,Notebook Set,Stationery,North,8,3.32,26.56,15.18
2024-04-16,Coffee Mug,Home & Kitchen,East,2,8.95,17.9,9.49
2024-04-16,Notebook Set,Stationery,Central,6,3.95,23.7,13.28
2024-04-16,Standing Desk,Furniture,East,2,204.78,409.56,279.07
2024-04-17,Mechanical Keyboard,Electronics,North,3,96.67,290.01,191.22
2024-04-17,Ballpoint Pens (Pack),Stationery,North,2,5.62,11.24,7.86
2024-04-17,USB-C Hub,Electronics,West,6,48.53,291.18,191.8
2024-04-17,Desk Lamp,Furniture,South,4,219.31,877.24,532.7
2024-04-17,Office Chair,Furniture,West,2,182.33,364.66,236.9
2024-04-17,Mechanical Keyboard,Electronics,South,6,15.3,91.8,63.48
2024-04-17,Mechanical Keyboard,Electronics,North,6,52.89,317.34,187.89
2024-04-17,Sticky Notes,Stationery,West,4,11.71,46.84,29.94
2024-04-17,USB-C Hub,Electronics,West,1,88.09,88.09,54.29
2024-04-17,Ballpoint Pens (Pack),Stationery,Central,3,3.03,9.09,5.58
2024-04-17,Notebook Set,Stationery,South,3,8.86,26.58,15.79
2024-04-17,Desk Lamp,Furniture,West,1,105.21,105.21,68.41
2024-04-18,Sticky Notes,Stationery,South,1,14.33,14.33,9.2
2024-04-18,Standing Desk,Furniture,Central,5,182.86,914.3,552.51
2024-04-18,USB-C Hub,Electronics,South,7,80.0,560.0,342.64
2024-04-18,Mechanical Keyboard,Electronics,West,8,47.88,383.04,253.06
2024-04-18,Water Bottle,Home & Kitchen,West,4,25.13,100.52,57.0
2024-04-18,Office Chair,Furniture,East,3,78.94,236.82,133.05
2024-04-18,Sticky Notes,Stationery,South,1,9.41,9.41,6.56
2024-04-18,Ballpoint Pens (Pack),Stationery,North,1,2.11,2.11,1.17
2024-04-18,Notebook Set,Stationery,Central,4,6.63,26.52,16.84
2024-04-18,Desk Lamp,Furniture,West,2,284.77,569.54,339.1
2024-04-19,Wireless Mouse,Electronics,East,3,30.91,92.73,59.69
2024-04-19,Office Chair,Furniture,South,3,205.47,616.41,372.72
2024-04-20,Desk Lamp,Furniture,West,3,164.49,493.47,334.64
2024-04-20,Water Bottle,Home & Kitchen,West,4,11.35,45.4,28.4
2024-04-20,Ballpoint Pens (Pack),Stationery,North,1,9.11,9.11,5.98
2024-04-20,Mechanical Keyboard,Electronics,West,2,62.75,125.5,77.22
2024-04-20,Desk Lamp,Furniture,North,2,283.86,567.72,312.93
2024-04-20,Ballpoint Pens (Pack),Stationery,South,2,6.73,13.46,7.83
2024-04-20,Coffee Mug,Home & Kitchen,South,8,16.22,129.76,82.58
2024-04-20,Sticky Notes,Stationery,West,5,2.55,12.75,6.52
2024-04-20,Office Chair,Furniture,Central,1,90.54,90.54,60.73
2024-04-20,Office Chair,Furniture,West,8,161.19,1289.52,855.8
2024-04-20,Mechanical Keyboard,Electronics,North,3,91.84,275.52,148.75
2024-04-20,Desk Lamp,Furniture,North,6,235.27,1411.62,738.09
2024-04-21,Ballpoint Pens (Pack),Stationery,North,3,4.78,14.34,10.0
2024-04-21,Notebook Set,Stationery,North,6,4.77,28.62,14.44
2024-04-21,Water Bottle,Home & Kitchen,West,5,14.03,70.15,36.22
2024-04-21,Ballpoint Pens (Pack),Stationery,West,4,12.8,51.2,34.83
2024-04-21,Desk Lamp,Furniture,East,3,333.16,999.48,656.43
2024-04-22,Notebook Set,Stationery,East,7,13.62,95.34,61.45
2024-04-22,Coffee Mug,Home & Kitchen,Central,3,24.34,73.02,47.27
2024-04-22,Desk Lamp,Furniture,North,3,330.81,992.43,653.42
2024-04-22,Water Bottle,Home & Kitchen,West,5,26.32,131.6,69.11
2024-04-22,Ballpoint Pens (Pack),Stationery,Central,2,4.44,8.88,5.82
2024-04-22,Coffee Mug,Home & Kitchen,West,4,20.69,82.76,41.62
2024-04-22,Desk Lamp,Furniture,North,5,205.6,1028.0,647.42
2024-04-22,Ballpoint Pens (Pack),Stationery,West,7,7.54,52.78,29.93
2024-04-22,USB-C Hub,Electronics,West,7,54.18,379.26,211.25
2024-04-22,Water Bottle,Home & Kitchen,West,5,10.18,50.9,26.34
2024-04-22,Mechanical Keyboard,Electronics,North,1,79.71,79.71,54.64
2024-04-22,Mechanical Keyboard,Electronics,West,1,85.11,85.11,51.94
2024-04-22,Mechanical Keyboard,Electronics,South,8,114.81,918.48,626.03
2024-04-22,Water Bottle,Home & Kitchen,West,1,13.89,13.89,8.77
2024-04-22,Standing Desk,Furniture,West,4,323.63,1294.52,851.93
2024-04-22,Sticky Notes,Stationery,Central,6,14.91,89.46,62.15
2024-04-23,Office Chair,Furniture,Central,7,292.39,2046.73,1283.82
2024-04-23,USB-C Hub,Electronics,West,6,69.31,415.86,249.87
2024-04-23,Water Bottle,Home & Kitchen,Central,7,20.16,141.12,97.34
2024-04-23,Office Chair,Furniture,North,2,63.35,126.7,79.01
2024-04-23,Sticky Notes,Stationery,North,7,14.78,103.46,67.82
2024-04-23,USB-C Hub,Electronics,South,4,46.18,184.72,121.4
2024-04-23,Standing Desk,Furniture,North,5,101.69,508.45,342.38
2024-04-23,Mechanical Keyboard,Electronics,West,2,26.24,52.48,31.43
2024-04-23,Desk Lamp,Furniture,South,7,290.68,2034.76,1272.0
2024-04-23,Office Chair,Furniture,West,7,243.73,1706.11,955.0
2024-04-23,USB-C Hub,Electronics,Central,1,27.31,27.31,16.93
2024-04-23,Wireless Mouse,Electronics,South,5,112.29,561.45,338.19
2024-04-23,USB-C Hub,Electronics,South,6,27.05,162.3,104.77
2024-04-23,USB-C Hub,Electronics,East,5,65.57,327.85,183.22
2024-04-24,Ballpoint Pens (Pack),Stationery,West,7,4.57,31.99,20.58
2024-04-24,Notebook Set,Stationery,North,5,11.39,56.95,33.56
2024-04-24,Coffee Mug,Home & Kitchen,East,6,20.48,122.88,70.63
2024-04-24,Water Bottle,Home & Kitchen,North,8,20.91,167.28,93.46
2024-04-24,Water Bottle,Home & Kitchen,Central,6,17.45,104.7,56.24
2024-04-24,Office Chair,Furniture,North,4,167.87,671.48,378.53
2024-04-24,Wireless Mouse,Electronics,East,4,63.86,255.44,147.42
2024-04-24,Coffee Mug,Home & Kitchen,South,4,27.43,109.72,73.73
2024-04-24,Mechanical Keyboard,Electronics,Central,7,86.62,606.34,309.19
2024-04-24,Ballpoint Pens (Pack),Stationery,West,1,3.61,3.61,2.04
2024-04-24,Notebook Set,Stationery,South,1,13.13,13.13,8.96
2024-04-24,Standing Desk,Furniture,South,7,214.71,1502.97,756.38
2024-04-25,Ballpoint Pens (Pack),Stationery,North,7,11.8,82.6,50.49
2024-04-25,Desk Lamp,Furniture,West,1,261.97,261.97,181.66
2024-04-25,Mechanical Keyboard,Electronics,East,2,18.08,36.16,20.41
2024-04-25,Notebook Set,Stationery,South,3,12.56,37.68,22.89
2024-04-25,Wireless Mouse,Electronics,North,5,107.75,538.75,297.79
2024-04-25,Coffee Mug,Home & Kitchen,West,5,10.64,53.2,30.0
2024-04-25,USB-C Hub,Electronics,Central,7,81.87,573.09,341.32
2024-04-25,Ballpoint Pens (Pack),Stationery,East,6,3.19,19.14,12.29
2024-04-25,Desk Lamp,Furniture,Central,4,273.23,1092.92,758.87
2024-04-25,Wireless Mouse,Electronics,South,1,85.4,85.4,48.51
2024-04-25,Coffee Mug,Home & Kitchen,Central,6,11.39,68.34,41.07
2024-04-25,USB-C Hub,Electronics,South,6,55.49,332.94,193.12
2024-04-26,Mechanical Keyboard,Electronics,East,7,32.24,225.68,119.49
2024-04-26,Mechanical Keyboard,Electronics,North,4,16.74,66.96,40.59
2024-04-26,Desk Lamp,Furniture,East,2,84.38,168.76,101.33
2024-04-26,Sticky Notes,Stationery,East,1,2.64,2.64,1.81
2024-04-26,Office Chair,Furniture,East,4,232.27,929.08,545.1
2024-04-26,Water Bottle,Home & Kitchen,North,4,8.79,35.16,19.45
2024-04-26,Mechanical Keyboard,Electronics,Central,2,43.92,87.84,50.82
2024-04-26,Office Chair,Furniture,East,8,287.86,2302.88,1426.09
2024-04-26,Wireless Mouse,Electronics,North,3,67.84,203.52,138.67
2024-04-26,Office Chair,Furniture,South,6,108.33,649.98,450.08
2024-04-26,Water Bottle,Home & Kitchen,West,7,9.69,67.83,43.13
2024-04-26,Wireless Mouse,Electronics,Central,6,116.8,700.8,365.73
2024-04-26,Wireless Mouse,Electronics,Central,5,102.71,513.55,266.42
2024-04-26,Standing Desk,Furniture,East,8,161.73,1293.84,712.53
2024-04-26,Ballpoint Pens (Pack),Stationery,North,6,8.73,52.38,35.25
2024-04-26,Coffee Mug,Home & Kitchen,West,2,11.25,22.5,13.1
2024-04-27,Office Chair,Furniture,South,6,130.87,785.22,449.05
2024-04-27,Mechanical Keyboard,Electronics,South,7,82.07,574.49,390.56
2024-04-27,Ballpoint Pens (Pack),Stationery,Central,3,13.54,40.62,23.7
2024-04-27,Standing Desk,Furniture,East,4,210.82,843.28,494.75
2024-04-27,Ballpoint Pens (Pack),Stationery,Central,6,8.49,50.94,30.22
2024-04-27,USB-C Hub,Electronics,Central,5,80.5,402.5,265.63
2024-04-27,Wireless Mouse,Electronics,West,1,37.82,37.82,18.95
2024-04-27,Desk Lamp,Furniture,North,1,161.56,161.56,102.28
2024-04-28,Sticky Notes,Stationery,South,2,11.53,23.06,15.77
2024-04-28,Standing Desk,Furniture,South,1,162.84,162.84,95.18
2024-04-28,Mechanical Keyboard,Electronics,East,5,77.69,388.45,256.72
2024-04-28,USB-C Hub,Electronics,South,5,29.25,146.25,89.7
2024-04-28,Water Bottle,Home & Kitchen,West,3,11.05,33.15,19.5
2024-04-28,Desk Lamp,Furniture,Central,6,184.02,1104.12,558.17
2024-04-28,Sticky Notes,Stationery,North,7,13.79,96.53,59.47
2024-04-28,Desk Lamp,Furniture,South,5,305.08,1525.4,903.89
2024-04-29,Sticky Notes,Stationery,West,1,14.82,14.82,9.17
2024-04-29,Standing Desk,Furniture,Central,8,310.65,2485.2,1496.5
2024-04-29,Wireless Mouse,Electronics,South,3,74.02,222.06,139.44
2024-04-29,USB-C Hub,Electronics,East,5,90.51,452.55,244.44
2024-04-29,Mechanical Keyboard,Electronics,North,3,78.4,235.2,139.88
2024-04-29,Sticky Notes,Stationery,West,7,7.26,50.82,33.75
2024-04-29,Sticky Notes,Stationery,East,8,7.62,60.96,32.73
2024-04-29,Water Bottle,Home & Kitchen,South,3,18.57,55.71,31.08
2024-04-30,Mechanical Keyboard,Electronics,Central,8,53.57,428.56,254.05
2024-04-30,Notebook Set,Stationery,South,1,7.06,7.06,3.58
2024-04-30,Water Bottle,Home & Kitchen,Central,8,18.29,146.32,94.32
2024-04-30,Standing Desk,Furniture,North,3,308.19,924.57,592.88
2024-04-30,Notebook Set,Stationery,Central,2,10.53,21.06,12.47
2024-04-30,USB-C Hub,Electronics,East,5,111.97,559.85,387.7
2024-04-30,Coffee Mug,Home & Kitchen,South,5,15.66,78.3,48.82
2024-04-30,Notebook Set,Stationery,North,1,5.01,5.01,3.01
2024-04-30,Water Bottle,Home & Kitchen,West,6,24.12,144.72,79.21
2024-04-30,USB-C Hub,Electronics,West,7,111.85,782.95,508.91
2024-04-30,Ballpoint Pens (Pack),Stationery,East,1,11.08,11.08,7.73
2024-04-30,Coffee Mug,Home & Kitchen,Central,4,12.96,51.84,33.61
2024-05-01,Notebook Set,Stationery,Central,4,14.48,57.92,29.35
2024-05-01,USB-C Hub,Electronics,North,6,96.31,577.86,367.79
2024-05-01,Water Bottle,Home & Kitchen,Central,8,19.02,152.16,86.93
2024-05-01,Sticky Notes,Stationery,South,2,13.36,26.72,14.04
2024-05-01,Sticky Notes,Stationery,East,2,9.82,19.64,10.7
2024-05-01,Standing Desk,Furniture,East,7,79.71,557.97,287.33
2024-05-01,Coffee Mug,Home & Kitchen,South,5,10.44,52.2,31.02
2024-05-01,Standing Desk,Furniture,North,1,135.66,135.66,71.61
2024-05-01,Sticky Notes,Stationery,East,1,14.32,14.32,9.17
2024-05-01,Wireless Mouse,Electronics,East,2,114.74,229.48,140.05
2024-05-01,USB-C Hub,Electronics,East,1,25.93,25.93,15.44
2024-05-01,Office Chair,Furniture,North,1,286.73,286.73,165.12
2024-05-01,Water Bottle,Home & Kitchen,North,8,17.45,139.6,81.72
2024-05-01,USB-C Hub,Electronics,North,8,27.39,219.12,124.6
2024-05-01,Wireless Mouse,Electronics,South,4,24.66,98.64,65.25
2024-05-02,Sticky Notes,Stationery,Central,1,11.36,11.36,5.85
2024-05-02,USB-C Hub,Electronics,West,3,44.67,134.01,93.76
2024-05-02,USB-C Hub,Electronics,Central,7,65.26,456.82,278.08
2024-05-02,Ballpoint Pens (Pack),Stationery,East,4,6.77,27.08,18.25
2024-05-02,Office Chair,Furniture,Central,5,217.01,1085.05,631.68
2024-05-02,Coffee Mug,Home & Kitchen,West,5,19.46,97.3,54.58
2024-05-02,Sticky Notes,Stationery,South,2,3.85,7.7,4.93
2024-05-02,Water Bottle,Home & Kitchen,West,2,20.94,41.88,23.46
2024-05-02,Mechanical Keyboard,Electronics,North,5,104.73,523.65,308.33
2024-05-02,Office Chair,Furniture,South,7,185.01,1295.07,787.8
2024-05-02,Desk Lamp,Furniture,North,6,323.16,1938.96,1263.14
2024-05-02,Desk Lamp,Furniture,Central,7,286.96,2008.72,1328.73
2024-05-02,Sticky Notes,Stationery,West,5,8.03,40.15,24.64
2024-05-02,Sticky Notes,Stationery,East,3,14.9,44.7,30.46
2024-05-03,Standing Desk,Furniture,East,2,283.69,567.38,288.07
2024-05-03,Standing Desk,Furniture,East,5,286.9,1434.5,752.91
2024-05-03,Coffee Mug,Home & Kitchen,East,5,8.2,41.0,20.8
2024-05-03,Desk Lamp,Furniture,West,4,228.08,912.32,556.78
2024-05-03,Mechanical Keyboard,Electronics,West,3,42.09,126.27,68.88
2024-05-03,USB-C Hub,Electronics,South,1,39.43,39.43,23.19
2024-05-03,Desk Lamp,Furniture,North,4,267.22,1068.88,679.46
2024-05-03,Desk Lamp,Furniture,Central,1,161.42,161.42,97.21
2024-05-03,Office Chair,Furniture,South,6,300.45,1802.7,1055.11
2024-05-03,Standing Desk,Furniture,South,1,288.57,288.57,181.91
2024-05-03,Ballpoint Pens (Pack),Stationery,East,1,14.09,14.09,7.12
2024-05-04,Coffee Mug,Home & Kitchen,South,6,20.79,124.74,70.95
2024-05-04,Office Chair,Furniture,West,1,103.52,103.52,71.54
2024-05-04,Office Chair,Furniture,Central,7,95.16,666.12,413.94
2024-05-04,Water Bottle,Home & Kitchen,Central,8,28.04,224.32,126.91
2024-05-04,Desk Lamp,Furniture,South,8,342.0,2736.0,1892.0
2024-05-04,Notebook Set,Stationery,East,2,13.89,27.78,17.25
2024-05-04,Ballpoint Pens (Pack),Stationery,West,4,3.63,14.52,9.51
2024-05-05,Notebook Set,Stationery,Central,3,6.44,19.32,11.24
2024-05-05,Sticky Notes,Stationery,South,8,13.7,109.6,55.14
2024-05-05,Mechanical Keyboard,Electronics,West,5,95.38,476.9,321.38
2024-05-06,Notebook Set,Stationery,North,3,13.27,39.81,27.1
2024-05-06,Desk Lamp,Furniture,South,7,130.02,910.14,605.19
2024-05-06,Desk Lamp,Furniture,Central,2,73.12,146.24,86.25
2024-05-06,Notebook Set,Stationery,West,7,3.75,26.25,17.15
2024-05-06,Sticky Notes,Stationery,North,3,6.81,20.43,11.77
2024-05-06,Ballpoint Pens (Pack),Stationery,South,5,5.87,29.35,17.99
2024-05-06,Sticky Notes,Stationery,Central,7,11.84,82.88,42.14
2024-05-06,Office Chair,Furniture,West,5,238.49,1192.45,624.5
2024-05-06,Standing Desk,Furniture,West,8,109.1,872.8,542.21
2024-05-06,Mechanical Keyboard,Electronics,South,5,29.81,149.05,75.34
2024-05-06,Wireless Mouse,Electronics,Central,4,15.7,62.8,43.23
2024-05-06,Coffee Mug,Home & Kitchen,West,8,10.41,83.28,53.4
2024-05-06,Mechanical Keyboard,Electronics,West,7,66.79,467.53,296.29
2024-05-06,Desk Lamp,Furniture,North,4,154.86,619.44,387.85
2024-05-06,Sticky Notes,Stationery,North,6,3.31,19.86,12.0
2024-05-06,Office Chair,Furniture,Central,1,241.91,241.91,163.15
2024-05-06,Office Chair,Furniture,South,5,200.51,1002.55,527.7
2024-05-07,Water Bottle,Home & Kitchen,North,4,12.59,50.36,26.97
2024-05-07,Notebook Set,Stationery,East,7,6.53,45.71,31.58
2024-05-07,Standing Desk,Furniture,South,5,202.16,1010.8,615.26
2024-05-07,Standing Desk,Furniture,North,4,315.46,1261.84,875.56
2024-05-07,Desk Lamp,Furniture,South,7,194.77,1363.39,871.74
2024-05-07,USB-C Hub,Electronics,West,8,78.11,624.88,339.32
2024-05-07,Notebook Set,Stationery,North,6,7.09,42.54,24.66
2024-05-07,Wireless Mouse,Electronics,East,8,91.46,731.68,425.81
2024-05-07,Coffee Mug,Home & Kitchen,South,4,21.44,85.76,45.1
2024-05-07,Sticky Notes,Stationery,North,1,11.16,11.16,7.29
2024-05-07,Sticky Notes,Stationery,North,1,4.58,4.58,2.78
2024-05-07,Office Chair,Furniture,East,3,156.14,468.42,322.27
2024-05-07,Wireless Mouse,Electronics,North,2,67.66,135.32,68.32
2024-05-08,Water Bottle,Home & Kitchen,South,1,22.42,22.42,11.8
2024-05-08,Standing Desk,Furniture,North,2,269.41,538.82,271.0
2024-05-08,Sticky Notes,Stationery,Central,3,7.08,21.24,14.27
2024-05-08,Desk Lamp,Furniture,West,1,193.08,193.08,118.79
2024-05-08,Notebook Set,Stationery,East,7,9.29,65.03,44.32
2024-05-08,Sticky Notes,Stationery,Central,4,11.46,45.84,29.91
2024-05-08,Mechanical Keyboard,Electronics,West,4,75.68,302.72,180.23
2024-05-08,Mechanical Keyboard,Electronics,East,6,30.1,180.6,97.8
2024-05-08,Ballpoint Pens (Pack),Stationery,Central,4,12.89,51.56,34.44
2024-05-08,Office Chair,Furniture,North,8,150.32,1202.56,678.59
2024-05-08,Coffee Mug,Home & Kitchen,Central,7,20.37,142.59,85.23
2024-05-08,Ballpoint Pens (Pack),Stationery,East,4,8.69,34.76,24.28
2024-05-08,Mechanical Keyboard,Electronics,North,7,88.42,618.94,402.08
2024-05-09,USB-C Hub,Electronics,South,8,106.32,850.56,531.8
2024-05-09,Sticky Notes,Stationery,West,3,7.19,21.57,12.66
2024-05-09,Standing Desk,Furniture,East,6,167.77,1006.62,608.65
2024-05-09,Office Chair,Furniture,Central,6,132.86,797.16,546.39
2024-05-09,USB-C Hub,Electronics,South,8,16.03,128.24,89.18
2024-05-09,Standing Desk,Furniture,South,4,215.94,863.76,512.85
2024-05-09,USB-C Hub,Electronics,North,6,81.82,490.92,264.37
2024-05-09,Standing Desk,Furniture,West,5,282.43,1412.15,887.28
2024-05-10,Office Chair,Furniture,North,3,122.77,368.31,193.49
2024-05-10,Sticky Notes,Stationery,Central,7,9.7,67.9,44.91
2024-05-10,Coffee Mug,Home & Kitchen,West,4,10.01,40.04,26.45
2024-05-10,USB-C Hub,Electronics,South,3,64.92,194.76,102.72
2024-05-10,Ballpoint Pens (Pack),Stationery,West,8,3.52,28.16,16.21
2024-05-10,Notebook Set,Stationery,West,6,8.9,53.4,35.69
2024-05-10,USB-C Hub,Electronics,East,3,103.19,309.57,197.22
2024-05-10,Sticky Notes,Stationery,West,6,13.12,78.72,44.81
2024-05-10,Notebook Set,Stationery,South,4,11.72,46.88,27.58
2024-05-10,Sticky Notes,Stationery,South,1,13.84,13.84,8.31
2024-05-10,Wireless Mouse,Electronics,Central,5,18.52,92.6,59.18
2024-05-11,Standing Desk,Furniture,East,1,298.76,298.76,208.97
2024-05-11,Water Bottle,Home & Kitchen,West,8,20.0,160.0,83.32
2024-05-11,Desk Lamp,Furniture,North,3,111.3,333.9,222.65
2024-05-11,Mechanical Keyboard,Electronics,North,8,81.94,655.52,456.69
2024-05-11,Office Chair,Furniture,Central,1,254.88,254.88,136.07
2024-05-11,Coffee Mug,Home & Kitchen,East,1,22.73,22.73,11.66
2024-05-11,Sticky Notes,Stationery,South,5,5.58,27.9,16.77
2024-05-11,USB-C Hub,Electronics,North,5,43.75,218.75,139.84
2024-05-11,Coffee Mug,Home & Kitchen,West,2,12.08,24.16,14.94
2024-05-12,Wireless Mouse,Electronics,South,1,37.84,37.84,20.79
2024-05-12,Water Bottle,Home & Kitchen,South,3,14.14,42.42,26.0
2024-05-12,Notebook Set,Stationery,South,4,14.73,58.92,34.64
2024-05-12,Mechanical Keyboard,Electronics,West,6,75.76,454.56,284.65
2024-05-12,USB-C Hub,Electronics,North,7,31.35,219.45,138.08
2024-05-12,Water Bottle,Home & Kitchen,East,4,24.35,97.4,53.94
2024-05-12,Sticky Notes,Stationery,South,5,13.98,69.9,43.77
2024-05-12,Ballpoint Pens (Pack),Stationery,South,8,6.91,55.28,28.01
2024-05-13,Mechanical Keyboard,Electronics,East,1,31.67,31.67,17.02
2024-05-13,Desk Lamp,Furniture,East,3,113.99,341.97,202.2
2024-05-13,Coffee Mug,Home & Kitchen,West,7,21.22,148.54,88.61
2024-05-13,Notebook Set,Stationery,East,1,11.92,11.92,7.17
2024-05-13,Notebook Set,Stationery,West,5,2.37,11.85,8.11
2024-05-13,Coffee Mug,Home & Kitchen,Central,4,22.59,90.36,59.43
2024-05-13,Wireless Mouse,Electronics,North,5,98.25,491.25,290.88
2024-05-13,Water Bottle,Home & Kitchen,South,4,13.2,52.8,28.55
2024-05-13,Mechanical Keyboard,Electronics,South,3,86.89,260.67,148.31
2024-05-13,Ballpoint Pens (Pack),Stationery,Central,7,10.69,74.83,47.98
2024-05-13,Mechanical Keyboard,Electronics,West,3,48.43,145.29,80.87
2024-05-13,Water Bottle,Home & Kitchen,West,7,29.34,205.38,103.79
2024-05-13,Coffee Mug,Home & Kitchen,South,4,21.43,85.72,55.75
2024-05-14,Mechanical Keyboard,Electronics,South,3,67.49,202.47,116.79
2024-05-14,USB-C Hub,Electronics,West,3,44.92,134.76,93.21
2024-05-14,Notebook Set,Stationery,South,3,3.38,10.14,5.77
2024-05-14,Mechanical Keyboard,Electronics,West,1,31.89,31.89,16.02
2024-05-14,Water Bottle,Home & Kitchen,West,7,21.95,153.65,95.37
2024-05-14,Ballpoint Pens (Pack),Stationery,Central,6,12.97,77.82,40.65
2024-05-14,USB-C Hub,Electronics,West,7,106.38,744.66,477.71
2024-05-14,Standing Desk,Furniture,South,8,194.78,1558.24,922.56
2024-05-14,Wireless Mouse,Electronics,Central,6,41.49,248.94,151.49
2024-05-14,USB-C Hub,Electronics,East,6,58.79,352.74,184.25
2024-05-14,Wireless Mouse,Electronics,Central,7,41.11,287.77,180.31
2024-05-14,Notebook Set,Stationery,East,6,5.17,31.02,20.69
2024-05-14,Sticky Notes,Stationery,Central,8,2.5,20.0,12.9
2024-05-14,Mechanical Keyboard,Electronics,West,2,50.47,100.94,54.18
2024-05-14,Standing Desk,Furniture,North,7,290.16,2031.12,1265.62
2024-05-15,Sticky Notes,Stationery,South,1,11.89,11.89,7.72
2024-05-15,USB-C Hub,Electronics,East,1,78.49,78.49,45.64
2024-05-15,Wireless Mouse,Electronics,West,3,43.85,131.55,68.33
2024-05-15,Office Chair,Furniture,North,6,237.3,1423.8,843.07
2024-05-15,Notebook Set,Stationery,Central,6,9.25,55.5,31.3
2024-05-15,Ballpoint Pens (Pack),Stationery,South,8,8.92,71.36,41.25
2024-05-16,Notebook Set,Stationery,North,2,6.49,12.98,9.05
2024-05-16,Desk Lamp,Furniture,East,5,190.93,954.65,589.01
2024-05-16,Coffee Mug,Home & Kitchen,East,7,14.25,99.75,64.72
2024-05-16,Office Chair,Furniture,West,3,335.16,1005.48,545.23
2024-05-16,Mechanical Keyboard,Electronics,Central,5,33.76,168.8,97.94
2024-05-16,Notebook Set,Stationery,East,4,6.15,24.6,12.82
2024-05-16,Water Bottle,Home & Kitchen,East,7,14.3,100.1,68.56
2024-05-16,USB-C Hub,Electronics,South,7,45.28,316.96,169.4
2024-05-16,Mechanical Keyboard,Electronics,West,7,117.3,821.1,433.31
2024-05-16,Coffee Mug,Home & Kitchen,Central,2,15.15,30.3,16.66
2024-05-16,Coffee Mug,Home & Kitchen,West,2,25.38,50.76,29.33
2024-05-16,Sticky Notes,Stationery,South,3,5.11,15.33,9.85
2024-05-16,Office Chair,Furniture,East,3,319.39,958.17,526.04
2024-05-16,Coffee Mug,Home & Kitchen,West,4,10.45,41.8,25.95
2024-05-16,Desk Lamp,Furniture,South,4,339.12,1356.48,861.87
2024-05-16,Sticky Notes,Stationery,West,7,5.38,37.66,19.74
2024-05-16,Coffee Mug,Home & Kitchen,Central,1,25.86,25.86,17.21
2024-05-16,Wireless Mouse,Electronics,East,7,90.25,631.75,331.55
2024-05-16,USB-C Hub,Electronics,East,2,90.81,181.62,99.64
2024-05-16,Ballpoint Pens (Pack),Stationery,South,5,2.96,14.8,8.86
2024-05-17,Office Chair,Furniture,East,6,188.95,1133.7,695.69
2024-05-17,Coffee Mug,Home & Kitchen,North,3,16.16,48.48,27.76
2024-05-17,Standing Desk,Furniture,East,3,148.37,445.11,236.3
2024-05-17,USB-C Hub,Electronics,South,5,105.21,526.05,324.39
2024-05-17,USB-C Hub,Electronics,Central,1,42.24,42.24,24.55
2024-05-17,Coffee Mug,Home & Kitchen,South,6,19.51,117.06,67.38
2024-05-17,Ballpoint Pens (Pack),Stationery,South,8,2.19,17.52,9.96
2024-05-17,Standing Desk,Furniture,South,4,236.51,946.04,510.28
2024-05-17,Ballpoint Pens (Pack),Stationery,West,1,12.18,12.18,6.65
2024-05-17,Office Chair,Furniture,East,1,88.66,88.66,54.14
2024-05-17,Sticky Notes,Stationery,Central,2,9.37,18.74,10.33
2024-05-17,USB-C Hub,Electronics,South,4,87.41,349.64,213.42
2024-05-18,Mechanical Keyboard,Electronics,South,2,110.14,220.28,120.89
2024-05-18,Coffee Mug,Home & Kitchen,West,8,25.38,203.04,104.49
2024-05-18,Ballpoint Pens (Pack),Stationery,North,8,9.05,72.4,43.26
2024-05-18,Coffee Mug,Home & Kitchen,North,7,25.1,175.7,94.7
2024-05-18,Water Bottle,Home & Kitchen,Central,8,13.96,111.68,69.94
2024-05-18,Desk Lamp,Furniture,Central,8,335.92,2687.36,1477.52
2024-05-18,Standing Desk,Furniture,Central,5,92.33,461.65,231.43
2024-05-18,Sticky Notes,Stationery,West,8,7.62,60.96,41.76
2024-05-19,Ballpoint Pens (Pack),Stationery,East,3,5.01,15.03,8.43
2024-05-19,Sticky Notes,Stationery,West,2,4.73,9.46,5.34
2024-05-19,Office Chair,Furniture,West,3,236.94,710.82,494.89
2024-05-19,Water Bottle,Home & Kitchen,Central,7,18.38,128.66,86.36
2024-05-19,Standing Desk,Furniture,East,3,270.75,812.25,456.16
2024-05-19,Coffee Mug,Home & Kitchen,West,7,16.99,118.93,74.83
2024-05-19,USB-C Hub,Electronics,West,5,17.05,85.25,47.65
2024-05-19,Desk Lamp,Furniture,North,6,170.9,1025.4,676.25
2024-05-19,Coffee Mug,Home & Kitchen,Central,8,15.16,121.28,72.28
2024-05-19,Coffee Mug,Home & Kitchen,West,1,23.54,23.54,12.95
2024-05-19,Coffee Mug,Home & Kitchen,Central,7,19.83,138.81,81.57
2024-05-19,Standing Desk,Furniture,North,8,277.45,2219.6,1293.48
2024-05-19,USB-C Hub,Electronics,South,5,75.28,376.4,229.35
2024-05-19,Water Bottle,Home & Kitchen,East,5,27.16,135.8,86.89
2024-05-20,Desk Lamp,Furniture,East,8,122.3,978.4,560.08
2024-05-20,Office Chair,Furniture,East,5,330.48,1652.4,967.42
2024-05-20,Ballpoint Pens (Pack),Stationery,North,1,2.21,2.21,1.12
2024-05-20,Sticky Notes,Stationery,East,8,2.87,22.96,11.9
2024-05-20,Sticky Notes,Stationery,North,3,3.14,9.42,5.86
2024-05-20,Office Chair,Furniture,North,7,195.06,1365.42,724.27
2024-05-20,Desk Lamp,Furniture,North,3,158.54,475.62,315.83
2024-05-20,Notebook Set,Stationery,North,7,12.77,89.39,48.72
2024-05-21,Notebook Set,Stationery,South,5,11.98,59.9,37.78
2024-05-21,Office Chair,Furniture,Central,6,267.32,1603.92,849.53
2024-05-21,Standing Desk,Furniture,South,2,234.56,469.12,285.23
2024-05-21,Mechanical Keyboard,Electronics,East,6,112.49,674.94,471.24
2024-05-21,Office Chair,Furniture,South,6,314.51,1887.06,1301.32
2024-05-21,Wireless Mouse,Electronics,West,4,54.94,219.76,126.6
2024-05-21,Mechanical Keyboard,Electronics,North,3,68.2,204.6,110.88
2024-05-22,Ballpoint Pens (Pack),Stationery,Central,6,4.48,26.88,17.74
2024-05-22,Desk Lamp,Furniture,West,5,334.02,1670.1,975.34
2024-05-22,Mechanical Keyboard,Electronics,East,6,114.3,685.8,384.14
2024-05-22,Mechanical Keyboard,Electronics,West,8,16.66,133.28,67.85
2024-05-22,Office Chair,Furniture,South,1,105.17,105.17,53.87
2024-05-22,Office Chair,Furniture,East,6,298.74,1792.44,1082.13
2024-05-23,USB-C Hub,Electronics,South,6,107.3,643.8,361.31
2024-05-23,Water Bottle,Home & Kitchen,East,5,8.63,43.15,25.64
2024-05-23,USB-C Hub,Electronics,West,1,71.64,71.64,37.25
2024-05-23,Desk Lamp,Furniture,South,2,79.23,158.46,92.38
2024-05-23,Sticky Notes,Stationery,West,3,2.01,6.03,4.1
2024-05-23,Standing Desk,Furniture,South,6,166.02,996.12,593.25
2024-05-23,Coffee Mug,Home & Kitchen,South,3,12.96,38.88,20.08
2024-05-23,Mechanical Keyboard,Electronics,West,5,108.13,540.65,341.62
2024-05-23,Desk Lamp,Furniture,West,5,98.2,491.0,302.39
2024-05-23,Wireless Mouse,Electronics,West,1,98.39,98.39,65.63
2024-05-23,Office Chair,Furniture,South,7,225.91,1581.37,989.53
2024-05-23,Coffee Mug,Home & Kitchen,West,8,17.68,141.44,91.79
2024-05-23,Water Bottle,Home & Kitchen,Central,6,25.75,154.5,92.31
2024-05-23,Sticky Notes,Stationery,West,2,8.75,17.5,10.03
2024-05-23,Water Bottle,Home & Kitchen,North,3,10.65,31.95,20.53
2024-05-23,USB-C Hub,Electronics,East,5,62.52,312.6,217.05
2024-05-23,USB-C Hub,Electronics,West,4,29.88,119.52,77.56
2024-05-24,Sticky Notes,Stationery,Central,3,2.61,7.83,4.76
2024-05-24,Sticky Notes,Stationery,South,6,10.25,61.5,33.53
2024-05-24,USB-C Hub,Electronics,Central,7,105.12,735.84,411.55
2024-05-24,Sticky Notes,Stationery,West,8,14.2,113.6,62.51
2024-05-24,Sticky Notes,Stationery,East,4,14.47,57.88,33.69
2024-05-24,USB-C Hub,Electronics,West,3,95.28,285.84,187.87
2024-05-24,Water Bottle,Home & Kitchen,West,7,12.98,90.86,62.68
2024-05-24,USB-C Hub,Electronics,West,2,91.23,182.46,96.43
2024-05-24,Standing Desk,Furniture,East,1,210.98,210.98,130.74
2024-05-24,Office Chair,Furniture,West,5,216.97,1084.85,733.41
2024-05-24,Desk Lamp,Furniture,East,1,318.42,318.42,196.46
2024-05-24,Ballpoint Pens (Pack),Stationery,East,4,11.51,46.04,30.99
2024-05-24,Office Chair,Furniture,West,7,245.04,1715.28,1106.03
2024-05-24,Standing Desk,Furniture,East,6,302.53,1815.18,944.3
2024-05-24,Ballpoint Pens (Pack),Stationery,South,8,5.45,43.6,29.0
2024-05-24,Ballpoint Pens (Pack),Stationery,Central,7,10.68,74.76,38.99
2024-05-24,Water Bottle,Home & Kitchen,North,2,22.8,45.6,31.04
2024-05-25,Notebook Set,Stationery,West,1,13.08,13.08,7.91
2024-05-25,Notebook Set,Stationery,West,1,10.2,10.2,5.7
2024-05-25,Notebook Set,Stationery,North,8,12.64,101.12,70.25
2024-05-25,Office Chair,Furniture,East,8,154.11,1232.88,805.96
2024-05-25,USB-C Hub,Electronics,South,6,92.77,556.62,333.95
2024-05-26,Mechanical Keyboard,Electronics,East,6,79.72,478.32,318.44
2024-05-26,Mechanical Keyboard,Electronics,North,7,47.86,335.02,185.24
2024-05-26,Ballpoint Pens (Pack),Stationery,East,6,11.81,70.86,40.0
2024-05-26,Mechanical Keyboard,Electronics,South,5,110.43,552.15,335.51
2024-05-26,Notebook Set,Stationery,Central,2,9.77,19.54,11.35
2024-05-26,Standing Desk,Furniture,South,6,175.06,1050.36,726.02
2024-05-26,Standing Desk,Furniture,Central,2,125.2,250.4,132.96
2024-05-26,Standing Desk,Furniture,North,8,261.57,2092.56,1230.57
2024-05-26,Office Chair,Furniture,South,1,339.73,339.73,199.69
2024-05-26,Sticky Notes,Stationery,Central,4,9.55,38.2,25.89
2024-05-27,Notebook Set,Stationery,East,6,6.81,40.86,28.09
2024-05-27,Desk Lamp,Furniture,Central,6,261.03,1566.18,1003.12
2024-05-27,Sticky Notes,Stationery,Central,3,14.81,44.43,26.97
2024-05-27,Mechanical Keyboard,Electronics,Central,4,90.61,362.44,252.63
2024-05-27,Ballpoint Pens (Pack),Stationery,East,1,9.68,9.68,6.77
2024-05-27,Wireless Mouse,Electronics,Central,8,73.69,589.52,312.2
2024-05-27,Water Bottle,Home & Kitchen,East,2,27.72,55.44,28.03
2024-05-27,Coffee Mug,Home & Kitchen,West,7,12.73,89.11,52.61
2024-05-27,Sticky Notes,Stationery,East,6,8.6,51.6,33.71
2024-05-27,Water Bottle,Home & Kitchen,Central,6,24.6,147.6,91.14
2024-05-27,Mechanical Keyboard,Electronics,Central,2,70.63,141.26,87.62
2024-05-28,USB-C Hub,Electronics,South,1,83.19,83.19,57.34
2024-05-28,Coffee Mug,Home & Kitchen,West,7,12.03,84.21,47.35
2024-05-28,USB-C Hub,Electronics,West,5,67.47,337.35,235.18
2024-05-28,Water Bottle,Home & Kitchen,North,6,27.34,164.04,84.02
2024-05-28,Sticky Notes,Stationery,North,6,14.81,88.86,50.24
2024-05-28,Standing Desk,Furniture,North,6,337.16,2022.96,1085.03
2024-05-28,Office Chair,Furniture,East,2,324.66,649.32,440.43
2024-05-28,USB-C Hub,Electronics,Central,3,100.51,301.53,204.33
2024-05-28,Mechanical Keyboard,Electronics,East,5,26.32,131.6,68.42
2024-05-28,Office Chair,Furniture,Central,3,326.8,980.4,597.65
2024-05-28,Notebook Set,Stationery,West,2,5.2,10.4,7.2
2024-05-28,Ballpoint Pens (Pack),Stationery,South,7,14.77,103.39,69.14
2024-05-29,Water Bottle,Home & Kitchen,Central,2,28.06,56.12,34.38
2024-05-29,Sticky Notes,Stationery,Central,7,5.67,39.69,25.91
2024-05-29,Standing Desk,Furniture,West,7,83.89,587.23,359.53
2024-05-29,Coffee Mug,Home & Kitchen,West,5,23.05,115.25,58.9
2024-05-29,Wireless Mouse,Electronics,South,2,47.25,94.5,59.36
2024-05-29,Wireless Mouse,Electronics,Central,1,19.96,19.96,10.19
2024-05-29,Water Bottle,Home & Kitchen,West,3,12.72,38.16,22.57
2024-05-29,USB-C Hub,Electronics,South,6,22.66,135.96,68.4
2024-05-29,Notebook Set,Stationery,South,2,5.13,10.26,6.84
2024-05-29,USB-C Hub,Electronics,West,4,54.04,216.16,118.72
2024-05-29,Water Bottle,Home & Kitchen,East,7,14.81,103.67,71.33
2024-05-29,Water Bottle,Home & Kitchen,East,7,14.12,98.84,67.23
2024-05-29,Ballpoint Pens (Pack),Stationery,East,1,11.05,11.05,6.99
2024-05-29,Office Chair,Furniture,North,2,321.64,643.28,363.76
2024-05-29,Standing Desk,Furniture,West,5,142.56,712.8,373.42
2024-05-29,Office Chair,Furniture,North,8,210.29,1682.32,878.64
2024-05-29,Wireless Mouse,Electronics,West,3,23.78,71.34,40.96
2024-05-30,USB-C Hub,Electronics,West,1,84.6,84.6,54.57
2024-05-30,Wireless Mouse,Electronics,Central,1,114.6,114.6,65.32
2024-05-30,Office Chair,Furniture,North,7,334.58,2342.06,1464.82
2024-05-30,Desk Lamp,Furniture,West,1,80.12,80.12,48.98
2024-05-30,USB-C Hub,Electronics,Central,6,20.95,125.7,78.4
2024-05-30,USB-C Hub,Electronics,East,6,19.04,114.24,57.2
2024-05-30,Wireless Mouse,Electronics,West,2,104.99,209.98,105.82
2024-05-30,Ballpoint Pens (Pack),Stationery,Central,7,7.85,54.95,34.98
2024-05-30,Coffee Mug,Home & Kitchen,East,6,27.77,166.62,98.45
2024-05-30,Desk Lamp,Furniture,South,3,271.98,815.94,449.94
2024-05-30,USB-C Hub,Electronics,East,1,60.33,60.33,40.78
2024-05-30,Office Chair,Furniture,West,3,162.35,487.05,284.22
2024-05-30,Ballpoint Pens (Pack),Stationery,West,7,10.65,74.55,45.18
2024-05-31,Office Chair,Furniture,South,4,334.92,1339.68,767.21
2024-05-31,Ballpoint Pens (Pack),Stationery,Central,7,7.11,49.77,30.29
2024-05-31,Ballpoint Pens (Pack),Stationery,East,7,9.17,64.19,37.03
2024-05-31,Sticky Notes,Stationery,West,3,4.68,14.04,7.5
2024-05-31,Water Bottle,Home & Kitchen,Central,3,11.32,33.96,19.13
2024-05-31,Office Chair,Furniture,South,8,330.58,2644.64,1785.62
2024-05-31,Water Bottle,Home & Kitchen,North,2,9.16,18.32,12.28
2024-05-31,Desk Lamp,Furniture,East,4,337.81,1351.24,844.05
2024-05-31,Desk Lamp,Furniture,Central,8,264.04,2112.32,1293.54
2024-05-31,USB-C Hub,Electronics,South,7,27.44,192.08,120.19
2024-05-31,Standing Desk,Furniture,South,2,102.53,205.06,108.09
2024-06-01,Notebook Set,Stationery,West,7,9.62,67.34,38.55
2024-06-01,Ballpoint Pens (Pack),Stationery,Central,3,8.39,25.17,14.32
2024-06-01,Desk Lamp,Furniture,North,6,99.13,594.78,315.17
2024-06-01,Water Bottle,Home & Kitchen,South,6,15.8,94.8,66.05
2024-06-01,Ballpoint Pens (Pack),Stationery,North,7,5.29,37.03,25.79
2024-06-01,Wireless Mouse,Electronics,West,6,110.11,660.66,389.65
2024-06-01,Notebook Set,Stationery,East,1,10.54,10.54,5.97
2024-06-01,Wireless Mouse,Electronics,South,1,92.14,92.14,53.07
2024-06-02,Wireless Mouse,Electronics,East,7,50.24,351.68,204.48
2024-06-02,Desk Lamp,Furniture,South,6,220.19,1321.14,901.9
2024-06-02,Water Bottle,Home & Kitchen,North,6,10.83,64.98,42.39
2024-06-02,Office Chair,Furniture,North,3,104.66,313.98,211.23
2024-06-02,Wireless Mouse,Electronics,North,6,106.37,638.22,430.33
2024-06-02,Ballpoint Pens (Pack),Stationery,East,2,3.8,7.6,5.21
2024-06-02,USB-C Hub,Electronics,North,2,15.4,30.8,15.89
2024-06-02,Desk Lamp,Furniture,Central,4,117.22,468.88,251.89
2024-06-02,Standing Desk,Furniture,Central,1,207.2,207.2,114.51
2024-06-02,Sticky Notes,Stationery,Central,4,2.99,11.96,6.75
2024-06-02,Office Chair,Furniture,South,7,231.77,1622.39,903.8
2024-06-02,Notebook Set,Stationery,East,6,10.51,63.06,34.7
2024-06-02,USB-C Hub,Electronics,North,1,21.59,21.59,14.33
2024-06-03,Mechanical Keyboard,Electronics,West,1,117.6,117.6,80.31
2024-06-03,Water Bottle,Home & Kitchen,Central,2,15.88,31.76,21.03
2024-06-03,Desk Lamp,Furniture,West,5,150.91,754.55,465.89
2024-06-03,Wireless Mouse,Electronics,East,7,63.82,446.74,310.24
2024-06-03,Ballpoint Pens (Pack),Stationery,West,8,7.01,56.08,37.84
2024-06-03,Desk Lamp,Furniture,West,3,64.05,192.15,102.71
2024-06-03,Coffee Mug,Home & Kitchen,South,4,15.42,61.68,31.11
2024-06-03,Notebook Set,Stationery,South,5,5.61,28.05,17.43
2024-06-03,Ballpoint Pens (Pack),Stationery,West,7,14.6,102.2,70.75
2024-06-03,Mechanical Keyboard,Electronics,East,8,78.82,630.56,342.57
2024-06-03,Ballpoint Pens (Pack),Stationery,North,5,6.04,30.2,18.79
2024-06-03,Coffee Mug,Home & Kitchen,South,5,10.82,54.1,33.17
2024-06-03,Ballpoint Pens (Pack),Stationery,North,1,4.72,4.72,2.58
2024-06-03,Desk Lamp,Furniture,West,5,227.39,1136.95,597.38
2024-06-03,Desk Lamp,Furniture,Central,4,236.72,946.88,580.12
2024-06-03,Wireless Mouse,Electronics,East,2,55.34,110.68,65.58
2024-06-03,Standing Desk,Furniture,North,8,116.02,928.16,531.61
2024-06-03,Wireless Mouse,Electronics,West,4,38.45,153.8,94.18
2024-06-03,Standing Desk,Furniture,East,8,235.38,1883.04,1184.75
2024-06-03,Coffee Mug,Home & Kitchen,Central,2,19.52,39.04,23.46
2024-06-03,Office Chair,Furniture,West,7,307.28,2150.96,1202.86
2024-06-03,Wireless Mouse,Electronics,West,2,53.71,107.42,61.92
2024-06-04,USB-C Hub,Electronics,Central,8,94.64,757.12,485.51
2024-06-04,Ballpoint Pens (Pack),Stationery,East,3,2.22,6.66,3.76
2024-06-04,Ballpoint Pens (Pack),Stationery,East,3,9.15,27.45,17.27
2024-06-04,Notebook Set,Stationery,South,6,10.37,62.22,40.52
2024-06-04,Wireless Mouse,Electronics,Central,1,90.89,90.89,47.99
2024-06-04,Mechanical Keyboard,Electronics,Central,3,113.71,341.13,193.64
2024-06-04,Notebook Set,Stationery,East,2,8.82,17.64,10.22
2024-06-04,USB-C Hub,Electronics,Central,2,100.51,201.02,110.99
2024-06-04,Office Chair,Furniture,North,1,304.44,304.44,165.55
2024-06-04,Office Chair,Furniture,South,3,153.66,460.98,232.27
2024-06-04,Standing Desk,Furniture,West,1,262.17,262.17,162.0
2024-06-04,Office Chair,Furniture,South,8,263.53,2108.24,1433.0
2024-06-04,USB-C Hub,Electronics,West,4,30.99,123.96,68.57
2024-06-04,Desk Lamp,Furniture,Central,7,118.46,829.22,468.85
2024-06-05,Standing Desk,Furniture,West,2,190.98,381.96,242.3
2024-06-05,Notebook Set,Stationery,South,3,3.39,10.17,5.5
2024-06-05,Coffee Mug,Home & Kitchen,East,4,9.2,36.8,23.01
2024-06-05,Coffee Mug,Home & Kitchen,East,4,11.98,47.92,27.16
2024-06-05,Ballpoint Pens (Pack),Stationery,West,6,11.8,70.8,42.2
2024-06-05,Coffee Mug,Home & Kitchen,East,4,8.69,34.76,17.73
2024-06-05,Wireless Mouse,Electronics,East,1,46.86,46.86,23.93
2024-06-05,Office Chair,Furniture,South,7,168.12,1176.84,658.43
2024-06-05,Wireless Mouse,Electronics,North,5,29.89,149.45,102.06
2024-06-05,Mechanical Keyboard,Electronics,North,8,33.33,266.64,180.59
2024-06-05,Sticky Notes,Stationery,East,5,2.82,14.1,7.66
2024-06-06,Notebook Set,Stationery,West,1,8.05,8.05,4.05
2024-06-06,Wireless Mouse,Electronics,North,5,89.54,447.7,283.95
2024-06-06,Office Chair,Furniture,South,8,348.79,2790.32,1873.42
2024-06-06,Sticky Notes,Stationery,West,4,5.72,22.88,13.12
2024-06-06,Ballpoint Pens (Pack),Stationery,Central,3,11.44,34.32,19.36
2024-06-06,Water Bottle,Home & Kitchen,East,7,15.64,109.48,61.14
2024-06-06,Water Bottle,Home & Kitchen,West,7,27.46,192.22,108.9
2024-06-06,Desk Lamp,Furniture,West,8,309.92,2479.36,1490.77
2024-06-06,Water Bottle,Home & Kitchen,South,6,25.57,153.42,80.99
2024-06-06,Office Chair,Furniture,West,2,315.41,630.82,380.96
2024-06-06,Coffee Mug,Home & Kitchen,North,5,12.99,64.95,41.69
2024-06-06,Desk Lamp,Furniture,West,2,302.58,605.16,365.89
2024-06-06,Notebook Set,Stationery,South,6,14.84,89.04,55.99
2024-06-06,USB-C Hub,Electronics,South,1,108.78,108.78,74.32
2024-06-06,Standing Desk,Furniture,South,7,120.68,844.76,454.65
2024-06-07,Wireless Mouse,Electronics,North,5,27.71,138.55,76.3
2024-06-07,Mechanical Keyboard,Electronics,West,6,84.47,506.82,291.41
2024-06-07,Standing Desk,Furniture,West,8,232.07,1856.56,1113.93
2024-06-07,Desk Lamp,Furniture,North,5,309.74,1548.7,804.71
2024-06-07,Coffee Mug,Home & Kitchen,Central,6,16.36,98.16,67.98
2024-06-07,Mechanical Keyboard,Electronics,West,5,72.09,360.45,246.71
2024-06-08,Ballpoint Pens (Pack),Stationery,West,6,2.45,14.7,9.63
2024-06-08,Ballpoint Pens (Pack),Stationery,South,7,9.71,67.97,34.37
2024-06-08,Sticky Notes,Stationery,West,2,11.06,22.12,15.15
2024-06-09,Water Bottle,Home & Kitchen,North,5,27.85,139.25,77.8
2024-06-09,USB-C Hub,Electronics,North,5,78.12,390.6,201.3
2024-06-09,Ballpoint Pens (Pack),Stationery,West,4,12.49,49.96,32.7
2024-06-09,Wireless Mouse,Electronics,East,3,38.46,115.38,74.16
2024-06-09,Mechanical Keyboard,Electronics,North,3,29.62,88.86,52.22
2024-06-09,Desk Lamp,Furniture,West,1,320.33,320.33,186.98
2024-06-09,Wireless Mouse,Electronics,East,7,73.51,514.57,354.92
2024-06-09,Desk Lamp,Furniture,West,7,130.54,913.78,461.3
2024-06-10,Mechanical Keyboard,Electronics,Central,3,84.79,254.37,140.57
2024-06-10,Mechanical Keyboard,Electronics,South,7,27.16,190.12,123.45
2024-06-10,Notebook Set,Stationery,North,6,3.47,20.82,12.85
2024-06-10,Wireless Mouse,Electronics,East,3,48.55,145.65,92.17
2024-06-10,Ballpoint Pens (Pack),Stationery,West,4,10.23,40.92,27.04
2024-06-10,USB-C Hub,Electronics,South,3,105.42,316.26,193.94
2024-06-10,Office Chair,Furniture,West,6,300.11,1800.66,915.78
2024-06-10,Desk Lamp,Furniture,West,1,270.68,270.68,180.62
2024-06-10,Office Chair,Furniture,South,8,289.24,2313.92,1506.56
2024-06-10,USB-C Hub,Electronics,South,5,67.2,336.0,205.75
2024-06-10,USB-C Hub,Electronics,North,6,44.13,264.78,150.47
2024-06-11,Sticky Notes,Stationery,Central,6,8.11,48.66,31.7
2024-06-11,Coffee Mug,Home & Kitchen,Central,3,15.53,46.59,28.11
2024-06-11,Water Bottle,Home & Kitchen,North,5,21.08,105.4,57.5
2024-06-11,Desk Lamp,Furniture,South,4,148.84,595.36,346.68
2024-06-11,Standing Desk,Furniture,Central,7,114.62,802.34,529.9
2024-06-11,Standing Desk,Furniture,South,6,220.34,1322.04,798.54
2024-06-11,Mechanical Keyboard,Electronics,East,4,36.6,146.4,92.16
2024-06-11,Ballpoint Pens (Pack),Stationery,East,4,14.12,56.48,32.1
2024-06-12,Standing Desk,Furniture,Central,2,340.29,680.58,340.73
2024-06-12,Office Chair,Furniture,East,8,347.35,2778.8,1704.77
2024-06-12,Office Chair,Furniture,East,1,242.15,242.15,142.25
2024-06-12,Desk Lamp,Furniture,North,3,164.79,494.37,330.95
2024-06-12,Standing Desk,Furniture,North,5,87.81,439.05,223.03
2024-06-12,Water Bottle,Home & Kitchen,Central,1,14.1,14.1,8.26
2024-06-12,Office Chair,Furniture,South,5,162.53,812.65,501.26
2024-06-12,Office Chair,Furniture,South,7,238.73,1671.11,1083.03
2024-06-12,Standing Desk,Furniture,West,2,305.16,610.32,325.38
2024-06-12,USB-C Hub,Electronics,South,5,26.28,131.4,81.46
2024-06-12,Notebook Set,Stationery,West,4,7.31,29.24,15.5
2024-06-12,Notebook Set,Stationery,Central,7,4.67,32.69,19.2
2024-06-12,Sticky Notes,Stationery,East,6,7.04,42.24,22.86
2024-06-12,USB-C Hub,Electronics,North,7,32.68,228.76,126.92
2024-06-13,Standing Desk,Furniture,South,7,196.22,1373.54,753.82
2024-06-13,Mechanical Keyboard,Electronics,West,1,55.83,55.83,36.0
2024-06-13,Notebook Set,Stationery,North,7,6.77,47.39,28.23
2024-06-13,USB-C Hub,Electronics,South,4,103.82,415.28,215.11
2024-06-13,USB-C Hub,Electronics,North,1,41.29,41.29,21.81
2024-06-13,Notebook Set,Stationery,East,3,8.77,26.31,13.64
2024-06-14,Wireless Mouse,Electronics,Central,3,45.27,135.81,68.37
2024-06-14,Office Chair,Furniture,Central,2,89.44,178.88,93.88
2024-06-14,Ballpoint Pens (Pack),Stationery,Central,6,14.12,84.72,42.51
2024-06-14,USB-C Hub,Electronics,East,1,67.6,67.6,40.14
2024-06-14,USB-C Hub,Electronics,South,6,75.26,451.56,235.7
2024-06-14,Office Chair,Furniture,South,1,169.45,169.45,111.8
2024-06-14,Water Bottle,Home & Kitchen,West,7,19.43,136.01,89.4
2024-06-14,Coffee Mug,Home & Kitchen,West,5,18.99,94.95,62.76
2024-06-14,Office Chair,Furniture,North,6,93.51,561.06,314.14
2024-06-14,Wireless Mouse,Electronics,East,8,35.86,286.88,151.88
2024-06-14,Coffee Mug,Home & Kitchen,South,5,27.88,139.4,76.75
2024-06-14,Notebook Set,Stationery,West,8,3.7,29.6,16.25
2024-06-14,USB-C Hub,Electronics,North,5,54.27,271.35,183.0
2024-06-14,Mechanical Keyboard,Electronics,Central,5,52.25,261.25,176.01
2024-06-14,Ballpoint Pens (Pack),Stationery,North,6,8.59,51.54,26.81
2024-06-15,Sticky Notes,Stationery,East,1,8.77,8.77,5.09
2024-06-15,Coffee Mug,Home & Kitchen,West,6,19.37,116.22,60.98
2024-06-15,Ballpoint Pens (Pack),Stationery,West,7,12.13,84.91,52.07
2024-06-15,Mechanical Keyboard,Electronics,South,7,49.67,347.69,183.86
2024-06-15,Office Chair,Furniture,North,7,123.87,867.09,456.6
2024-06-15,Notebook Set,Stationery,Central,4,3.97,15.88,8.75
2024-06-15,Office Chair,Furniture,North,2,70.86,141.72,77.07
2024-06-15,USB-C Hub,Electronics,West,2,23.4,46.8,32.57
2024-06-16,Ballpoint Pens (Pack),Stationery,East,6,4.02,24.12,15.52
2024-06-16,Sticky Notes,Stationery,East,4,8.28,33.12,19.93
2024-06-16,Ballpoint Pens (Pack),Stationery,West,1,13.22,13.22,7.0
2024-06-16,Office Chair,Furniture,South,4,104.44,417.76,239.21
2024-06-16,Notebook Set,Stationery,West,6,10.1,60.6,38.33
2024-06-16,Desk Lamp,Furniture,North,7,185.33,1297.31,735.26
2024-06-16,Desk Lamp,Furniture,North,5,314.94,1574.7,972.67
2024-06-16,Notebook Set,Stationery,West,4,4.14,16.56,9.36
2024-06-17,Notebook Set,Stationery,North,2,2.11,4.22,2.53
2024-06-17,Mechanical Keyboard,Electronics,South,1,15.22,15.22,8.73
2024-06-17,Water Bottle,Home & Kitchen,East,2,8.86,17.72,10.93
2024-06-17,Wireless Mouse,Electronics,Central,1,101.25,101.25,70.74
2024-06-17,Mechanical Keyboard,Electronics,East,5,79.62,398.1,204.22
2024-06-17,Coffee Mug,Home & Kitchen,East,3,21.34,64.02,40.83
2024-06-17,Wireless Mouse,Electronics,West,6,84.83,508.98,306.29
2024-06-17,Standing Desk,Furniture,West,7,128.19,897.33,507.28
2024-06-17,Office Chair,Furniture,West,3,70.67,212.01,112.27
2024-06-17,Ballpoint Pens (Pack),Stationery,South,3,6.33,18.99,10.4
2024-06-17,Ballpoint Pens (Pack),Stationery,West,7,14.25,99.75,61.6
2024-06-17,Office Chair,Furniture,West,1,173.33,173.33,115.82
2024-06-17,Standing Desk,Furniture,West,3,194.42,583.26,392.25
2024-06-17,Ballpoint Pens (Pack),Stationery,South,6,10.56,63.36,41.2
2024-06-17,USB-C Hub,Electronics,North,3,115.2,345.6,183.04
2024-06-17,USB-C Hub,Electronics,South,8,115.49,923.92,604.4
2024-06-18,Water Bottle,Home & Kitchen,East,6,18.62,111.72,74.28
2024-06-18,Sticky Notes,Stationery,South,4,13.15,52.6,29.18
2024-06-18,Notebook Set,Stationery,Central,4,12.4,49.6,31.93
2024-06-18,Sticky Notes,Stationery,East,8,7.3,58.4,38.45
2024-06-18,Ballpoint Pens (Pack),Stationery,West,8,5.0,40.0,24.73
2024-06-18,Ballpoint Pens (Pack),Stationery,East,5,12.62,63.1,38.86
2024-06-18,Notebook Set,Stationery,East,1,14.38,14.38,8.33
2024-06-18,Notebook Set,Stationery,North,2,12.59,25.18,14.69
2024-06-18,Sticky Notes,Stationery,East,1,8.94,8.94,5.86
2024-06-18,Office Chair,Furniture,West,6,250.27,1501.62,849.55
2024-06-18,Office Chair,Furniture,West,1,330.01,330.01,184.3
2024-06-18,Standing Desk,Furniture,West,3,119.19,357.57,245.42
2024-06-19,Standing Desk,Furniture,Central,2,105.11,210.22,145.2
2024-06-19,Mechanical Keyboard,Electronics,East,3,26.9,80.7,52.93
2024-06-19,Ballpoint Pens (Pack),Stationery,Central,2,12.21,24.42,12.66
2024-06-19,USB-C Hub,Electronics,West,4,72.26,289.04,191.02
2024-06-19,Mechanical Keyboard,Electronics,North,3,30.31,90.93,54.17
2024-06-19,Water Bottle,Home & Kitchen,East,1,10.28,10.28,6.19
2024-06-19,Notebook Set,Stationery,South,3,12.06,36.18,18.57
2024-06-20,Office Chair,Furniture,West,8,246.33,1970.64,1163.82
2024-06-20,Wireless Mouse,Electronics,Central,6,16.8,100.8,65.51
2024-06-20,Wireless Mouse,Electronics,East,8,23.95,191.6,100.26
2024-06-20,USB-C Hub,Electronics,West,8,73.13,585.04,387.39
2024-06-20,Water Bottle,Home & Kitchen,East,4,26.89,107.56,54.96
2024-06-21,Standing Desk,Furniture,South,5,349.79,1748.95,1217.73
2024-06-21,Sticky Notes,Stationery,East,2,7.29,14.58,8.12
2024-06-21,USB-C Hub,Electronics,North,3,112.8,338.4,175.64
2024-06-21,Standing Desk,Furniture,East,6,112.96,677.76,370.26
2024-06-21,Standing Desk,Furniture,East,2,219.19,438.38,245.25
2024-06-21,Sticky Notes,Stationery,East,2,2.53,5.06,2.96
2024-06-21,Water Bottle,Home & Kitchen,East,5,28.78,143.9,72.07
2024-06-22,Ballpoint Pens (Pack),Stationery,North,8,3.39,27.12,18.66
2024-06-22,Office Chair,Furniture,North,6,248.06,1488.36,931.96
2024-06-22,Wireless Mouse,Electronics,West,4,91.52,366.08,233.01
2024-06-22,Office Chair,Furniture,West,1,313.77,313.77,209.71
2024-06-22,Ballpoint Pens (Pack),Stationery,Central,4,10.67,42.68,25.85
2024-06-22,Desk Lamp,Furniture,South,7,179.35,1255.45,782.49
2024-06-22,Mechanical Keyboard,Electronics,West,5,83.08,415.4,223.58
2024-06-22,Standing Desk,Furniture,South,3,228.26,684.78,439.78
2024-06-22,Office Chair,Furniture,South,1,258.38,258.38,178.77
2024-06-22,Coffee Mug,Home & Kitchen,North,4,10.35,41.4,22.41
2024-06-22,USB-C Hub,Electronics,South,2,106.22,212.44,135.13
2024-06-23,Ballpoint Pens (Pack),Stationery,South,3,13.31,39.93,25.25
2024-06-23,Ballpoint Pens (Pack),Stationery,West,5,7.63,38.15,25.04
2024-06-23,Wireless Mouse,Electronics,West,5,36.4,182.0,97.44
2024-06-23,Wireless Mouse,Electronics,West,2,76.58,153.16,97.67
2024-06-23,Standing Desk,Furniture,West,7,199.3,1395.1,915.47
2024-06-23,Water Bottle,Home & Kitchen,West,7,28.55,199.85,104.31
2024-06-23,Desk Lamp,Furniture,Central,5,138.83,694.15,450.7
2024-06-23,Wireless Mouse,Electronics,North,2,40.33,80.66,51.11
2024-06-23,Sticky Notes,Stationery,Central,3,2.04,6.12,3.46
2024-06-23,Sticky Notes,Stationery,West,6,3.41,20.46,13.36
2024-06-23,Standing Desk,Furniture,East,4,254.25,1017.0,581.09
2024-06-23,Notebook Set,Stationery,West,4,13.15,52.6,34.28
2024-06-23,Sticky Notes,Stationery,East,8,2.21,17.68,10.84
2024-06-23,USB-C Hub,Electronics,South,7,105.99,741.93,381.74
2024-06-23,Water Bottle,Home & Kitchen,Central,8,16.16,129.28,65.59
2024-06-23,Wireless Mouse,Electronics,Central,7,27.63,193.41,104.79
2024-06-24,Desk Lamp,Furniture,South,2,132.59,265.18,182.35
2024-06-24,Office Chair,Furniture,North,8,216.91,1735.28,869.85
2024-06-24,Ballpoint Pens (Pack),Stationery,South,7,8.55,59.85,36.82
2024-06-24,Wireless Mouse,Electronics,West,6,113.14,678.84,439.74
2024-06-24,Water Bottle,Home & Kitchen,Central,1,13.15,13.15,6.69
2024-06-24,USB-C Hub,Electronics,South,4,35.75,143.0,89.19
2024-06-24,Wireless Mouse,Electronics,North,4,53.5,214.0,125.48
2024-06-24,Mechanical Keyboard,Electronics,South,8,54.7,437.6,292.57
2024-06-24,Notebook Set,Stationery,North,2,4.0,8.0,4.37
2024-06-24,USB-C Hub,Electronics,East,6,108.07,648.42,397.78
2024-06-24,Ballpoint Pens (Pack),Stationery,West,3,5.63,16.89,9.17
2024-06-25,Wireless Mouse,Electronics,South,7,46.03,322.21,198.57
2024-06-25,USB-C Hub,Electronics,North,4,92.39,369.56,213.95
2024-06-25,Water Bottle,Home & Kitchen,Central,3,25.58,76.74,42.06
2024-06-25,Wireless Mouse,Electronics,Central,2,40.36,80.72,44.55
2024-06-25,Desk Lamp,Furniture,Central,3,72.77,218.31,115.26
2024-06-25,Office Chair,Furniture,North,3,80.72,242.16,156.81
2024-06-26,Desk Lamp,Furniture,West,3,347.9,1043.7,524.26
2024-06-26,Wireless Mouse,Electronics,North,1,23.78,23.78,12.28
2024-06-26,Office Chair,Furniture,West,2,319.35,638.7,399.93
2024-06-26,Coffee Mug,Home & Kitchen,North,3,25.48,76.44,45.93
2024-06-26,Standing Desk,Furniture,East,5,218.27,1091.35,663.54
2024-06-26,Standing Desk,Furniture,West,2,299.06,598.12,304.14
2024-06-26,Notebook Set,Stationery,West,1,2.57,2.57,1.63
2024-06-26,Office Chair,Furniture,West,6,85.72,514.32,272.59
2024-06-26,Notebook Set,Stationery,Central,2,5.5,11.0,6.21
2024-06-26,Water Bottle,Home & Kitchen,North,6,24.05,144.3,88.1
2024-06-26,Wireless Mouse,Electronics,West,1,57.71,57.71,34.16
2024-06-26,Desk Lamp,Furniture,North,3,77.61,232.83,156.71
2024-06-26,Standing Desk,Furniture,Central,2,325.42,650.84,420.87
2024-06-26,Water Bottle,Home & Kitchen,South,8,16.32,130.56,85.23
2024-06-27,Sticky Notes,Stationery,North,7,2.85,19.95,12.45
2024-06-27,Standing Desk,Furniture,South,5,105.99,529.95,340.97
2024-06-27,Desk Lamp,Furniture,Central,7,149.78,1048.46,707.38
2024-06-27,Notebook Set,Stationery,East,7,6.86,48.02,32.4
2024-06-27,USB-C Hub,Electronics,West,4,90.72,362.88,195.35
2024-06-27,Wireless Mouse,Electronics,North,8,54.61,436.88,268.74
2024-06-27,Sticky Notes,Stationery,Central,1,6.79,6.79,4.08
2024-06-27,USB-C Hub,Electronics,East,6,91.18,547.08,347.25
2024-06-27,Desk Lamp,Furniture,North,5,76.68,383.4,261.98
2024-06-27,Office Chair,Furniture,East,4,134.74,538.96,312.03
2024-06-27,Office Chair,Furniture,South,2,266.28,532.56,359.86
2024-06-27,Mechanical Keyboard,Electronics,Central,1,78.68,78.68,42.46
2024-06-28,Office Chair,Furniture,South,7,349.84,2448.88,1241.46
2024-06-28,Mechanical Keyboard,Electronics,North,8,94.63,757.04,454.33
2024-06-28,Notebook Set,Stationery,Central,1,12.66,12.66,6.4
2024-06-28,Mechanical Keyboard,Electronics,East,7,26.76,187.32,102.82
2024-06-29,Notebook Set,Stationery,East,8,11.48,91.84,56.87
2024-06-29,Notebook Set,Stationery,North,4,6.5,26.0,13.4
2024-06-29,Coffee Mug,Home & Kitchen,North,2,10.39,20.78,11.6
2024-06-29,Office Chair,Furniture,West,8,67.65,541.2,291.67
2024-06-29,USB-C Hub,Electronics,South,3,22.72,68.16,35.34
2024-06-29,Wireless Mouse,Electronics,East,3,69.57,208.71,130.67
2024-06-29,Desk Lamp,Furniture,South,8,184.31,1474.48,890.39
2024-06-29,Mechanical Keyboard,Electronics,North,3,59.78,179.34,121.05
2024-06-30,Wireless Mouse,Electronics,Central,4,52.94,211.76,138.18
2024-06-30,Notebook Set,Stationery,South,8,4.77,38.16,24.94
2024-06-30,Standing Desk,Furniture,East,6,184.64,1107.84,578.02
2024-06-30,Water Bottle,Home & Kitchen,West,7,12.64,88.48,53.52
2024-06-30,Standing Desk,Furniture,East,1,148.16,148.16,103.27
2024-06-30,Office Chair,Furniture,East,5,310.22,1551.1,939.53
2024-06-30,Notebook Set,Stationery,North,4,11.41,45.64,28.91
2024-07-01,Ballpoint Pens (Pack),Stationery,North,1,9.55,9.55,5.33
2024-07-01,Coffee Mug,Home & Kitchen,South,1,25.76,25.76,14.96
2024-07-01,Coffee Mug,Home & Kitchen,Central,7,25.17,176.19,98.54
2024-07-01,Sticky Notes,Stationery,Central,8,3.89,31.12,19.17
2024-07-01,Water Bottle,Home & Kitchen,Central,4,24.99,99.96,67.72
2024-07-01,Coffee Mug,Home & Kitchen,Central,4,26.46,105.84,70.0
2024-07-01,Office Chair,Furniture,East,3,184.66,553.98,283.06
2024-07-01,Coffee Mug,Home & Kitchen,North,8,17.19,137.52,93.28
2024-07-01,Water Bottle,Home & Kitchen,West,3,23.94,71.82,43.38
2024-07-01,Office Chair,Furniture,East,6,320.57,1923.42,1177.58
2024-07-01,Wireless Mouse,Electronics,East,1,109.21,109.21,57.72
2024-07-01,Coffee Mug,Home & Kitchen,Central,7,11.24,78.68,48.63
2024-07-01,Desk Lamp,Furniture,Central,3,137.15,411.45,236.85
2024-07-02,Notebook Set,Stationery,North,4,7.54,30.16,19.22
2024-07-02,USB-C Hub,Electronics,South,6,75.01,450.06,242.32
2024-07-02,Standing Desk,Furniture,West,3,290.92,872.76,545.66
2024-07-02,Wireless Mouse,Electronics,North,3,65.23,195.69,114.84
2024-07-02,Notebook Set,Stationery,West,2,14.74,29.48,15.93
2024-07-02,Mechanical Keyboard,Electronics,South,6,101.47,608.82,350.09
2024-07-02,Wireless Mouse,Electronics,Central,5,23.41,117.05,59.8
2024-07-02,Notebook Set,Stationery,South,4,10.35,41.4,21.12
2024-07-02,Desk Lamp,Furniture,South,5,319.76,1598.8,924.34
2024-07-02,Wireless Mouse,Electronics,West,3,91.23,273.69,144.35
2024-07-02,Wireless Mouse,Electronics,Central,2,93.32,186.64,107.67
2024-07-02,Wireless Mouse,Electronics,South,2,95.76,191.52,116.2
2024-07-02,Mechanical Keyboard,Electronics,South,4,36.28,145.12,81.68
2024-07-02,USB-C Hub,Electronics,South,6,111.16,666.96,395.41
2024-07-03,Office Chair,Furniture,South,2,107.38,214.76,125.5
2024-07-03,Sticky Notes,Stationery,East,3,14.69,44.07,23.71
2024-07-03,Ballpoint Pens (Pack),Stationery,North,5,11.44,57.2,35.22
2024-07-03,Wireless Mouse,Electronics,South,7,45.87,321.09,178.83
2024-07-03,Wireless Mouse,Electronics,South,8,36.51,292.08,152.37
2024-07-03,USB-C Hub,Electronics,West,8,85.06,680.48,362.22
2024-07-03,Mechanical Keyboard,Electronics,West,3,25.75,77.25,41.28
2024-07-03,Sticky Notes,Stationery,East,8,7.69,61.52,41.42
2024-07-03,Office Chair,Furniture,Central,4,305.94,1223.76,689.82
2024-07-03,Wireless Mouse,Electronics,East,4,75.1,300.4,192.43
2024-07-03,Sticky Notes,Stationery,West,7,7.9,55.3,32.1
2024-07-03,Ballpoint Pens (Pack),Stationery,South,7,13.18,92.26,60.24
2024-07-03,Notebook Set,Stationery,Central,3,4.35,13.05,7.38
2024-07-03,USB-C Hub,Electronics,North,7,86.27,603.89,421.38
2024-07-03,Mechanical Keyboard,Electronics,East,7,74.79,523.53,280.01
2024-07-04,Coffee Mug,Home & Kitchen,South,6,29.01,174.06,106.44
2024-07-04,Sticky Notes,Stationery,East,4,5.75,23.0,11.57
2024-07-04,USB-C Hub,Electronics,South,1,104.34,104.34,56.97
2024-07-04,Sticky Notes,Stationery,West,5,3.69,18.45,10.47
2024-07-04,Coffee Mug,Home & Kitchen,Central,2,20.01,40.02,23.67
2024-07-04,Wireless Mouse,Electronics,West,2,52.48,104.96,60.68
2024-07-04,Office Chair,Furniture,Central,3,238.52,715.56,495.67
2024-07-04,Mechanical Keyboard,Electronics,West,8,79.1,632.8,389.12
2024-07-04,Notebook Set,Stationery,Central,8,12.84,102.72,63.21
2024-07-04,Ballpoint Pens (Pack),Stationery,North,6,10.37,62.22,40.97
2024-07-04,Desk Lamp,Furniture,North,5,252.44,1262.2,729.59
2024-07-05,Coffee Mug,Home & Kitchen,East,8,14.15,113.2,68.87
2024-07-05,Desk Lamp,Furniture,East,5,330.93,1654.65,892.22
2024-07-05,Desk Lamp,Furniture,Central,5,131.52,657.6,426.04
2024-07-05,Standing Desk,Furniture,West,4,116.42,465.68,319.88
2024-07-05,Desk Lamp,Furniture,West,3,258.5,775.5,505.86
2024-07-05,Ballpoint Pens (Pack),Stationery,South,6,4.23,25.38,13.82
2024-07-05,Office Chair,Furniture,East,6,309.53,1857.18,1192.54
2024-07-05,Desk Lamp,Furniture,East,1,201.99,201.99,135.34
2024-07-05,Desk Lamp,Furniture,North,6,284.17,1705.02,855.1
2024-07-05,Standing Desk,Furniture,Central,2,319.22,638.44,425.51
2024-07-05,Ballpoint Pens (Pack),Stationery,Central,8,12.83,102.64,56.16
2024-07-05,Wireless Mouse,Electronics,North,6,37.07,222.42,125.75
2024-07-05,Desk Lamp,Furniture,South,2,110.32,220.64,128.83
2024-07-05,Sticky Notes,Stationery,North,4,6.13,24.52,15.3
2024-07-05,USB-C Hub,Electronics,North,5,114.79,573.95,339.39
2024-07-06,Coffee Mug,Home & Kitchen,Central,2,21.31,42.62,28.43
2024-07-06,Ballpoint Pens (Pack),Stationery,North,5,8.69,43.45,28.39
2024-07-06,Notebook Set,Stationery,South,3,13.87,41.61,24.27
2024-07-06,Desk Lamp,Furniture,Central,7,190.44,1333.08,711.22
2024-07-06,Ballpoint Pens (Pack),Stationery,East,6,5.63,33.78,21.84
2024-07-06,Notebook Set,Stationery,East,6,5.74,34.44,19.32
2024-07-06,Coffee Mug,Home & Kitchen,North,2,10.99,21.98,14.73
2024-07-06,Wireless Mouse,Electronics,North,3,99.17,297.51,162.56
2024-07-06,Office Chair,Furniture,South,2,311.86,623.72,354.26
2024-07-06,Wireless Mouse,Electronics,Central,4,81.51,326.04,181.53
2024-07-07,Standing Desk,Furniture,Central,7,239.79,1678.53,1162.58
2024-07-07,Office Chair,Furniture,West,8,288.76,2310.08,1345.98
2024-07-07,Wireless Mouse,Electronics,South,6,103.83,622.98,347.36
2024-07-07,Mechanical Keyboard,Electronics,Central,4,99.57,398.28,257.85
2024-07-07,Office Chair,Furniture,North,3,101.53,304.59,170.87
2024-07-07,Mechanical Keyboard,Electronics,North,7,92.52,647.64,387.23
2024-07-07,Office Chair,Furniture,Central,8,214.43,1715.44,1100.0
2024-07-07,Water Bottle,Home & Kitchen,West,3,15.06,45.18,29.34
2024-07-07,Desk Lamp,Furniture,Central,5,169.88,849.4,479.98
2024-07-07,Coffee Mug,Home & Kitchen,North,8,10.25,82.0,41.87
2024-07-07,USB-C Hub,Electronics,West,2,82.77,165.54,97.43
2024-07-07,Office Chair,Furniture,Central,3,328.57,985.71,606.54
2024-07-07,Coffee Mug,Home & Kitchen,Central,4,24.12,96.48,63.67
2024-07-07,Water Bottle,Home & Kitchen,Central,2,13.2,26.4,14.08
2024-07-08,Water Bottle,Home & Kitchen,East,4,15.04,60.16,41.39
2024-07-08,Standing Desk,Furniture,West,2,246.94,493.88,268.56
2024-07-08,Notebook Set,Stationery,East,4,5.39,21.56,14.28
2024-07-08,Ballpoint Pens (Pack),Stationery,Central,2,12.72,25.44,14.95
2024-07-09,USB-C Hub,Electronics,Central,3,61.21,183.63,113.7
2024-07-09,Sticky Notes,Stationery,West,2,12.63,25.26,17.44
2024-07-09,Sticky Notes,Stationery,South,3,11.79,35.37,23.3
2024-07-09,Notebook Set,Stationery,North,4,5.45,21.8,13.54
2024-07-09,Water Bottle,Home & Kitchen,West,8,23.51,188.08,108.04
2024-07-09,Sticky Notes,Stationery,East,3,14.02,42.06,28.79
2024-07-09,Wireless Mouse,Electronics,South,1,44.2,44.2,29.3
2024-07-09,Coffee Mug,Home & Kitchen,East,2,28.99,57.98,39.1
2024-07-09,Coffee Mug,Home & Kitchen,North,1,28.39,28.39,19.54
2024-07-09,Desk Lamp,Furniture,North,2,198.61,397.22,213.93
2024-07-09,Coffee Mug,Home & Kitchen,South,1,23.11,23.11,13.87
2024-07-09,Coffee Mug,Home & Kitchen,North,3,10.54,31.62,16.81
2024-07-10,Water Bottle,Home & Kitchen,West,7,21.33,149.31,96.93
2024-07-10,Mechanical Keyboard,Electronics,North,2,55.17,110.34,68.8
2024-07-10,Wireless Mouse,Electronics,West,3,90.91,272.73,187.22
2024-07-10,Office Chair,Furniture,Central,4,225.85,903.4,548.57
2024-07-10,Water Bottle,Home & Kitchen,South,8,19.46,155.68,82.5
2024-07-10,Standing Desk,Furniture,South,2,66.59,133.18,80.57
2024-07-10,Desk Lamp,Furniture,North,6,103.54,621.24,414.99
2024-07-10,Coffee Mug,Home & Kitchen,South,6,25.4,152.4,100.9
2024-07-10,Water Bottle,Home & Kitchen,North,4,25.14,100.56,62.01
2024-07-10,Wireless Mouse,Electronics,North,4,116.73,466.92,266.99
2024-07-10,Desk Lamp,Furniture,Central,6,281.15,1686.9,930.95
2024-07-10,Mechanical Keyboard,Electronics,South,1,29.79,29.79,18.55
2024-07-10,Ballpoint Pens (Pack),Stationery,South,8,10.05,80.4,51.8
2024-07-10,Mechanical Keyboard,Electronics,West,7,105.51,738.57,410.85
2024-07-11,Water Bottle,Home & Kitchen,North,6,27.33,163.98,102.71
2024-07-11,Wireless Mouse,Electronics,South,5,18.4,92.0,62.65
2024-07-11,Ballpoint Pens (Pack),Stationery,Central,8,6.01,48.08,28.3
2024-07-11,Water Bottle,Home & Kitchen,East,6,13.53,81.18,54.25
2024-07-11,USB-C Hub,Electronics,East,8,60.59,484.72,319.65
2024-07-11,Sticky Notes,Stationery,North,1,11.58,11.58,6.32
2024-07-11,Ballpoint Pens (Pack),Stationery,West,5,4.1,20.5,12.48
2024-07-11,Sticky Notes,Stationery,North,6,2.4,14.4,10.01
2024-07-11,Wireless Mouse,Electronics,West,2,35.53,71.06,42.1
2024-07-11,Office Chair,Furniture,East,2,295.77,591.54,408.62
2024-07-11,Ballpoint Pens (Pack),Stationery,East,4,11.15,44.6,27.34
2024-07-11,USB-C Hub,Electronics,East,6,61.92,371.52,200.96
2024-07-11,Sticky Notes,Stationery,North,6,13.34,80.04,46.46
2024-07-11,Ballpoint Pens (Pack),Stationery,East,7,3.94,27.58,14.14
2024-07-11,Office Chair,Furniture,South,8,76.7,613.6,319.09
2024-07-11,Desk Lamp,Furniture,Central,1,290.58,290.58,184.03
2024-07-11,Mechanical Keyboard,Electronics,East,1,17.06,17.06,11.74
2024-07-11,Mechanical Keyboard,Electronics,Central,5,75.29,376.45,212.07
2024-07-12,USB-C Hub,Electronics,North,5,79.11,395.55,263.45
2024-07-12,Ballpoint Pens (Pack),Stationery,West,8,4.58,36.64,23.34
2024-07-12,Notebook Set,Stationery,West,5,14.42,72.1,43.04
2024-07-12,Wireless Mouse,Electronics,West,8,74.96,599.68,352.24
2024-07-12,Office Chair,Furniture,Central,5,324.47,1622.35,815.93
2024-07-12,Standing Desk,Furniture,South,7,337.17,2360.19,1204.16
2024-07-12,Ballpoint Pens (Pack),Stationery,Central,3,12.93,38.79,24.51
2024-07-12,Water Bottle,Home & Kitchen,East,2,29.41,58.82,30.39
2024-07-12,Desk Lamp,Furniture,Central,8,320.26,2562.08,1292.52
2024-07-12,Sticky Notes,Stationery,Central,5,12.6,63.0,43.73
2024-07-12,Notebook Set,Stationery,East,5,3.56,17.8,12.05
2024-07-12,Sticky Notes,Stationery,Central,4,8.59,34.36,17.26
2024-07-13,USB-C Hub,Electronics,North,1,42.25,42.25,21.92
2024-07-13,USB-C Hub,Electronics,South,7,74.16,519.12,328.91
2024-07-13,USB-C Hub,Electronics,Central,8,85.81,686.48,401.38
2024-07-13,Sticky Notes,Stationery,South,8,14.26,114.08,76.39
2024-07-13,Water Bottle,Home & Kitchen,North,5,13.69,68.45,45.05
2024-07-13,Coffee Mug,Home & Kitchen,West,2,22.13,44.26,23.7
2024-07-13,Standing Desk,Furniture,Central,4,169.44,677.76,417.64
2024-07-13,Water Bottle,Home & Kitchen,West,3,17.28,51.84,32.55
2024-07-13,Coffee Mug,Home & Kitchen,West,7,17.44,122.08,67.53
2024-07-13,Sticky Notes,Stationery,East,3,9.29,27.87,14.73
2024-07-13,Desk Lamp,Furniture,Central,4,177.92,711.68,427.37
2024-07-13,Coffee Mug,Home & Kitchen,South,5,21.51,107.55,72.71
2024-07-14,USB-C Hub,Electronics,East,7,65.35,457.45,281.4
2024-07-14,Notebook Set,Stationery,North,2,14.98,29.96,20.35
2024-07-14,Office Chair,Furniture,East,3,313.21,939.63,509.91
2024-07-14,Notebook Set,Stationery,North,6,13.94,83.64,50.37
2024-07-14,Notebook Set,Stationery,East,1,14.43,14.43,8.65
2024-07-14,Standing Desk,Furniture,North,2,248.58,497.16,275.78
2024-07-14,Coffee Mug,Home & Kitchen,West,7,27.72,194.04,133.16
2024-07-14,Mechanical Keyboard,Electronics,Central,3,88.52,265.56,135.0
2024-07-15,Sticky Notes,Stationery,North,7,3.26,22.82,12.65
2024-07-15,Sticky Notes,Stationery,North,4,13.95,55.8,38.47
2024-07-15,Sticky Notes,Stationery,West,4,11.05,44.2,24.85
2024-07-15,Sticky Notes,Stationery,West,5,6.26,31.3,21.78
2024-07-15,Water Bottle,Home & Kitchen,North,2,11.97,23.94,16.01
2024-07-15,Ballpoint Pens (Pack),Stationery,East,4,11.03,44.12,22.68
2024-07-15,Mechanical Keyboard,Electronics,West,1,38.84,38.84,22.49
2024-07-15,Notebook Set,Stationery,East,4,3.63,14.52,8.01
2024-07-15,Desk Lamp,Furniture,Central,1,62.23,62.23,38.24
2024-07-15,USB-C Hub,Electronics,East,5,33.79,168.95,113.71
2024-07-15,Sticky Notes,Stationery,Central,7,6.25,43.75,23.29
2024-07-15,Standing Desk,Furniture,East,7,202.11,1414.77,715.64
2024-07-15,Ballpoint Pens (Pack),Stationery,East,6,8.58,51.48,30.12
2024-07-15,Office Chair,Furniture,East,5,314.01,1570.05,842.91
2024-07-15,Notebook Set,Stationery,East,5,6.34,31.7,17.3
2024-07-15,Wireless Mouse,Electronics,North,7,31.83,222.81,154.33
2024-07-15,Ballpoint Pens (Pack),Stationery,West,8,7.22,57.76,35.96
2024-07-15,Notebook Set,Stationery,North,2,14.79,29.58,20.18
2024-07-15,Sticky Notes,Stationery,East,7,13.76,96.32,50.25
2024-07-15,Coffee Mug,Home & Kitchen,Central,7,12.31,86.17,44.45
2024-07-15,Coffee Mug,Home & Kitchen,Central,6,25.64,153.84,90.65
2024-07-15,Notebook Set,Stationery,East,3,3.91,11.73,6.25
2024-07-16,Office Chair,Furniture,Central,5,280.32,1401.6,797.71
2024-07-16,Coffee Mug,Home & Kitchen,West,1,11.71,11.71,8.16
2024-07-16,Sticky Notes,Stationery,South,5,11.03,55.15,31.15
2024-07-16,Standing Desk,Furniture,East,5,255.99,1279.95,734.03
2024-07-16,Water Bottle,Home & Kitchen,West,6,9.69,58.14,30.7
2024-07-16,Office Chair,Furniture,South,8,215.81,1726.48,1032.87
2024-07-16,Coffee Mug,Home & Kitchen,North,8,13.34,106.72,59.62
2024-07-16,Water Bottle,Home & Kitchen,South,8,19.86,158.88,101.21
2024-07-16,Mechanical Keyboard,Electronics,West,6,89.99,539.94,335.49
2024-07-16,Notebook Set,Stationery,South,1,4.53,4.53,3.17
2024-07-17,Office Chair,Furniture,East,3,319.2,957.6,537.33
2024-07-17,Wireless Mouse,Electronics,North,2,90.09,180.18,122.7
2024-07-17,Notebook Set,Stationery,East,3,10.71,32.13,17.75
2024-07-17,Wireless Mouse,Electronics,Central,4,101.04,404.16,252.16
2024-07-17,Ballpoint Pens (Pack),Stationery,Central,2,11.82,23.64,14.99
2024-07-17,Office Chair,Furniture,Central,2,192.38,384.76,259.65
2024-07-17,Notebook Set,Stationery,Central,7,12.09,84.63,55.25
2024-07-17,Coffee Mug,Home & Kitchen,North,5,10.92,54.6,32.53
2024-07-17,Standing Desk,Furniture,West,3,127.44,382.32,266.59
2024-07-17,Sticky Notes,Stationery,West,5,4.65,23.25,12.68
2024-07-17,Ballpoint Pens (Pack),Stationery,South,4,3.96,15.84,9.97
2024-07-17,Sticky Notes,Stationery,West,1,14.27,14.27,9.94
2024-07-17,Sticky Notes,Stationery,Central,1,4.76,4.76,2.42
2024-07-17,Mechanical Keyboard,Electronics,North,3,39.15,117.45,67.79
2024-07-18,Notebook Set,Stationery,West,2,12.94,25.88,17.43
2024-07-18,Water Bottle,Home & Kitchen,West,7,12.17,85.19,49.13
2024-07-18,Mechanical Keyboard,Electronics,East,1,111.31,111.31,70.12
2024-07-18,Water Bottle,Home & Kitchen,North,1,24.86,24.86,15.17
2024-07-18,USB-C Hub,Electronics,South,6,47.48,284.88,187.46
2024-07-18,Wireless Mouse,Electronics,North,4,92.0,368.0,251.42
2024-07-18,Wireless Mouse,Electronics,East,5,114.06,570.3,293.65
2024-07-19,Wireless Mouse,Electronics,North,7,60.45,423.15,217.82
2024-07-19,Water Bottle,Home & Kitchen,West,6,26.5,159.0,111.08
2024-07-19,Office Chair,Furniture,East,1,217.08,217.08,148.59
2024-07-19,Coffee Mug,Home & Kitchen,East,8,20.36,162.88,87.78
2024-07-19,Notebook Set,Stationery,Central,4,8.95,35.8,22.35
2024-07-19,USB-C Hub,Electronics,West,8,97.42,779.36,470.74
2024-07-19,Water Bottle,Home & Kitchen,Central,2,18.68,37.36,23.27
2024-07-19,Desk Lamp,Furniture,North,6,184.34,1106.04,678.96
2024-07-19,Notebook Set,Stationery,North,4,3.73,14.92,9.74
2024-07-19,Desk Lamp,Furniture,West,3,147.79,443.37,289.17
2024-07-19,Coffee Mug,Home & Kitchen,East,3,19.23,57.69,40.05
2024-07-19,Mechanical Keyboard,Electronics,West,8,62.98,503.84,281.83
2024-07-19,Coffee Mug,Home & Kitchen,South,2,20.13,40.26,22.39
2024-07-20,Coffee Mug,Home & Kitchen,Central,7,11.1,77.7,53.5
2024-07-20,Desk Lamp,Furniture,Central,2,295.24,590.48,326.46
2024-07-20,Desk Lamp,Furniture,East,3,220.53,661.59,441.07
2024-07-20,Wireless Mouse,Electronics,East,7,96.85,677.95,453.49
2024-07-20,Desk Lamp,Furniture,West,1,65.24,65.24,37.83
2024-07-20,Desk Lamp,Furniture,West,5,193.21,966.05,646.79
2024-07-20,Ballpoint Pens (Pack),Stationery,South,3,13.54,40.62,22.58
2024-07-20,Wireless Mouse,Electronics,North,8,69.62,556.96,355.21
2024-07-20,Ballpoint Pens (Pack),Stationery,South,2,7.06,14.12,9.67
2024-07-21,Desk Lamp,Furniture,North,8,288.03,2304.24,1499.17
2024-07-21,Wireless Mouse,Electronics,North,2,75.31,150.62,102.0
2024-07-21,Mechanical Keyboard,Electronics,North,6,34.52,207.12,112.98
2024-07-21,Ballpoint Pens (Pack),Stationery,North,3,2.92,8.76,4.93
2024-07-21,Wireless Mouse,Electronics,North,8,41.92,335.36,201.5
2024-07-21,Standing Desk,Furniture,Central,6,125.83,754.98,456.3
2024-07-21,Notebook Set,Stationery,Central,4,3.71,14.84,10.26
2024-07-21,Mechanical Keyboard,Electronics,West,2,115.73,231.46,137.68
2024-07-21,Standing Desk,Furniture,Central,2,283.45,566.9,321.13
2024-07-22,USB-C Hub,Electronics,East,7,38.29,268.03,186.06
2024-07-22,Desk Lamp,Furniture,West,5,315.58,1577.9,836.72
2024-07-22,Sticky Notes,Stationery,North,7,7.66,53.62,31.61
2024-07-22,Coffee Mug,Home & Kitchen,Central,4,28.48,113.92,68.43
2024-07-22,Sticky Notes,Stationery,East,3,13.97,41.91,26.24
2024-07-22,Standing Desk,Furniture,West,3,155.95,467.85,320.67
2024-07-22,Wireless Mouse,Electronics,West,6,62.14,372.84,198.31
2024-07-22,Coffee Mug,Home & Kitchen,South,1,24.84,24.84,12.95
2024-07-22,Ballpoint Pens (Pack),Stationery,East,1,13.56,13.56,7.01
2024-07-22,Mechanical Keyboard,Electronics,West,7,24.95,174.65,97.63
2024-07-22,Ballpoint Pens (Pack),Stationery,West,1,10.24,10.24,6.39
2024-07-22,Office Chair,Furniture,East,5,84.12,420.6,217.26
2024-07-22,USB-C Hub,Electronics,South,8,109.62,876.96,607.2
2024-07-22,Wireless Mouse,Electronics,South,7,94.75,663.25,376.36
2024-07-22,USB-C Hub,Electronics,East,5,61.22,306.1,155.73
2024-07-22,Ballpoint Pens (Pack),Stationery,North,8,8.03,64.24,44.08
2024-07-22,Coffee Mug,Home & Kitchen,East,1,9.06,9.06,6.31
2024-07-22,Standing Desk,Furniture,Central,4,284.13,1136.52,699.86
2024-07-22,Wireless Mouse,Electronics,East,6,28.24,169.44,105.45
2024-07-23,Standing Desk,Furniture,North,2,241.79,483.58,337.59
2024-07-23,Desk Lamp,Furniture,Central,3,164.16,492.48,283.06
2024-07-23,Coffee Mug,Home & Kitchen,East,3,16.97,50.91,30.41
2024-07-23,Coffee Mug,Home & Kitchen,North,1,26.13,26.13,13.37
2024-07-23,Sticky Notes,Stationery,West,8,11.04,88.32,52.62
2024-07-23,Standing Desk,Furniture,South,4,225.38,901.52,624.43
2024-07-23,Desk Lamp,Furniture,South,1,202.33,202.33,107.53
2024-07-24,Desk Lamp,Furniture,North,4,160.9,643.6,448.64
2024-07-24,Desk Lamp,Furniture,East,3,113.26,339.78,182.38
2024-07-24,Wireless Mouse,Electronics,South,3,37.98,113.94,57.32
2024-07-24,Wireless Mouse,Electronics,Central,1,82.53,82.53,45.3
2024-07-24,Water Bottle,Home & Kitchen,Central,7,27.86,195.02,100.96
2024-07-24,Notebook Set,Stationery,West,4,2.08,8.32,4.72
2024-07-24,Ballpoint Pens (Pack),Stationery,East,8,4.42,35.36,22.89
2024-07-24,Notebook Set,Stationery,East,3,12.96,38.88,25.69
2024-07-24,USB-C Hub,Electronics,North,3,63.05,189.15,131.77
2024-07-24,Wireless Mouse,Electronics,Central,3,15.12,45.36,24.15
2024-07-24,Sticky Notes,Stationery,North,3,4.19,12.57,7.81
2024-07-24,Water Bottle,Home & Kitchen,South,2,19.49,38.98,26.58
2024-07-24,Wireless Mouse,Electronics,East,2,60.54,121.08,69.53
2024-07-24,Sticky Notes,Stationery,Central,2,9.4,18.8,13.06
2024-07-24,USB-C Hub,Electronics,North,7,73.38,513.66,291.72
2024-07-24,Office Chair,Furniture,West,4,343.94,1375.76,937.89
2024-07-24,Ballpoint Pens (Pack),Stationery,South,5,13.26,66.3,46.35
2024-07-25,USB-C Hub,Electronics,South,8,32.06,256.48,155.77
2024-07-25,Water Bottle,Home & Kitchen,South,3,14.1,42.3,25.27
2024-07-25,Standing Desk,Furniture,South,3,309.47,928.41,645.05
2024-07-25,Desk Lamp,Furniture,Central,4,255.21,1020.84,536.47
2024-07-25,Water Bottle,Home & Kitchen,South,1,26.75,26.75,14.07
2024-07-25,Ballpoint Pens (Pack),Stationery,West,6,13.39,80.34,51.7
2024-07-25,Wireless Mouse,Electronics,South,2,58.88,117.76,58.95
2024-07-25,Wireless Mouse,Electronics,East,4,113.16,452.64,279.24
2024-07-25,Coffee Mug,Home & Kitchen,Central,4,11.56,46.24,28.65
2024-07-25,Notebook Set,Stationery,North,8,2.53,20.24,12.48
2024-07-25,Sticky Notes,Stationery,South,2,5.22,10.44,6.35
2024-07-25,Standing Desk,Furniture,North,7,103.74,726.18,499.45
2024-07-25,Notebook Set,Stationery,West,1,9.24,9.24,6.17
2024-07-25,Notebook Set,Stationery,West,1,14.09,14.09,8.49
2024-07-25,Notebook Set,Stationery,East,6,12.12,72.72,40.73
2024-07-26,Wireless Mouse,Electronics,West,7,56.11,392.77,252.73
2024-07-26,Coffee Mug,Home & Kitchen,West,6,17.98,107.88,56.73
2024-07-26,USB-C Hub,Electronics,West,3,60.55,181.65,100.12
2024-07-26,Notebook Set,Stationery,South,6,6.17,37.02,19.26
2024-07-26,Sticky Notes,Stationery,Central,1,14.82,14.82,9.24
2024-07-26,Coffee Mug,Home & Kitchen,West,3,23.65,70.95,44.81
2024-07-26,Coffee Mug,Home & Kitchen,West,5,27.52,137.6,88.62
2024-07-27,Standing Desk,Furniture,West,3,253.35,760.05,417.35
2024-07-27,Office Chair,Furniture,North,4,264.86,1059.44,635.56
2024-07-27,Wireless Mouse,Electronics,East,5,53.83,269.15,164.92
2024-07-27,Standing Desk,Furniture,West,6,176.4,1058.4,738.84
2024-07-27,Water Bottle,Home & Kitchen,East,4,18.39,73.56,49.39
2024-07-27,Notebook Set,Stationery,West,7,4.71,32.97,17.01
2024-07-27,Desk Lamp,Furniture,East,6,262.34,1574.04,1051.07
2024-07-28,Coffee Mug,Home & Kitchen,East,2,11.14,22.28,14.64
2024-07-28,Desk Lamp,Furniture,Central,7,304.83,2133.81,1169.13
2024-07-28,Ballpoint Pens (Pack),Stationery,East,3,9.65,28.95,15.53
2024-07-28,Mechanical Keyboard,Electronics,East,1,119.76,119.76,65.82
2024-07-28,USB-C Hub,Electronics,West,2,46.6,93.2,47.64
2024-07-28,Coffee Mug,Home & Kitchen,West,4,27.96,111.84,76.13
2024-07-28,Wireless Mouse,Electronics,Central,2,67.05,134.1,92.04
2024-07-28,Mechanical Keyboard,Electronics,East,8,24.7,197.6,113.14
2024-07-29,Water Bottle,Home & Kitchen,East,3,13.71,41.13,27.51
2024-07-29,Water Bottle,Home & Kitchen,West,1,27.13,27.13,18.63
2024-07-29,Water Bottle,Home & Kitchen,North,7,12.9,90.3,53.18
2024-07-29,Ballpoint Pens (Pack),Stationery,South,7,4.45,31.15,16.27
2024-07-29,Wireless Mouse,Electronics,North,6,100.61,603.66,413.82
2024-07-29,Desk Lamp,Furniture,East,1,327.02,327.02,211.22
2024-07-29,Mechanical Keyboard,Electronics,East,3,48.58,145.74,73.64
2024-07-29,Standing Desk,Furniture,South,2,123.11,246.22,157.29
2024-07-29,Ballpoint Pens (Pack),Stationery,South,1,10.09,10.09,5.36
2024-07-29,Notebook Set,Stationery,South,1,11.44,11.44,7.51
2024-07-29,Desk Lamp,Furniture,South,6,162.15,972.9,527.94
2024-07-29,Office Chair,Furniture,South,3,261.04,783.12,488.03
2024-07-29,Sticky Notes,Stationery,Central,3,8.16,24.48,16.62
2024-07-29,Office Chair,Furniture,East,4,182.74,730.96,370.56
2024-07-29,Notebook Set,Stationery,North,1,8.65,8.65,5.19
2024-07-29,Mechanical Keyboard,Electronics,Central,3,102.13,306.39,160.84
2024-07-29,Notebook Set,Stationery,North,6,14.75,88.5,61.29
2024-07-29,Water Bottle,Home & Kitchen,Central,3,25.46,76.38,47.82
2024-07-29,Standing Desk,Furniture,Central,5,198.76,993.8,522.94
2024-07-30,Office Chair,Furniture,South,3,106.8,320.4,167.0
2024-07-30,Coffee Mug,Home & Kitchen,East,5,26.88,134.4,82.42
2024-07-30,Water Bottle,Home & Kitchen,South,3,12.03,36.09,24.46
2024-07-30,Desk Lamp,Furniture,South,6,321.06,1926.36,1267.68
2024-07-30,Ballpoint Pens (Pack),Stationery,South,2,2.72,5.44,3.58
2024-07-30,Standing Desk,Furniture,North,4,254.01,1016.04,569.98
2024-07-30,Mechanical Keyboard,Electronics,Central,6,30.59,183.54,98.18
2024-07-30,Water Bottle,Home & Kitchen,North,5,18.42,92.1,52.78
2024-07-30,Mechanical Keyboard,Electronics,East,5,98.03,490.15,323.43
2024-07-30,Water Bottle,Home & Kitchen,North,6,9.7,58.2,38.02
2024-07-30,Water Bottle,Home & Kitchen,East,6,10.01,60.06,38.69
2024-07-30,Coffee Mug,Home & Kitchen,South,6,9.32,55.92,36.95
2024-07-30,USB-C Hub,Electronics,North,5,32.72,163.6,110.16
2024-07-31,Ballpoint Pens (Pack),Stationery,North,3,6.0,18.0,11.06
2024-07-31,Notebook Set,Stationery,Central,7,7.9,55.3,38.21
2024-07-31,Ballpoint Pens (Pack),Stationery,South,2,8.29,16.58,10.29
2024-07-31,USB-C Hub,Electronics,South,8,83.46,667.68,426.71
2024-07-31,Sticky Notes,Stationery,Central,8,5.08,40.64,22.01
2024-07-31,Water Bottle,Home & Kitchen,Central,5,16.41,82.05,46.09
2024-07-31,Wireless Mouse,Electronics,Central,6,34.08,204.48,105.07
2024-07-31,Wireless Mouse,Electronics,East,8,99.79,798.32,526.82
2024-07-31,Standing Desk,Furniture,West,1,60.35,60.35,34.95
2024-07-31,Standing Desk,Furniture,Central,7,146.35,1024.45,575.64
2024-07-31,Mechanical Keyboard,Electronics,West,4,55.49,221.96,149.06
2024-07-31,Wireless Mouse,Electronics,North,7,40.65,284.55,175.79
2024-08-01,Notebook Set,Stationery,East,7,7.74,54.18,33.97
2024-08-01,Water Bottle,Home & Kitchen,East,3,9.09,27.27,15.66
2024-08-01,Ballpoint Pens (Pack),Stationery,North,3,8.88,26.64,16.91
2024-08-01,Notebook Set,Stationery,East,4,9.98,39.92,24.92
2024-08-01,Sticky Notes,Stationery,Central,6,5.66,33.96,18.66
2024-08-01,Desk Lamp,Furniture,East,5,149.14,745.7,506.58
2024-08-01,Coffee Mug,Home & Kitchen,North,7,21.36,149.52,99.69
2024-08-01,Standing Desk,Furniture,East,8,226.73,1813.84,913.15
2024-08-01,Water Bottle,Home & Kitchen,Central,3,17.24,51.72,32.12
2024-08-01,Ballpoint Pens (Pack),Stationery,South,5,14.58,72.9,47.53
2024-08-01,Ballpoint Pens (Pack),Stationery,South,1,8.22,8.22,4.65
2024-08-01,Sticky Notes,Stationery,East,4,7.37,29.48,19.46
2024-08-01,USB-C Hub,Electronics,South,1,40.67,40.67,22.81
2024-08-02,Mechanical Keyboard,Electronics,South,4,74.49,297.96,170.18
2024-08-02,USB-C Hub,Electronics,North,4,92.05,368.2,223.04
2024-08-02,Coffee Mug,Home & Kitchen,West,4,18.37,73.48,36.77
2024-08-02,Notebook Set,Stationery,North,4,6.69,26.76,14.77
2024-08-02,Desk Lamp,Furniture,West,7,81.02,567.14,289.02
2024-08-02,Office Chair,Furniture,East,3,178.14,534.42,270.79
2024-08-02,Office Chair,Furniture,South,5,113.1,565.5,284.87
2024-08-02,Office Chair,Furniture,West,7,261.01,1827.07,1213.74
2024-08-02,Wireless Mouse,Electronics,North,6,89.63,537.78,349.91
2024-08-02,Wireless Mouse,Electronics,South,2,82.9,165.8,98.35
2024-08-02,Office Chair,Furniture,North,5,152.38,761.9,501.54
2024-08-02,Desk Lamp,Furniture,North,3,222.13,666.39,378.29
2024-08-02,Ballpoint Pens (Pack),Stationery,East,3,14.92,44.76,24.47
2024-08-03,USB-C Hub,Electronics,North,3,49.67,149.01,74.8
2024-08-03,Wireless Mouse,Electronics,South,4,41.63,166.52,105.58
2024-08-03,Notebook Set,Stationery,West,6,13.13,78.78,46.93
2024-08-03,Coffee Mug,Home & Kitchen,East,6,22.12,132.72,71.95
2024-08-03,Mechanical Keyboard,Electronics,South,4,92.15,368.6,201.62
2024-08-03,Office Chair,Furniture,East,3,216.65,649.95,428.91
2024-08-03,Wireless Mouse,Electronics,North,8,90.36,722.88,368.98
2024-08-03,Desk Lamp,Furniture,North,8,269.44,2155.52,1458.47
2024-08-03,Ballpoint Pens (Pack),Stationery,North,8,6.17,49.36,25.73
2024-08-03,Coffee Mug,Home & Kitchen,South,5,19.81,99.05,67.76
2024-08-04,USB-C Hub,Electronics,West,3,50.65,151.95,94.17
2024-08-04,Coffee Mug,Home & Kitchen,East,7,28.13,196.91,127.0
2024-08-04,USB-C Hub,Electronics,South,8,41.16,329.28,216.96
2024-08-04,Mechanical Keyboard,Electronics,South,2,24.03,48.06,24.43
2024-08-05,Desk Lamp,Furniture,Central,7,275.4,1927.8,1340.21
2024-08-05,Mechanical Keyboard,Electronics,West,1,105.61,105.61,72.5
2024-08-05,Coffee Mug,Home & Kitchen,South,6,23.28,139.68,74.82
2024-08-05,Desk Lamp,Furniture,North,8,110.9,887.2,576.4
2024-08-05,Office Chair,Furniture,South,8,66.22,529.76,276.85
2024-08-05,USB-C Hub,Electronics,West,6,86.94,521.64,360.78
2024-08-05,Office Chair,Furniture,North,4,144.07,576.28,384.21
2024-08-05,Standing Desk,Furniture,Central,8,228.23,1825.84,920.52
2024-08-06,USB-C Hub,Electronics,North,6,79.45,476.7,296.71
2024-08-06,Desk Lamp,Furniture,South,8,240.94,1927.52,1208.42
2024-08-06,Office Chair,Furniture,South,6,137.72,826.32,465.86
2024-08-06,USB-C Hub,Electronics,South,6,74.56,447.36,272.24
2024-08-06,USB-C Hub,Electronics,Central,3,17.92,53.76,33.25
2024-08-06,Mechanical Keyboard,Electronics,North,6,112.03,672.18,356.48
2024-08-06,Desk Lamp,Furniture,East,7,130.87,916.09,576.36
2024-08-06,USB-C Hub,Electronics,Central,5,84.73,423.65,240.23
2024-08-06,Standing Desk,Furniture,Central,1,219.86,219.86,114.63
2024-08-07,Water Bottle,Home & Kitchen,Central,1,12.94,12.94,8.68
2024-08-07,Mechanical Keyboard,Electronics,North,3,104.3,312.9,179.74
2024-08-07,Standing Desk,Furniture,Central,2,216.11,432.22,262.43
2024-08-07,Notebook Set,Stationery,East,1,8.9,8.9,5.41
2024-08-07,Notebook Set,Stationery,East,5,10.76,53.8,31.08
2024-08-07,Coffee Mug,Home & Kitchen,Central,8,14.9,119.2,67.4
2024-08-07,Notebook Set,Stationery,West,5,6.04,30.2,18.7
2024-08-07,USB-C Hub,Electronics,South,5,84.14,420.7,278.39
2024-08-07,USB-C Hub,Electronics,North,4,34.22,136.88,85.19
2024-08-07,Sticky Notes,Stationery,South,2,8.64,17.28,11.31
2024-08-07,Mechanical Keyboard,Electronics,North,8,105.58,844.64,525.27
2024-08-07,Coffee Mug,Home & Kitchen,East,2,24.18,48.36,24.37
2024-08-07,Office Chair,Furniture,West,7,273.88,1917.16,982.5
2024-08-07,Desk Lamp,Furniture,South,3,116.08,348.24,174.39
2024-08-07,Water Bottle,Home & Kitchen,North,6,27.78,166.68,101.67
2024-08-07,Wireless Mouse,Electronics,East,3,112.12,336.36,206.16
2024-08-07,Coffee Mug,Home & Kitchen,North,1,26.1,26.1,17.0
2024-08-07,Office Chair,Furniture,South,3,347.95,1043.85,649.15
2024-08-07,Notebook Set,Stationery,South,4,11.71,46.84,29.37
2024-08-08,Water Bottle,Home & Kitchen,Central,7,20.15,141.05,97.75
2024-08-08,Mechanical Keyboard,Electronics,North,2,34.94,69.88,38.09
2024-08-08,Coffee Mug,Home & Kitchen,South,2,12.92,25.84,17.56
2024-08-08,Ballpoint Pens (Pack),Stationery,Central,2,14.19,28.38,18.17
2024-08-08,Notebook Set,Stationery,West,8,7.49,59.92,34.4
2024-08-08,Coffee Mug,Home & Kitchen,South,1,26.84,26.84,17.79
2024-08-08,Office Chair,Furniture,North,3,188.93,566.79,340.43
2024-08-08,Mechanical Keyboard,Electronics,East,7,75.85,530.95,302.64
2024-08-08,Ballpoint Pens (Pack),Stationery,South,1,3.96,3.96,2.27
2024-08-08,Notebook Set,Stationery,Central,7,6.6,46.2,24.38
2024-08-08,Ballpoint Pens (Pack),Stationery,South,5,13.58,67.9,38.38
2024-08-08,Coffee Mug,Home & Kitchen,East,7,14.55,101.85,53.71
2024-08-08,Coffee Mug,Home & Kitchen,North,8,17.06,136.48,84.35
2024-08-08,Standing Desk,Furniture,North,8,174.94,1399.52,918.6
2024-08-08,Ballpoint Pens (Pack),Stationery,East,8,10.03,80.24,46.63
2024-08-08,Mechanical Keyboard,Electronics,Central,4,99.29,397.16,235.28
2024-08-09,Standing Desk,Furniture,West,6,272.59,1635.54,1143.98
2024-08-09,Standing Desk,Furniture,Central,1,151.65,151.65,95.24
2024-08-09,Notebook Set,Stationery,North,6,13.54,81.24,47.09
2024-08-09,Ballpoint Pens (Pack),Stationery,North,7,13.72,96.04,58.48
2024-08-09,Standing Desk,Furniture,Central,5,90.27,451.35,274.39
2024-08-09,Sticky Notes,Stationery,South,1,12.59,12.59,7.85
2024-08-09,Ballpoint Pens (Pack),Stationery,East,2,13.25,26.5,18.15
2024-08-09,Ballpoint Pens (Pack),Stationery,East,1,10.84,10.84,7.07
2024-08-09,Notebook Set,Stationery,North,6,14.59,87.54,48.9
2024-08-10,Sticky Notes,Stationery,East,4,10.64,42.56,23.78
2024-08-10,Ballpoint Pens (Pack),Stationery,Central,1,11.37,11.37,5.95
2024-08-10,Ballpoint Pens (Pack),Stationery,South,7,2.41,16.87,9.12
2024-08-10,Desk Lamp,Furniture,North,1,326.49,326.49,171.83
2024-08-10,Coffee Mug,Home & Kitchen,North,7,20.29,142.03,97.41
2024-08-10,Desk Lamp,Furniture,South,5,169.57,847.85,478.8
2024-08-11,Desk Lamp,Furniture,Central,7,99.71,697.97,374.7
2024-08-11,USB-C Hub,Electronics,North,1,49.84,49.84,29.3
2024-08-11,Wireless Mouse,Electronics,East,8,47.27,378.16,248.49
2024-08-11,Desk Lamp,Furniture,Central,4,154.61,618.44,337.89
2024-08-11,Office Chair,Furniture,East,1,83.73,83.73,47.69
2024-08-11,Mechanical Keyboard,Electronics,South,1,15.35,15.35,7.96
2024-08-12,Mechanical Keyboard,Electronics,West,4,111.93,447.72,237.92
2024-08-12,Standing Desk,Furniture,Central,4,221.15,884.6,499.75
2024-08-12,USB-C Hub,Electronics,Central,5,32.88,164.4,85.53
2024-08-12,Mechanical Keyboard,Electronics,Central,6,66.37,398.22,272.08
2024-08-12,Sticky Notes,Stationery,North,6,7.83,46.98,27.92
2024-08-12,Desk Lamp,Furniture,South,6,146.29,877.74,588.64
2024-08-12,Standing Desk,Furniture,North,8,228.37,1826.96,1081.36
2024-08-12,Standing Desk,Furniture,East,4,127.1,508.4,274.05
2024-08-13,Sticky Notes,Stationery,South,7,10.95,76.65,48.2
2024-08-13,Coffee Mug,Home & Kitchen,South,7,27.57,192.99,127.84
2024-08-13,Sticky Notes,Stationery,North,6,8.18,49.08,32.66
2024-08-13,Notebook Set,Stationery,South,6,3.59,21.54,12.53
2024-08-13,Water Bottle,Home & Kitchen,South,6,19.26,115.56,60.13
2024-08-13,Coffee Mug,Home & Kitchen,North,6,27.13,162.78,97.56
2024-08-13,Ballpoint Pens (Pack),Stationery,West,7,7.17,50.19,35.0
2024-08-13,Office Chair,Furniture,South,7,235.33,1647.31,1085.2
2024-08-13,Standing Desk,Furniture,East,1,226.78,226.78,118.48
2024-08-13,Sticky Notes,Stationery,Central,6,8.91,53.46,36.69
2024-08-14,Desk Lamp,Furniture,South,2,216.69,433.38,295.1
2024-08-14,USB-C Hub,Electronics,East,7,44.08,308.56,200.63
2024-08-14,Water Bottle,Home & Kitchen,Central,8,27.29,218.32,145.13
2024-08-14,Ballpoint Pens (Pack),Stationery,East,6,8.74,52.44,32.43
2024-08-14,USB-C Hub,Electronics,South,2,61.32,122.64,83.33
2024-08-14,Water Bottle,Home & Kitchen,North,3,27.96,83.88,49.52
2024-08-14,Mechanical Keyboard,Electronics,West,1,112.25,112.25,62.02
2024-08-14,Desk Lamp,Furniture,North,5,119.77,598.85,362.07
2024-08-14,Notebook Set,Stationery,Central,2,10.3,20.6,12.37
2024-08-14,Notebook Set,Stationery,Central,2,9.93,19.86,13.24
2024-08-14,Mechanical Keyboard,Electronics,East,6,75.53,453.18,286.11
2024-08-14,Coffee Mug,Home & Kitchen,South,2,11.25,22.5,15.13
2024-08-14,Notebook Set,Stationery,Central,4,3.16,12.64,7.11
2024-08-15,Sticky Notes,Stationery,Central,1,11.74,11.74,7.44
2024-08-15,Office Chair,Furniture,South,7,275.88,1931.16,1191.33
2024-08-15,Wireless Mouse,Electronics,South,3,104.55,313.65,176.59
2024-08-15,Mechanical Keyboard,Electronics,South,7,19.44,136.08,89.75
2024-08-15,Sticky Notes,Stationery,North,1,3.76,3.76,2.23
2024-08-15,Notebook Set,Stationery,North,6,8.9,53.4,34.79
2024-08-15,USB-C Hub,Electronics,West,2,37.79,75.58,41.5
2024-08-15,Desk Lamp,Furniture,South,1,241.72,241.72,168.07
2024-08-15,Notebook Set,Stationery,North,6,10.65,63.9,36.22
2024-08-15,Notebook Set,Stationery,West,4,6.64,26.56,13.89
2024-08-15,Notebook Set,Stationery,East,4,2.55,10.2,6.14
2024-08-15,Office Chair,Furniture,West,8,68.17,545.36,381.4
2024-08-15,Water Bottle,Home & Kitchen,West,7,19.47,136.29,78.44
2024-08-15,Standing Desk,Furniture,East,2,258.06,516.12,322.42
2024-08-15,Ballpoint Pens (Pack),Stationery,East,4,10.25,41.0,27.29
2024-08-16,Wireless Mouse,Electronics,East,2,18.93,37.86,26.35
2024-08-16,Wireless Mouse,Electronics,East,3,66.09,198.27,133.73
2024-08-16,Standing Desk,Furniture,East,5,213.37,1066.85,702.89
2024-08-16,Wireless Mouse,Electronics,Central,7,75.39,527.73,343.68
2024-08-16,Water Bottle,Home & Kitchen,Central,1,26.88,26.88,18.49
2024-08-17,Sticky Notes,Stationery,West,5,6.56,32.8,17.96
2024-08-17,Desk Lamp,Furniture,Central,8,202.38,1619.04,816.41
2024-08-17,Notebook Set,Stationery,Central,2,12.91,25.82,16.92
2024-08-17,Wireless Mouse,Electronics,South,5,114.45,572.25,344.18
2024-08-17,Office Chair,Furniture,Central,8,276.75,2214.0,1210.63
2024-08-17,Notebook Set,Stationery,East,8,3.23,25.84,16.05
2024-08-17,Coffee Mug,Home & Kitchen,North,6,29.33,175.98,94.55
2024-08-17,USB-C Hub,Electronics,West,3,51.61,154.83,79.52
2024-08-17,USB-C Hub,Electronics,South,2,79.18,158.36,79.41
2024-08-17,Standing Desk,Furniture,North,1,260.14,260.14,144.23
2024-08-17,Coffee Mug,Home & Kitchen,South,3,20.12,60.36,31.09
2024-08-17,Coffee Mug,Home & Kitchen,West,5,24.51,122.55,74.61
2024-08-18,Ballpoint Pens (Pack),Stationery,North,8,5.32,42.56,24.74
2024-08-18,USB-C Hub,Electronics,South,6,23.2,139.2,77.66
2024-08-18,Standing Desk,Furniture,South,3,91.29,273.87,147.47
2024-08-18,Notebook Set,Stationery,Central,7,2.65,18.55,11.3
2024-08-18,Ballpoint Pens (Pack),Stationery,South,1,2.46,2.46,1.61
2024-08-18,Office Chair,Furniture,West,7,80.32,562.24,342.26
2024-08-19,Wireless Mouse,Electronics,North,6,63.81,382.86,210.07
2024-08-19,Desk Lamp,Furniture,Central,1,193.8,193.8,126.07
2024-08-19,Wireless Mouse,Electronics,West,3,31.83,95.49,48.53
2024-08-19,Sticky Notes,Stationery,West,2,4.41,8.82,5.86
2024-08-19,Desk Lamp,Furniture,East,7,349.65,2447.55,1619.17
2024-08-19,Mechanical Keyboard,Electronics,West,1,62.75,62.75,33.19
2024-08-19,Office Chair,Furniture,East,5,329.9,1649.5,855.38
2024-08-19,Notebook Set,Stationery,North,3,9.64,28.92,15.28
2024-08-19,Water Bottle,Home & Kitchen,North,5,18.44,92.2,49.42
2024-08-19,Coffee Mug,Home & Kitchen,North,4,14.95,59.8,32.59
2024-08-19,USB-C Hub,Electronics,West,7,23.28,162.96,82.27
2024-08-19,Water Bottle,Home & Kitchen,South,5,19.88,99.4,51.93
2024-08-20,Wireless Mouse,Electronics,South,2,26.16,52.32,32.24
2024-08-20,Mechanical Keyboard,Electronics,South,7,71.75,502.25,312.06
2024-08-20,Sticky Notes,Stationery,West,5,13.42,67.1,42.6
2024-08-20,USB-C Hub,Electronics,South,8,54.83,438.64,246.69
2024-08-20,Standing Desk,Furniture,North,4,250.63,1002.52,523.22
2024-08-20,Wireless Mouse,Electronics,West,5,80.07,400.35,204.21
2024-08-20,Coffee Mug,Home & Kitchen,Central,4,26.34,105.36,69.23
2024-08-20,Office Chair,Furniture,East,5,138.42,692.1,367.88
2024-08-20,Office Chair,Furniture,Central,7,185.19,1296.33,691.77
2024-08-20,USB-C Hub,Electronics,South,8,87.06,696.48,394.05
2024-08-20,Office Chair,Furniture,South,1,65.27,65.27,36.44
2024-08-20,Notebook Set,Stationery,West,4,2.04,8.16,5.33
2024-08-20,Coffee Mug,Home & Kitchen,North,2,20.75,41.5,27.85
2024-08-20,Mechanical Keyboard,Electronics,West,3,101.14,303.42,196.75
2024-08-20,Coffee Mug,Home & Kitchen,Central,8,19.92,159.36,103.04
2024-08-21,Standing Desk,Furniture,Central,2,311.31,622.62,343.44
2024-08-21,Office Chair,Furniture,North,1,233.05,233.05,129.45
2024-08-21,Office Chair,Furniture,South,7,88.07,616.49,318.41
2024-08-21,Mechanical Keyboard,Electronics,Central,2,48.43,96.86,53.45
2024-08-21,Sticky Notes,Stationery,South,5,10.27,51.35,32.5
2024-08-21,Mechanical Keyboard,Electronics,East,4,49.01,196.04,110.63
2024-08-21,Coffee Mug,Home & Kitchen,Central,5,16.9,84.5,49.71
2024-08-21,Wireless Mouse,Electronics,North,1,72.81,72.81,38.43
2024-08-21,Sticky Notes,Stationery,North,3,8.67,26.01,17.0
2024-08-21,Wireless Mouse,Electronics,South,7,29.78,208.46,115.16
2024-08-21,Desk Lamp,Furniture,South,8,324.7,2597.6,1460.67
2024-08-21,Office Chair,Furniture,East,8,145.45,1163.6,761.36
2024-08-21,USB-C Hub,Electronics,Central,6,26.25,157.5,84.32
2024-08-22,Water Bottle,Home & Kitchen,East,6,16.75,100.5,68.01
2024-08-22,Wireless Mouse,Electronics,West,3,38.0,114.0,59.91
2024-08-22,Office Chair,Furniture,Central,3,68.59,205.77,110.12
2024-08-22,USB-C Hub,Electronics,Central,7,22.21,155.47,107.17
2024-08-22,Desk Lamp,Furniture,North,8,186.22,1489.76,974.87
2024-08-22,Standing Desk,Furniture,East,7,341.49,2390.43,1264.22
2024-08-22,Ballpoint Pens (Pack),Stationery,West,4,12.73,50.92,31.79
2024-08-22,Desk Lamp,Furniture,South,1,268.56,268.56,186.06
2024-08-22,Standing Desk,Furniture,West,3,161.42,484.26,338.9
2024-08-22,Sticky Notes,Stationery,South,3,11.74,35.22,20.84
2024-08-22,USB-C Hub,Electronics,West,8,118.62,948.96,548.01
2024-08-22,Desk Lamp,Furniture,West,3,140.06,420.18,283.98
2024-08-22,Notebook Set,Stationery,Central,8,12.27,98.16,58.25
2024-08-23,Mechanical Keyboard,Electronics,South,1,82.11,82.11,42.84
2024-08-23,Sticky Notes,Stationery,East,8,3.63,29.04,16.1
2024-08-23,Office Chair,Furniture,East,1,181.59,181.59,96.33
2024-08-23,Mechanical Keyboard,Electronics,South,2,50.31,100.62,65.43
2024-08-23,USB-C Hub,Electronics,East,5,75.36,376.8,209.23
2024-08-23,Standing Desk,Furniture,North,2,265.97,531.94,324.53
2024-08-23,Sticky Notes,Stationery,South,8,7.58,60.64,34.41
2024-08-23,Coffee Mug,Home & Kitchen,East,3,25.63,76.89,46.7
2024-08-24,Notebook Set,Stationery,West,5,13.01,65.05,45.44
2024-08-24,USB-C Hub,Electronics,North,3,100.59,301.77,155.85
2024-08-24,USB-C Hub,Electronics,South,1,27.44,27.44,16.62
2024-08-24,Wireless Mouse,Electronics,South,8,29.94,239.52,122.29
2024-08-24,Wireless Mouse,Electronics,South,3,21.56,64.68,43.05
2024-08-24,Coffee Mug,Home & Kitchen,Central,1,8.29,8.29,4.64
2024-08-24,Ballpoint Pens (Pack),Stationery,North,4,11.72,46.88,27.82
2024-08-24,Water Bottle,Home & Kitchen,Central,7,24.67,172.69,116.88
2024-08-24,USB-C Hub,Electronics,East,1,90.78,90.78,63.15
2024-08-25,Ballpoint Pens (Pack),Stationery,Central,6,10.17,61.02,42.2
2024-08-25,Desk Lamp,Furniture,South,6,264.79,1588.74,971.71
2024-08-25,Water Bottle,Home & Kitchen,West,1,9.24,9.24,5.04
2024-08-25,Mechanical Keyboard,Electronics,West,2,59.81,119.62,71.05
2024-08-25,USB-C Hub,Electronics,South,4,86.07,344.28,189.44
2024-08-25,Ballpoint Pens (Pack),Stationery,North,4,2.52,10.08,6.17
2024-08-25,Mechanical Keyboard,Electronics,North,3,98.82,296.46,169.95
2024-08-26,Desk Lamp,Furniture,West,1,248.89,248.89,164.19
2024-08-26,USB-C Hub,Electronics,South,7,116.22,813.54,412.96
2024-08-26,Notebook Set,Stationery,Central,7,5.37,37.59,18.94
2024-08-26,Ballpoint Pens (Pack),Stationery,East,2,5.2,10.4,7.1
2024-08-26,Desk Lamp,Furniture,South,2,273.38,546.76,363.43
2024-08-26,Notebook Set,Stationery,North,1,4.57,4.57,3.15
2024-08-26,Water Bottle,Home & Kitchen,Central,5,23.46,117.3,74.95
2024-08-26,Coffee Mug,Home & Kitchen,Central,4,19.07,76.28,41.5
2024-08-26,Wireless Mouse,Electronics,East,2,92.55,185.1,104.26
2024-08-26,Office Chair,Furniture,North,3,324.36,973.08,635.16
2024-08-27,Sticky Notes,Stationery,West,5,5.0,25.0,15.57
2024-08-27,Desk Lamp,Furniture,South,5,87.11,435.55,294.47
2024-08-27,Standing Desk,Furniture,West,7,348.15,2437.05,1503.76
2024-08-27,Notebook Set,Stationery,North,6,6.17,37.02,24.91
2024-08-27,USB-C Hub,Electronics,Central,2,110.11,220.22,120.43
2024-08-27,Desk Lamp,Furniture,Central,8,159.0,1272.0,874.85
2024-08-27,Wireless Mouse,Electronics,Central,8,31.88,255.04,142.45
2024-08-27,Desk Lamp,Furniture,East,7,195.88,1371.16,713.48
2024-08-27,Ballpoint Pens (Pack),Stationery,South,1,6.7,6.7,4.36
2024-08-27,Ballpoint Pens (Pack),Stationery,Central,4,4.81,19.24,10.8
2024-08-27,Office Chair,Furniture,Central,1,317.71,317.71,178.03
2024-08-27,Desk Lamp,Furniture,West,3,106.98,320.94,208.72
2024-08-27,Water Bottle,Home & Kitchen,Central,7,19.36,135.52,75.9
2024-08-27,Wireless Mouse,Electronics,West,7,60.0,420.0,267.39
2024-08-27,USB-C Hub,Electronics,West,2,105.27,210.54,128.37
2024-08-28,Notebook Set,Stationery,West,7,3.63,25.41,14.9
2024-08-28,Sticky Notes,Stationery,West,1,2.39,2.39,1.63
2024-08-28,Sticky Notes,Stationery,West,4,12.14,48.56,26.8
2024-08-28,Desk Lamp,Furniture,North,3,227.54,682.62,386.0
2024-08-28,Ballpoint Pens (Pack),Stationery,West,5,10.86,54.3,31.62
2024-08-28,Wireless Mouse,Electronics,West,8,67.48,539.84,278.23
2024-08-28,Wireless Mouse,Electronics,South,5,30.45,152.25,101.62
2024-08-28,Ballpoint Pens (Pack),Stationery,South,3,14.27,42.81,22.29
2024-08-28,Mechanical Keyboard,Electronics,West,6,83.38,500.28,260.81
2024-08-28,USB-C Hub,Electronics,North,5,31.55,157.75,105.29
2024-08-28,Notebook Set,Stationery,Central,4,3.35,13.4,8.25
2024-08-28,Office Chair,Furniture,Central,3,320.56,961.68,670.09
2024-08-28,Sticky Notes,Stationery,North,2,4.4,8.8,5.27
2024-08-28,Mechanical Keyboard,Electronics,North,7,72.37,506.59,330.24
2024-08-28,Office Chair,Furniture,North,7,189.24,1324.68,843.89
2024-08-28,Wireless Mouse,Electronics,East,4,36.91,147.64,82.08
2024-08-28,Coffee Mug,Home & Kitchen,South,2,25.22,50.44,29.59
2024-08-29,Office Chair,Furniture,Central,1,337.79,337.79,231.7
2024-08-29,Standing Desk,Furniture,North,3,238.58,715.74,404.4
2024-08-29,Coffee Mug,Home & Kitchen,South,4,18.85,75.4,45.86
2024-08-29,Mechanical Keyboard,Electronics,South,2,101.34,202.68,132.65
2024-08-29,Notebook Set,Stationery,North,3,7.88,23.64,15.72
2024-08-29,Ballpoint Pens (Pack),Stationery,South,5,8.36,41.8,26.14
2024-08-30,Desk Lamp,Furniture,North,8,206.64,1653.12,827.48
2024-08-30,Ballpoint Pens (Pack),Stationery,East,7,2.58,18.06,11.61
2024-08-30,Mechanical Keyboard,Electronics,Central,3,77.48,232.44,152.32
2024-08-30,Standing Desk,Furniture,South,1,217.24,217.24,116.15
2024-08-30,USB-C Hub,Electronics,East,4,40.96,163.84,84.12
2024-08-30,USB-C Hub,Electronics,East,6,51.13,306.78,167.27
2024-08-30,Desk Lamp,Furniture,East,6,258.06,1548.36,954.07
2024-08-30,Sticky Notes,Stationery,Central,5,4.52,22.6,12.17
2024-08-30,USB-C Hub,Electronics,East,4,56.38,225.52,137.0
2024-08-30,Desk Lamp,Furniture,Central,4,301.18,1204.72,624.16
2024-08-30,Coffee Mug,Home & Kitchen,North,8,27.97,223.76,139.26
2024-08-30,Coffee Mug,Home & Kitchen,South,1,12.36,12.36,7.37
2024-08-30,Standing Desk,Furniture,Central,6,79.01,474.06,310.5
2024-08-30,Standing Desk,Furniture,North,4,159.15,636.6,335.16
2024-08-30,Notebook Set,Stationery,West,2,6.84,13.68,7.19
2024-08-31,Notebook Set,Stationery,East,8,8.61,68.88,37.91
2024-08-31,Mechanical Keyboard,Electronics,South,1,108.49,108.49,54.82
2024-08-31,Coffee Mug,Home & Kitchen,Central,3,14.94,44.82,23.64
2024-08-31,Wireless Mouse,Electronics,South,3,89.04,267.12,152.51
2024-08-31,Desk Lamp,Furniture,North,5,283.85,1419.25,794.64
2024-08-31,Water Bottle,Home & Kitchen,North,8,13.74,109.92,68.27
2024-08-31,USB-C Hub,Electronics,East,5,105.3,526.5,337.82
2024-08-31,Standing Desk,Furniture,East,2,273.43,546.86,332.79
2024-09-01,Ballpoint Pens (Pack),Stationery,North,7,9.47,66.29,44.82
2024-09-01,USB-C Hub,Electronics,Central,7,52.2,365.4,207.57
2024-09-01,Sticky Notes,Stationery,East,7,6.34,44.38,29.15
2024-09-01,Sticky Notes,Stationery,Central,4,14.64,58.56,34.4
2024-09-01,Ballpoint Pens (Pack),Stationery,South,7,8.6,60.2,31.61
2024-09-01,Coffee Mug,Home & Kitchen,South,6,27.25,163.5,105.85
2024-09-01,Mechanical Keyboard,Electronics,Central,7,32.72,229.04,149.1
2024-09-01,Sticky Notes,Stationery,South,6,10.26,61.56,41.65
2024-09-02,Standing Desk,Furniture,West,3,114.72,344.16,216.55
2024-09-02,Mechanical Keyboard,Electronics,South,3,40.8,122.4,75.74
2024-09-02,Wireless Mouse,Electronics,Central,7,56.41,394.87,228.91
2024-09-02,Standing Desk,Furniture,East,1,164.78,164.78,109.94
2024-09-02,Water Bottle,Home & Kitchen,North,1,24.73,24.73,15.21
2024-09-02,Office Chair,Furniture,East,4,111.51,446.04,231.37
2024-09-02,Coffee Mug,Home & Kitchen,South,7,8.47,59.29,35.92
2024-09-02,Ballpoint Pens (Pack),Stationery,West,1,3.44,3.44,2.01
2024-09-02,Wireless Mouse,Electronics,West,7,106.38,744.66,512.24
2024-09-02,Wireless Mouse,Electronics,North,6,38.97,233.82,155.54
2024-09-02,Water Bottle,Home & Kitchen,South,4,12.36,49.44,28.78
2024-09-02,Wireless Mouse,Electronics,Central,5,44.73,223.65,120.77
2024-09-02,Mechanical Keyboard,Electronics,West,6,43.98,263.88,156.2
2024-09-02,Ballpoint Pens (Pack),Stationery,West,7,7.46,52.22,26.44
2024-09-02,Office Chair,Furniture,East,5,342.66,1713.3,1133.81
2024-09-03,Ballpoint Pens (Pack),Stationery,East,6,2.26,13.56,9.07
2024-09-03,Coffee Mug,Home & Kitchen,Central,4,11.71,46.84,28.67
2024-09-03,Ballpoint Pens (Pack),Stationery,East,5,8.45,42.25,24.04
2024-09-03,Desk Lamp,Furniture,South,7,190.1,1330.7,760.88
2024-09-03,Standing Desk,Furniture,Central,6,169.77,1018.62,624.99
2024-09-03,Standing Desk,Furniture,West,3,185.82,557.46,280.08
2024-09-03,Wireless Mouse,Electronics,Central,6,38.85,233.1,151.14
2024-09-03,Standing Desk,Furniture,South,2,140.77,281.54,141.67
2024-09-03,Wireless Mouse,Electronics,Central,4,65.08,260.32,155.61
2024-09-03,Water Bottle,Home & Kitchen,West,2,19.5,39.0,21.65
2024-09-03,Ballpoint Pens (Pack),Stationery,North,7,11.78,82.46,57.11
2024-09-03,Desk Lamp,Furniture,West,5,306.23,1531.15,996.78
2024-09-03,Notebook Set,Stationery,Central,2,11.02,22.04,14.62
2024-09-03,Coffee Mug,Home & Kitchen,Central,1,23.31,23.31,14.34
2024-09-03,Mechanical Keyboard,Electronics,North,5,50.12,250.6,144.6
2024-09-04,Standing Desk,Furniture,South,6,315.87,1895.22,1033.99
2024-09-04,Office Chair,Furniture,West,5,231.72,1158.6,691.23
2024-09-04,Ballpoint Pens (Pack),Stationery,South,1,12.29,12.29,7.49
2024-09-04,USB-C Hub,Electronics,South,3,59.17,177.51,98.74
2024-09-04,Mechanical Keyboard,Electronics,Central,1,95.97,95.97,52.17
2024-09-04,Desk Lamp,Furniture,Central,1,277.91,277.91,176.74
2024-09-04,USB-C Hub,Electronics,Central,8,118.68,949.44,595.81
2024-09-04,Wireless Mouse,Electronics,East,3,29.59,88.77,59.59
2024-09-05,Notebook Set,Stationery,North,7,7.29,51.03,34.08
2024-09-05,Mechanical Keyboard,Electronics,West,3,75.68,227.04,122.22
2024-09-05,Coffee Mug,Home & Kitchen,Central,3,22.8,68.4,41.95
2024-09-05,Sticky Notes,Stationery,South,8,11.13,89.04,58.22
2024-09-05,Office Chair,Furniture,West,2,325.18,650.36,433.2
2024-09-05,Coffee Mug,Home & Kitchen,East,3,23.8,71.4,44.14
2024-09-05,Water Bottle,Home & Kitchen,South,2,23.12,46.24,29.04
2024-09-05,Wireless Mouse,Electronics,North,5,52.67,263.35,184.02
2024-09-05,Coffee Mug,Home & Kitchen,South,2,8.04,16.08,8.87
2024-09-05,Coffee Mug,Home & Kitchen,Central,3,19.28,57.84,37.89
2024-09-06,Water Bottle,Home & Kitchen,South,1,26.08,26.08,13.43
2024-09-06,Sticky Notes,Stationery,North,7,2.07,14.49,10.01
2024-09-06,Standing Desk,Furniture,South,2,247.11,494.22,336.36
2024-09-06,Wireless Mouse,Electronics,North,7,83.3,583.1,368.31
2024-09-06,Water Bottle,Home & Kitchen,Central,2,9.02,18.04,10.74
2024-09-06,Coffee Mug,Home & Kitchen,South,7,12.48,87.36,52.65
2024-09-06,Sticky Notes,Stationery,North,2,8.87,17.74,10.34
2024-09-06,USB-C Hub,Electronics,East,5,103.46,517.3,260.64
2024-09-06,USB-C Hub,Electronics,Central,6,114.9,689.4,356.95
2024-09-07,Notebook Set,Stationery,Central,1,3.46,3.46,2.35
2024-09-07,Mechanical Keyboard,Electronics,South,8,57.65,461.2,308.14
2024-09-07,Office Chair,Furniture,Central,2,244.32,488.64,285.49
2024-09-07,Water Bottle,Home & Kitchen,East,5,21.86,109.3,58.67
2024-09-08,Standing Desk,Furniture,East,8,83.55,668.4,442.55
2024-09-08,Water Bottle,Home & Kitchen,South,5,21.13,105.65,65.2
2024-09-08,USB-C Hub,Electronics,South,8,53.24,425.92,251.41
2024-09-08,Wireless Mouse,Electronics,South,7,83.15,582.05,319.23
2024-09-08,Desk Lamp,Furniture,South,5,162.91,814.55,488.93
2024-09-09,Mechanical Keyboard,Electronics,Central,8,97.93,783.44,429.81
2024-09-09,Notebook Set,Stationery,East,3,9.41,28.23,15.52
2024-09-09,Desk Lamp,Furniture,East,7,349.73,2448.11,1242.88
2024-09-09,Notebook Set,Stationery,West,7,6.85,47.95,31.81
2024-09-09,Water Bottle,Home & Kitchen,South,3,19.54,58.62,31.47
2024-09-09,Notebook Set,Stationery,Central,3,2.94,8.82,6.05
2024-09-09,Coffee Mug,Home & Kitchen,West,3,20.98,62.94,42.67
2024-09-09,Coffee Mug,Home & Kitchen,South,4,27.03,108.12,62.71
2024-09-09,Sticky Notes,Stationery,West,8,13.91,111.28,62.34
2024-09-09,Office Chair,Furniture,East,3,334.78,1004.34,665.5
2024-09-09,Mechanical Keyboard,Electronics,East,4,78.33,313.32,166.36
2024-09-09,USB-C Hub,Electronics,West,1,18.08,18.08,12.58
2024-09-09,Ballpoint Pens (Pack),Stationery,West,3,14.27,42.81,24.02
2024-09-09,Water Bottle,Home & Kitchen,South,1,12.79,12.79,6.7
2024-09-09,Office Chair,Furniture,Central,8,321.33,2570.64,1302.37
2024-09-09,Coffee Mug,Home & Kitchen,Central,7,11.51,80.57,52.95
2024-09-09,USB-C Hub,Electronics,East,1,49.6,49.6,26.61
2024-09-09,Desk Lamp,Furniture,South,1,200.5,200.5,132.35
2024-09-10,Coffee Mug,Home & Kitchen,East,7,26.2,183.4,111.7
2024-09-10,Wireless Mouse,Electronics,East,7,71.06,497.42,273.18
2024-09-10,Wireless Mouse,Electronics,West,7,57.95,405.65,241.79
2024-09-10,Water Bottle,Home & Kitchen,East,1,13.67,13.67,8.78
2024-09-10,Desk Lamp,Furniture,South,2,199.83,399.66,207.58
2024-09-10,Wireless Mouse,Electronics,West,8,67.07,536.56,305.8
2024-09-10,Office Chair,Furniture,West,2,280.92,561.84,359.02
2024-09-10,Coffee Mug,Home & Kitchen,Central,2,18.11,36.22,19.49
2024-09-10,USB-C Hub,Electronics,East,5,43.88,219.4,121.59
2024-09-11,Notebook Set,Stationery,North,8,13.26,106.08,59.73
2024-09-11,Mechanical Keyboard,Electronics,North,8,58.42,467.36,277.73
2024-09-11,Wireless Mouse,Electronics,Central,6,24.43,146.58,89.07
2024-09-11,Desk Lamp,Furniture,North,5,115.85,579.25,298.13
2024-09-11,Desk Lamp,Furniture,Central,1,217.94,217.94,113.13
2024-09-11,Ballpoint Pens (Pack),Stationery,East,5,10.7,53.5,33.88
2024-09-11,Notebook Set,Stationery,North,8,5.71,45.68,30.99
2024-09-11,Wireless Mouse,Electronics,East,6,108.74,652.44,425.54
2024-09-11,Coffee Mug,Home & Kitchen,Central,3,12.6,37.8,21.79
2024-09-11,USB-C Hub,Electronics,North,4,68.94,275.76,190.19
2024-09-11,Water Bottle,Home & Kitchen,North,8,11.46,91.68,58.64
2024-09-11,Mechanical Keyboard,Electronics,West,5,87.67,438.35,239.93
2024-09-11,Notebook Set,Stationery,South,4,14.81,59.24,39.69
2024-09-11,Sticky Notes,Stationery,Central,1,8.34,8.34,5.78
2024-09-11,Sticky Notes,Stationery,West,1,10.83,10.83,6.93
2024-09-11,Mechanical Keyboard,Electronics,Central,5,105.89,529.45,280.11
2024-09-11,Notebook Set,Stationery,West,2,9.2,18.4,10.46
2024-09-11,Notebook Set,Stationery,South,3,10.53,31.59,22.08
2024-09-11,Water Bottle,Home & Kitchen,South,3,22.92,68.76,40.93
2024-09-11,Standing Desk,Furniture,East,5,270.66,1353.3,820.59
2024-09-11,Water Bottle,Home & Kitchen,South,4,24.41,97.64,64.89
2024-09-12,Coffee Mug,Home & Kitchen,East,4,25.69,102.76,71.89
2024-09-12,USB-C Hub,Electronics,West,3,41.06,123.18,70.54
2024-09-12,Wireless Mouse,Electronics,South,7,22.74,159.18,105.47
2024-09-12,Ballpoint Pens (Pack),Stationery,North,4,2.63,10.52,5.37
2024-09-12,Office Chair,Furniture,North,7,185.85,1300.95,840.66
2024-09-12,Water Bottle,Home & Kitchen,North,7,10.66,74.62,50.14
2024-09-12,Coffee Mug,Home & Kitchen,North,2,22.06,44.12,23.32
2024-09-12,USB-C Hub,Electronics,North,5,50.59,252.95,145.25
2024-09-12,Ballpoint Pens (Pack),Stationery,Central,6,10.44,62.64,36.24
2024-09-12,Wireless Mouse,Electronics,Central,7,19.51,136.57,94.17
2024-09-12,Standing Desk,Furniture,East,5,344.63,1723.15,971.52
2024-09-12,Sticky Notes,Stationery,Central,5,4.93,24.65,15.07
2024-09-12,Water Bottle,Home & Kitchen,Central,2,15.71,31.42,17.04
2024-09-12,Standing Desk,Furniture,East,7,105.5,738.5,424.05
2024-09-12,Mechanical Keyboard,Electronics,West,8,20.49,163.92,108.57
2024-09-13,Mechanical Keyboard,Electronics,West,3,47.51,142.53,95.89
2024-09-13,USB-C Hub,Electronics,West,7,16.68,116.76,70.15
2024-09-13,Wireless Mouse,Electronics,North,6,115.26,691.56,446.17
2024-09-13,Mechanical Keyboard,Electronics,West,8,99.94,799.52,491.24
2024-09-13,Desk Lamp,Furniture,South,3,81.77,245.31,144.36
2024-09-13,Standing Desk,Furniture,North,7,272.26,1905.82,1262.28
2024-09-13,Ballpoint Pens (Pack),Stationery,Central,1,9.44,9.44,6.15
2024-09-13,Sticky Notes,Stationery,Central,7,5.9,41.3,25.45
2024-09-13,Notebook Set,Stationery,East,7,4.53,31.71,19.71
2024-09-13,Standing Desk,Furniture,Central,8,336.91,2695.28,1763.79
2024-09-13,Office Chair,Furniture,West,8,85.72,685.76,453.38
2024-09-13,Mechanical Keyboard,Electronics,Central,3,32.21,96.63,51.98
2024-09-13,USB-C Hub,Electronics,Central,8,37.33,298.64,173.5
2024-09-13,Standing Desk,Furniture,North,3,327.25,981.75,650.99
2024-09-13,Ballpoint Pens (Pack),Stationery,West,3,13.94,41.82,26.84
2024-09-13,Office Chair,Furniture,Central,6,73.55,441.3,271.42
2024-09-13,Standing Desk,Furniture,North,2,114.78,229.56,127.58
2024-09-14,USB-C Hub,Electronics,South,5,66.94,334.7,208.06
2024-09-14,Water Bottle,Home & Kitchen,West,6,13.91,83.46,47.44
2024-09-14,Notebook Set,Stationery,North,8,9.92,79.36,48.43
2024-09-14,Office Chair,Furniture,North,1,301.38,301.38,163.56
2024-09-14,USB-C Hub,Electronics,South,7,119.25,834.75,492.4
2024-09-14,Ballpoint Pens (Pack),Stationery,South,4,11.44,45.76,23.19
2024-09-14,Notebook Set,Stationery,West,5,12.43,62.15,38.02
2024-09-14,Wireless Mouse,Electronics,South,7,98.74,691.18,455.65
2024-09-15,USB-C Hub,Electronics,East,2,91.43,182.86,118.05
2024-09-15,USB-C Hub,Electronics,West,5,16.94,84.7,48.56
2024-09-15,USB-C Hub,Electronics,West,8,59.13,473.04,277.17
2024-09-15,USB-C Hub,Electronics,North,1,40.74,40.74,23.28
2024-09-15,Notebook Set,Stationery,East,7,7.82,54.74,32.69
2024-09-15,Coffee Mug,Home & Kitchen,South,2,24.94,49.88,31.72
2024-09-15,Coffee Mug,Home & Kitchen,Central,5,21.17,105.85,67.87
2024-09-15,Notebook Set,Stationery,North,6,5.67,34.02,21.51
2024-09-15,USB-C Hub,Electronics,West,7,46.14,322.98,178.11
2024-09-16,Notebook Set,Stationery,North,3,9.61,28.83,17.49
2024-09-16,Water Bottle,Home & Kitchen,North,2,13.02,26.04,13.1
2024-09-16,Mechanical Keyboard,Electronics,South,8,60.88,487.04,332.12
2024-09-16,Coffee Mug,Home & Kitchen,Central,5,28.44,142.2,75.7
2024-09-16,Notebook Set,Stationery,West,8,8.52,68.16,47.24
2024-09-16,Office Chair,Furniture,West,8,250.61,2004.88,1157.99
2024-09-16,Wireless Mouse,Electronics,West,2,118.68,237.36,136.25
2024-09-16,Standing Desk,Furniture,West,5,278.38,1391.9,819.5
2024-09-17,Standing Desk,Furniture,Central,7,256.7,1796.9,1121.59
2024-09-17,Ballpoint Pens (Pack),Stationery,South,4,12.91,51.64,34.91
2024-09-17,Notebook Set,Stationery,North,7,7.44,52.08,29.36
2024-09-17,Ballpoint Pens (Pack),Stationery,Central,7,10.65,74.55,43.22
2024-09-17,Desk Lamp,Furniture,East,8,347.45,2779.6,1542.45
2024-09-17,Wireless Mouse,Electronics,North,7,70.0,490.0,297.03
2024-09-17,USB-C Hub,Electronics,East,1,52.53,52.53,27.88
2024-09-17,Standing Desk,Furniture,East,5,208.56,1042.8,522.43
2024-09-17,Office Chair,Furniture,South,7,349.45,2446.15,1632.31
2024-09-17,Ballpoint Pens (Pack),Stationery,North,2,7.31,14.62,9.13
2024-09-17,Standing Desk,Furniture,South,4,179.25,717.0,406.22
2024-09-18,Wireless Mouse,Electronics,Central,4,18.19,72.76,39.47
2024-09-18,Water Bottle,Home & Kitchen,Central,1,21.36,21.36,13.23
2024-09-18,Coffee Mug,Home & Kitchen,West,3,13.91,41.73,22.62
2024-09-18,Notebook Set,Stationery,Central,5,13.89,69.45,39.64
2024-09-18,Notebook Set,Stationery,West,5,2.18,10.9,6.85
2024-09-18,Office Chair,Furniture,Central,5,317.6,1588.0,968.21
2024-09-18,USB-C Hub,Electronics,West,1,32.7,32.7,21.64
2024-09-18,Wireless Mouse,Electronics,South,2,52.15,104.3,63.01
2024-09-18,Coffee Mug,Home & Kitchen,North,8,10.12,80.96,52.53
2024-09-19,Water Bottle,Home & Kitchen,West,8,16.04,128.32,88.51
2024-09-19,Water Bottle,Home & Kitchen,East,2,28.0,56.0,33.85
2024-09-19,USB-C Hub,Electronics,South,1,67.59,67.59,44.43
2024-09-19,Sticky Notes,Stationery,West,5,5.18,25.9,13.82
2024-09-19,Notebook Set,Stationery,North,6,10.1,60.6,35.87
2024-09-19,Ballpoint Pens (Pack),Stationery,East,4,4.5,18.0,10.45
2024-09-19,Coffee Mug,Home & Kitchen,South,2,27.66,55.32,36.12
2024-09-19,Ballpoint Pens (Pack),Stationery,Central,3,6.96,20.88,11.86
2024-09-19,Standing Desk,Furniture,West,1,329.08,329.08,174.04
2024-09-19,Water Bottle,Home & Kitchen,West,2,29.58,59.16,40.04
2024-09-19,Office Chair,Furniture,West,1,295.64,295.64,196.54
2024-09-19,Sticky Notes,Stationery,West,1,12.53,12.53,7.72
2024-09-19,Standing Desk,Furniture,North,8,151.05,1208.4,843.18
2024-09-19,Sticky Notes,Stationery,Central,1,8.02,8.02,4.95
2024-09-20,Desk Lamp,Furniture,West,1,147.72,147.72,94.9
2024-09-20,Notebook Set,Stationery,South,7,5.43,38.01,22.13
2024-09-20,Sticky Notes,Stationery,North,3,7.18,21.54,13.33
2024-09-20,Water Bottle,Home & Kitchen,North,3,8.61,25.83,17.3
2024-09-20,Mechanical Keyboard,Electronics,Central,2,31.24,62.48,36.08
2024-09-20,Water Bottle,Home & Kitchen,North,3,8.15,24.45,14.19
2024-09-20,Coffee Mug,Home & Kitchen,North,2,25.15,50.3,31.08
2024-09-20,USB-C Hub,Electronics,West,4,38.51,154.04,90.47
2024-09-20,Standing Desk,Furniture,Central,8,130.36,1042.88,589.83
2024-09-20,Sticky Notes,Stationery,Central,7,13.25,92.75,49.92
2024-09-20,Desk Lamp,Furniture,West,1,188.26,188.26,125.75
2024-09-21,Water Bottle,Home & Kitchen,South,2,26.57,53.14,29.95
2024-09-21,Water Bottle,Home & Kitchen,North,6,21.28,127.68,86.24
2024-09-21,Office Chair,Furniture,Central,5,141.25,706.25,425.04
2024-09-21,Office Chair,Furniture,North,2,149.48,298.96,204.47
2024-09-21,Mechanical Keyboard,Electronics,South,4,117.67,470.68,285.77
2024-09-21,Ballpoint Pens (Pack),Stationery,North,6,14.15,84.9,43.72
2024-09-21,Wireless Mouse,Electronics,Central,8,107.23,857.84,580.33
2024-09-21,Office Chair,Furniture,East,5,208.59,1042.95,641.31
2024-09-22,Standing Desk,Furniture,North,4,182.74,730.96,484.54
2024-09-22,Mechanical Keyboard,Electronics,West,4,113.45,453.8,272.83
2024-09-22,Office Chair,Furniture,North,6,204.48,1226.88,761.01
2024-09-22,Water Bottle,Home & Kitchen,South,8,25.03,200.24,108.47
2024-09-22,Wireless Mouse,Electronics,South,2,49.8,99.6,53.06
2024-09-22,Office Chair,Furniture,South,3,169.02,507.06,309.31
2024-09-22,Water Bottle,Home & Kitchen,East,4,18.26,73.04,39.55
2024-09-23,Standing Desk,Furniture,West,8,172.75,1382.0,865.74
2024-09-23,Desk Lamp,Furniture,Central,5,327.26,1636.3,1120.33
2024-09-23,Coffee Mug,Home & Kitchen,North,7,11.55,80.85,43.1
2024-09-23,Sticky Notes,Stationery,North,7,12.84,89.88,62.89
2024-09-23,Office Chair,Furniture,East,5,172.12,860.6,474.22
2024-09-23,Sticky Notes,Stationery,South,8,11.57,92.56,61.28
2024-09-23,USB-C Hub,Electronics,Central,7,45.3,317.1,217.8
2024-09-23,USB-C Hub,Electronics,West,6,116.77,700.62,404.18
2024-09-23,USB-C Hub,Electronics,North,4,58.64,234.56,163.72
2024-09-23,Notebook Set,Stationery,West,2,11.71,23.42,13.01
2024-09-23,Wireless Mouse,Electronics,South,3,29.03,87.09,53.02
2024-09-23,Mechanical Keyboard,Electronics,South,8,117.05,936.4,583.79
2024-09-23,Wireless Mouse,Electronics,North,8,105.75,846.0,469.71
2024-09-23,Notebook Set,Stationery,North,5,4.75,23.75,13.54
2024-09-23,Ballpoint Pens (Pack),Stationery,East,7,5.99,41.93,24.13
2024-09-23,Wireless Mouse,Electronics,North,7,40.86,286.02,176.45
2024-09-23,Desk Lamp,Furniture,West,6,279.8,1678.8,986.69
2024-09-24,Standing Desk,Furniture,North,5,67.63,338.15,231.24
2024-09-24,Sticky Notes,Stationery,East,1,6.35,6.35,4.09
2024-09-24,Office Chair,Furniture,East,5,134.19,670.95,359.71
2024-09-24,Sticky Notes,Stationery,South,1,14.44,14.44,9.89
2024-09-24,Standing Desk,Furniture,West,2,199.84,399.68,228.42
2024-09-24,Mechanical Keyboard,Electronics,East,8,70.23,561.84,295.98
2024-09-24,Wireless Mouse,Electronics,East,1,76.23,76.23,44.59
2024-09-24,Sticky Notes,Stationery,South,1,8.53,8.53,5.5
2024-09-24,Sticky Notes,Stationery,West,4,3.1,12.4,6.36
2024-09-24,Office Chair,Furniture,West,8,109.54,876.32,523.32
2024-09-24,Sticky Notes,Stationery,North,8,7.27,58.16,34.0
2024-09-24,USB-C Hub,Electronics,East,8,103.09,824.72,435.91
2024-09-24,Notebook Set,Stationery,Central,4,2.94,11.76,6.3
2024-09-24,Office Chair,Furniture,North,7,113.56,794.92,466.1
2024-09-25,Desk Lamp,Furniture,East,1,325.5,325.5,168.97
2024-09-25,Standing Desk,Furniture,South,1,199.32,199.32,112.41
2024-09-25,Coffee Mug,Home & Kitchen,Central,3,27.64,82.92,44.87
2024-09-25,Sticky Notes,Stationery,South,3,2.49,7.47,4.08
2024-09-25,Coffee Mug,Home & Kitchen,South,3,22.41,67.23,34.9
2024-09-25,Water Bottle,Home & Kitchen,Central,1,19.75,19.75,10.7
2024-09-25,Coffee Mug,Home & Kitchen,North,4,16.33,65.32,45.37
2024-09-25,Office Chair,Furniture,South,4,133.71,534.84,297.72
2024-09-25,USB-C Hub,Electronics,South,5,34.5,172.5,101.52
2024-09-25,Wireless Mouse,Electronics,South,5,76.28,381.4,194.86
2024-09-25,Coffee Mug,Home & Kitchen,East,4,21.75,87.0,58.59
2024-09-25,Office Chair,Furniture,East,6,196.85,1181.1,773.48
2024-09-25,Desk Lamp,Furniture,South,7,177.24,1240.68,636.8
2024-09-25,Ballpoint Pens (Pack),Stationery,West,3,10.31,30.93,21.13
2024-09-25,Notebook Set,Stationery,East,2,6.8,13.6,9.11
2024-09-25,Desk Lamp,Furniture,South,5,285.46,1427.3,826.07
2024-09-25,Desk Lamp,Furniture,South,6,228.36,1370.16,719.96
2024-09-25,Water Bottle,Home & Kitchen,Central,6,28.04,168.24,109.52
2024-09-25,Notebook Set,Stationery,West,3,3.06,9.18,6.18
2024-09-25,Notebook Set,Stationery,South,4,10.57,42.28,23.92
2024-09-25,Notebook Set,Stationery,South,1,11.5,11.5,7.05
2024-09-25,Coffee Mug,Home & Kitchen,South,2,28.82,57.64,29.78
2024-09-26,Notebook Set,Stationery,Central,4,5.18,20.72,11.22
2024-09-26,USB-C Hub,Electronics,West,1,64.51,64.51,33.49
2024-09-26,Sticky Notes,Stationery,Central,7,13.75,96.25,65.38
2024-09-26,Notebook Set,Stationery,East,4,14.73,58.92,31.78
2024-09-26,Standing Desk,Furniture,West,7,246.31,1724.17,1203.99
2024-09-26,Water Bottle,Home & Kitchen,South,7,12.51,87.57,58.08
2024-09-26,Coffee Mug,Home & Kitchen,North,8,20.95,167.6,113.94
2024-09-26,Wireless Mouse,Electronics,South,7,101.17,708.19,448.68
2024-09-26,USB-C Hub,Electronics,West,7,90.45,633.15,441.88
2024-09-26,Wireless Mouse,Electronics,West,4,37.94,151.76,87.71
2024-09-26,USB-C Hub,Electronics,East,1,26.93,26.93,17.4
2024-09-26,Wireless Mouse,Electronics,North,4,38.77,155.08,98.19
2024-09-26,Ballpoint Pens (Pack),Stationery,South,5,2.59,12.95,8.54
2024-09-26,Standing Desk,Furniture,North,1,310.84,310.84,160.02
2024-09-26,Standing Desk,Furniture,Central,2,63.02,126.04,77.9
2024-09-27,Water Bottle,Home & Kitchen,North,1,11.55,11.55,7.88
2024-09-27,USB-C Hub,Electronics,Central,7,104.59,732.13,370.89
2024-09-27,Mechanical Keyboard,Electronics,Central,1,40.88,40.88,22.55
2024-09-27,Desk Lamp,Furniture,East,5,348.96,1744.8,1020.87
2024-09-27,Ballpoint Pens (Pack),Stationery,Central,2,9.69,19.38,11.8
2024-09-27,Wireless Mouse,Electronics,North,6,97.66,585.96,351.05
2024-09-27,Office Chair,Furniture,South,2,149.74,299.48,157.85
2024-09-27,Ballpoint Pens (Pack),Stationery,North,3,12.44,37.32,19.35
2024-09-27,USB-C Hub,Electronics,Central,8,104.36,834.88,533.86
2024-09-28,Coffee Mug,Home & Kitchen,South,7,14.48,101.36,59.37
2024-09-28,Coffee Mug,Home & Kitchen,North,4,22.02,88.08,49.35
2024-09-28,Mechanical Keyboard,Electronics,West,2,97.16,194.32,101.78
2024-09-28,Standing Desk,Furniture,North,2,83.9,167.8,97.69
2024-09-28,Water Bottle,Home & Kitchen,West,3,15.58,46.74,24.93
2024-09-28,Desk Lamp,Furniture,South,8,319.09,2552.72,1420.84
2024-09-29,Mechanical Keyboard,Electronics,West,5,69.66,348.3,193.82
2024-09-29,Coffee Mug,Home & Kitchen,Central,4,29.79,119.16,76.28
2024-09-29,Desk Lamp,Furniture,West,8,252.39,2019.12,1323.85
2024-09-29,Standing Desk,Furniture,South,3,270.08,810.24,426.72
2024-09-29,Water Bottle,Home & Kitchen,East,7,18.48,129.36,81.84
2024-09-29,Mechanical Keyboard,Electronics,East,5,26.68,133.4,84.0
2024-09-30,Notebook Set,Stationery,South,5,7.79,38.95,26.31
2024-09-30,Wireless Mouse,Electronics,West,7,71.86,503.02,327.94
2024-09-30,Ballpoint Pens (Pack),Stationery,South,3,4.5,13.5,7.08
2024-09-30,Water Bottle,Home & Kitchen,South,3,20.23,60.69,33.79
2024-09-30,Sticky Notes,Stationery,East,8,4.5,36.0,22.26
2024-09-30,Standing Desk,Furniture,North,1,71.31,71.31,44.29
2024-09-30,Mechanical Keyboard,Electronics,South,6,108.44,650.64,412.12
2024-09-30,Desk Lamp,Furniture,South,6,333.67,2002.02,1258.52
2024-09-30,Coffee Mug,Home & Kitchen,South,1,23.4,23.4,14.81
2024-09-30,Ballpoint Pens (Pack),Stationery,Central,1,5.12,5.12,3.11
2024-09-30,Mechanical Keyboard,Electronics,North,5,25.74,128.7,70.59
2024-09-30,Mechanical Keyboard,Electronics,Central,6,106.52,639.12,331.78
2024-09-30,Water Bottle,Home & Kitchen,East,5,24.12,120.6,75.47
2024-09-30,Sticky Notes,Stationery,North,3,9.22,27.66,13.95
2024-09-30,Office Chair,Furniture,East,8,222.18,1777.44,1242.57
2024-09-30,Ballpoint Pens (Pack),Stationery,Central,2,12.71,25.42,17.31
2024-10-01,Ballpoint Pens (Pack),Stationery,East,4,9.48,37.92,21.48
2024-10-01,Desk Lamp,Furniture,East,8,231.78,1854.24,1129.13
2024-10-01,Standing Desk,Furniture,South,1,234.8,234.8,149.78
2024-10-01,Desk Lamp,Furniture,South,7,79.34,555.38,328.75
2024-10-01,Office Chair,Furniture,West,5,319.17,1595.85,939.69
2024-10-01,Mechanical Keyboard,Electronics,South,7,84.71,592.97,313.09
2024-10-01,Office Chair,Furniture,North,5,269.64,1348.2,839.35
2024-10-01,Notebook Set,Stationery,East,5,8.49,42.45,23.97
2024-10-01,Wireless Mouse,Electronics,Central,5,85.91,429.55,233.04
2024-10-01,Sticky Notes,Stationery,North,1,3.64,3.64,2.06
2024-10-01,Office Chair,Furniture,West,2,158.03,316.06,195.01
2024-10-02,Wireless Mouse,Electronics,West,3,102.58,307.74,164.0
2024-10-02,Ballpoint Pens (Pack),Stationery,North,4,10.54,42.16,23.93
2024-10-02,Coffee Mug,Home & Kitchen,East,6,22.08,132.48,90.66
2024-10-02,USB-C Hub,Electronics,Central,7,38.77,271.39,159.31
2024-10-02,USB-C Hub,Electronics,Central,2,61.48,122.96,64.89
2024-10-02,USB-C Hub,Electronics,North,5,24.14,120.7,63.23
2024-10-02,Water Bottle,Home & Kitchen,South,3,26.89,80.67,53.79
2024-10-02,Notebook Set,Stationery,South,3,14.63,43.89,23.97
2024-10-02,USB-C Hub,Electronics,Central,1,46.72,46.72,24.77
2024-10-02,Notebook Set,Stationery,North,1,5.17,5.17,2.82
2024-10-02,Coffee Mug,Home & Kitchen,West,2,12.04,24.08,14.84
2024-10-02,Desk Lamp,Furniture,West,2,113.42,226.84,144.13
2024-10-02,Ballpoint Pens (Pack),Stationery,North,6,2.03,12.18,8.52
2024-10-03,USB-C Hub,Electronics,South,1,44.99,44.99,23.73
2024-10-03,Office Chair,Furniture,North,7,195.93,1371.51,706.46
2024-10-03,Desk Lamp,Furniture,West,5,143.5,717.5,464.95
2024-10-03,Coffee Mug,Home & Kitchen,East,6,28.24,169.44,107.43
2024-10-03,Ballpoint Pens (Pack),Stationery,West,7,6.48,45.36,28.56
2024-10-03,Notebook Set,Stationery,North,3,9.2,27.6,17.38
2024-10-03,Ballpoint Pens (Pack),Stationery,Central,1,11.38,11.38,5.99
2024-10-03,Mechanical Keyboard,Electronics,North,7,65.24,456.68,285.81
2024-10-03,Ballpoint Pens (Pack),Stationery,West,4,4.58,18.32,11.14
2024-10-03,Coffee Mug,Home & Kitchen,South,2,23.85,47.7,30.02
2024-10-03,Desk Lamp,Furniture,West,4,84.3,337.2,189.61
2024-10-03,Wireless Mouse,Electronics,North,1,113.59,113.59,62.38
2024-10-03,Sticky Notes,Stationery,Central,3,2.95,8.85,5.2
2024-10-04,Coffee Mug,Home & Kitchen,Central,7,24.61,172.27,104.58
2024-10-04,Standing Desk,Furniture,North,8,118.49,947.92,582.05
2024-10-04,Desk Lamp,Furniture,South,3,88.52,265.56,176.04
2024-10-04,Desk Lamp,Furniture,South,7,113.36,793.52,431.73
2024-10-04,Desk Lamp,Furniture,North,3,348.09,1044.27,723.1
2024-10-04,Office Chair,Furniture,West,6,151.06,906.36,630.36
2024-10-04,Standing Desk,Furniture,Central,8,230.72,1845.76,1219.0
2024-10-04,Standing Desk,Furniture,East,2,177.97,355.94,207.39
2024-10-04,USB-C Hub,Electronics,Central,7,49.33,345.31,229.18
2024-10-04,Wireless Mouse,Electronics,West,3,93.82,281.46,193.91
2024-10-04,Desk Lamp,Furniture,North,8,122.5,980.0,517.14
2024-10-04,USB-C Hub,Electronics,Central,2,46.62,93.24,50.09
2024-10-04,Office Chair,Furniture,East,8,345.35,2762.8,1750.58
2024-10-04,Wireless Mouse,Electronics,East,6,117.11,702.66,403.83
2024-10-05,Sticky Notes,Stationery,East,1,10.45,10.45,5.42
2024-10-05,Ballpoint Pens (Pack),Stationery,Central,3,10.39,31.17,19.91
2024-10-05,Coffee Mug,Home & Kitchen,East,6,24.85,149.1,87.83
2024-10-05,Notebook Set,Stationery,South,7,13.03,91.21,60.34
2024-10-05,Notebook Set,Stationery,South,1,13.48,13.48,6.81
2024-10-05,Wireless Mouse,Electronics,Central,5,67.85,339.25,235.08
2024-10-05,Sticky Notes,Stationery,South,4,13.04,52.16,30.05
2024-10-05,Sticky Notes,Stationery,South,7,3.12,21.84,10.96
2024-10-05,Desk Lamp,Furniture,East,5,314.25,1571.25,1095.28
2024-10-05,Notebook Set,Stationery,East,1,5.4,5.4,3.64
2024-10-05,Coffee Mug,Home & Kitchen,South,6,8.02,48.12,25.1
2024-10-05,Desk Lamp,Furniture,East,7,160.04,1120.28,760.58
2024-10-06,Water Bottle,Home & Kitchen,North,1,22.06,22.06,14.24
2024-10-06,Wireless Mouse,Electronics,East,5,82.0,410.0,233.58
2024-10-06,Notebook Set,Stationery,Central,6,6.29,37.74,23.81
2024-10-06,Standing Desk,Furniture,Central,4,192.84,771.36,392.17
2024-10-06,Water Bottle,Home & Kitchen,North,2,14.2,28.4,14.82
2024-10-06,Ballpoint Pens (Pack),Stationery,Central,5,9.91,49.55,29.36
2024-10-06,Water Bottle,Home & Kitchen,North,7,23.47,164.29,98.04
2024-10-06,Mechanical Keyboard,Electronics,West,2,26.2,52.4,31.62
2024-10-06,Notebook Set,Stationery,North,2,12.81,25.62,15.78
2024-10-07,Sticky Notes,Stationery,South,4,13.31,53.24,35.83
2024-10-07,Desk Lamp,Furniture,Central,4,134.12,536.48,305.56
2024-10-07,Desk Lamp,Furniture,West,3,131.6,394.8,243.08
2024-10-07,Coffee Mug,Home & Kitchen,Central,3,10.07,30.21,20.58
2024-10-07,Ballpoint Pens (Pack),Stationery,East,1,12.59,12.59,7.37
2024-10-07,Ballpoint Pens (Pack),Stationery,Central,4,4.63,18.52,11.17
2024-10-07,Office Chair,Furniture,South,8,278.65,2229.2,1403.21
2024-10-07,Standing Desk,Furniture,East,2,295.19,590.38,310.04
2024-10-07,Sticky Notes,Stationery,East,5,2.06,10.3,6.84
2024-10-07,Wireless Mouse,Electronics,Central,8,28.13,225.04,149.82
2024-10-07,Sticky Notes,Stationery,South,8,13.96,111.68,58.43
2024-10-07,Sticky Notes,Stationery,East,3,8.25,24.75,14.31
2024-10-07,Wireless Mouse,Electronics,Central,1,15.91,15.91,8.41
2024-10-07,Standing Desk,Furniture,South,4,144.18,576.72,294.34
2024-10-07,Water Bottle,Home & Kitchen,West,8,28.41,227.28,146.0
2024-10-07,Notebook Set,Stationery,North,8,9.93,79.44,46.06
2024-10-07,Ballpoint Pens (Pack),Stationery,West,5,10.86,54.3,29.7
2024-10-07,Standing Desk,Furniture,East,1,266.89,266.89,178.26
2024-10-07,USB-C Hub,Electronics,West,6,35.61,213.66,112.26
2024-10-07,Mechanical Keyboard,Electronics,Central,2,94.83,189.66,95.64
2024-10-08,Standing Desk,Furniture,West,4,281.06,1124.24,694.05
2024-10-08,Mechanical Keyboard,Electronics,East,1,93.25,93.25,63.59
2024-10-08,Notebook Set,Stationery,North,1,6.53,6.53,3.54
2024-10-08,Standing Desk,Furniture,West,6,310.42,1862.52,1049.96
2024-10-08,Sticky Notes,Stationery,Central,4,9.8,39.2,24.07
2024-10-08,Ballpoint Pens (Pack),Stationery,Central,2,14.61,29.22,20.01
2024-10-08,Water Bottle,Home & Kitchen,West,5,27.29,136.45,70.73
2024-10-08,Ballpoint Pens (Pack),Stationery,South,7,8.74,61.18,37.18
2024-10-08,Standing Desk,Furniture,Central,3,204.44,613.32,406.12
2024-10-08,Water Bottle,Home & Kitchen,South,1,22.66,22.66,13.04
2024-10-08,Wireless Mouse,Electronics,East,2,76.87,153.74,81.27
2024-10-08,Mechanical Keyboard,Electronics,West,4,91.61,366.44,200.4
2024-10-08,Notebook Set,Stationery,South,7,13.66,95.62,49.52
2024-10-08,Wireless Mouse,Electronics,North,1,76.88,76.88,46.94
2024-10-08,Sticky Notes,Stationery,North,1,12.71,12.71,6.8
2024-10-09,Water Bottle,Home & Kitchen,South,6,27.38,164.28,101.86
2024-10-09,USB-C Hub,Electronics,Central,1,80.27,80.27,50.3
2024-10-09,Notebook Set,Stationery,West,2,4.22,8.44,4.26
2024-10-09,Mechanical Keyboard,Electronics,South,3,85.81,257.43,173.26
2024-10-09,Coffee Mug,Home & Kitchen,East,8,26.63,213.04,143.67
2024-10-09,Office Chair,Furniture,North,2,161.17,322.34,211.44
2024-10-09,Office Chair,Furniture,North,7,118.81,831.67,578.63
2024-10-09,Mechanical Keyboard,Electronics,Central,2,93.43,186.86,130.75
2024-10-09,Desk Lamp,Furniture,North,2,200.89,401.78,241.8
2024-10-09,Ballpoint Pens (Pack),Stationery,West,3,14.46,43.38,23.74
2024-10-09,Sticky Notes,Stationery,Central,6,7.15,42.9,26.94
2024-10-09,Ballpoint Pens (Pack),Stationery,West,3,7.62,22.86,15.23
2024-10-09,Sticky Notes,Stationery,North,4,14.34,57.36,32.41
2024-10-09,USB-C Hub,Electronics,Central,1,63.7,63.7,38.67
2024-10-09,USB-C Hub,Electronics,East,6,80.36,482.16,299.25
2024-10-10,Ballpoint Pens (Pack),Stationery,West,5,13.86,69.3,44.93
2024-10-10,Wireless Mouse,Electronics,East,1,112.05,112.05,73.35
2024-10-10,Mechanical Keyboard,Electronics,West,6,65.7,394.2,208.06
2024-10-10,Desk Lamp,Furniture,West,6,214.97,1289.82,861.99
2024-10-10,Standing Desk,Furniture,Central,7,313.18,2192.26,1411.11
2024-10-10,USB-C Hub,Electronics,East,5,77.41,387.05,258.18
2024-10-10,Ballpoint Pens (Pack),Stationery,East,8,10.35,82.8,51.16
2024-10-10,Wireless Mouse,Electronics,North,2,91.76,183.52,110.38
2024-10-10,Water Bottle,Home & Kitchen,North,8,16.83,134.64,84.64
2024-10-11,Desk Lamp,Furniture,South,3,306.78,920.34,482.09
2024-10-11,Sticky Notes,Stationery,North,7,12.17,85.19,45.93
2024-10-11,USB-C Hub,Electronics,East,3,109.99,329.97,218.11
2024-10-11,Ballpoint Pens (Pack),Stationery,East,4,10.26,41.04,26.24
2024-10-11,Desk Lamp,Furniture,West,2,281.17,562.34,389.26
2024-10-11,Desk Lamp,Furniture,West,8,268.9,2151.2,1165.21
2024-10-11,Water Bottle,Home & Kitchen,East,5,9.44,47.2,27.19
2024-10-11,Notebook Set,Stationery,Central,7,4.58,32.06,17.75
2024-10-11,Office Chair,Furniture,East,4,328.78,1315.12,823.26
2024-10-11,Notebook Set,Stationery,West,4,5.9,23.6,12.53
2024-10-12,Water Bottle,Home & Kitchen,West,8,27.82,222.56,124.22
2024-10-12,USB-C Hub,Electronics,West,4,83.97,335.88,216.9
2024-10-12,Coffee Mug,Home & Kitchen,East,1,15.02,15.02,7.69
2024-10-12,Wireless Mouse,Electronics,Central,3,70.86,212.58,108.46
2024-10-12,Office Chair,Furniture,East,3,279.87,839.61,536.84
2024-10-12,Ballpoint Pens (Pack),Stationery,South,8,9.67,77.36,50.88
2024-10-12,Desk Lamp,Furniture,North,4,68.29,273.16,190.82
2024-10-12,Mechanical Keyboard,Electronics,East,1,86.04,86.04,48.93
2024-10-13,Water Bottle,Home & Kitchen,South,2,11.06,22.12,13.11
2024-10-13,Standing Desk,Furniture,South,4,239.93,959.72,494.96
2024-10-13,Mechanical Keyboard,Electronics,North,3,40.1,120.3,64.16
2024-10-13,Desk Lamp,Furniture,South,8,103.21,825.68,562.47
2024-10-13,Water Bottle,Home & Kitchen,East,2,19.63,39.26,23.98
2024-10-14,Water Bottle,Home & Kitchen,East,6,24.65,147.9,102.84
2024-10-14,Coffee Mug,Home & Kitchen,North,4,28.31,113.24,64.41
2024-10-14,Desk Lamp,Furniture,East,4,262.58,1050.32,624.71
2024-10-14,Sticky Notes,Stationery,North,7,5.25,36.75,24.57
2024-10-14,Mechanical Keyboard,Electronics,East,8,54.33,434.64,231.82
2024-10-14,Notebook Set,Stationery,East,2,8.68,17.36,10.45
2024-10-14,Water Bottle,Home & Kitchen,West,7,17.33,121.31,66.33
2024-10-14,Coffee Mug,Home & Kitchen,West,4,21.15,84.6,58.37
2024-10-14,Notebook Set,Stationery,West,1,6.29,6.29,3.89
2024-10-14,USB-C Hub,Electronics,South,7,61.27,428.89,279.69
2024-10-14,Standing Desk,Furniture,South,1,159.81,159.81,100.69
2024-10-14,Wireless Mouse,Electronics,South,6,78.82,472.92,300.73
2024-10-14,Sticky Notes,Stationery,South,4,8.13,32.52,19.13
2024-10-14,Ballpoint Pens (Pack),Stationery,South,2,9.68,19.36,12.11
2024-10-14,Office Chair,Furniture,North,4,132.13,528.52,361.02
2024-10-14,Mechanical Keyboard,Electronics,North,3,84.77,254.31,132.61
2024-10-14,Wireless Mouse,Electronics,West,3,86.75,260.25,136.71
2024-10-15,Desk Lamp,Furniture,North,8,106.9,855.2,544.82
2024-10-15,Mechanical Keyboard,Electronics,North,8,39.0,312.0,171.36
2024-10-15,Coffee Mug,Home & Kitchen,North,6,18.65,111.9,73.25
2024-10-15,Desk Lamp,Furniture,South,8,188.2,1505.6,975.77
2024-10-15,Mechanical Keyboard,Electronics,East,4,20.93,83.72,44.83
2024-10-15,USB-C Hub,Electronics,West,4,73.85,295.4,203.24
2024-10-15,Water Bottle,Home & Kitchen,East,1,24.75,24.75,12.61
2024-10-15,Water Bottle,Home & Kitchen,North,5,14.01,70.05,44.62
2024-10-15,Ballpoint Pens (Pack),Stationery,East,5,11.41,57.05,33.36
2024-10-15,Sticky Notes,Stationery,North,1,9.14,9.14,4.89
2024-10-16,Wireless Mouse,Electronics,East,2,40.59,81.18,43.18
2024-10-16,Wireless Mouse,Electronics,North,4,71.22,284.88,144.24
2024-10-16,Sticky Notes,Stationery,South,2,8.8,17.6,11.04
2024-10-16,Office Chair,Furniture,West,1,223.95,223.95,154.01
2024-10-16,Ballpoint Pens (Pack),Stationery,South,7,8.63,60.41,38.03
2024-10-16,Notebook Set,Stationery,West,3,3.68,11.04,7.1
2024-10-16,Wireless Mouse,Electronics,West,1,62.96,62.96,41.48
2024-10-16,Water Bottle,Home & Kitchen,Central,6,16.17,97.02,63.35
2024-10-16,Coffee Mug,Home & Kitchen,North,5,15.99,79.95,49.66
2024-10-16,USB-C Hub,Electronics,Central,7,51.13,357.91,209.58
2024-10-16,Mechanical Keyboard,Electronics,South,8,61.85,494.8,296.98
2024-10-16,Notebook Set,Stationery,South,7,3.39,23.73,15.5
2024-10-16,Notebook Set,Stationery,West,4,8.43,33.72,18.18
2024-10-16,Sticky Notes,Stationery,West,5,11.48,57.4,36.22
2024-10-16,Standing Desk,Furniture,West,2,288.36,576.72,337.3
2024-10-16,Office Chair,Furniture,North,5,92.03,460.15,238.98
2024-10-17,Standing Desk,Furniture,South,2,145.7,291.4,203.42
2024-10-17,Notebook Set,Stationery,South,7,5.25,36.75,22.33
2024-10-17,Coffee Mug,Home & Kitchen,West,8,25.15,201.2,109.91
2024-10-17,Wireless Mouse,Electronics,East,4,66.07,264.28,144.14
2024-10-17,Mechanical Keyboard,Electronics,East,3,93.42,280.26,173.42
2024-10-17,Water Bottle,Home & Kitchen,South,8,14.16,113.28,57.63
2024-10-17,Standing Desk,Furniture,North,7,258.82,1811.74,1069.53
2024-10-17,USB-C Hub,Electronics,Central,3,44.48,133.44,69.77
2024-10-17,Coffee Mug,Home & Kitchen,West,1,19.57,19.57,12.64
2024-10-17,Sticky Notes,Stationery,East,8,7.83,62.64,35.28
2024-10-17,USB-C Hub,Electronics,North,8,28.05,224.4,156.53
2024-10-17,Desk Lamp,Furniture,Central,2,215.02,430.04,298.27
2024-10-17,Notebook Set,Stationery,North,8,13.1,104.8,58.97
2024-10-17,Office Chair,Furniture,North,7,87.29,611.03,350.31
2024-10-17,Desk Lamp,Furniture,West,3,278.46,835.38,519.41
2024-10-17,Office Chair,Furniture,West,2,303.36,606.72,389.58
2024-10-18,Water Bottle,Home & Kitchen,Central,1,9.04,9.04,5.9
2024-10-18,Water Bottle,Home & Kitchen,North,8,25.5,204.0,130.38
2024-10-18,Mechanical Keyboard,Electronics,West,4,99.26,397.04,265.03
2024-10-18,Mechanical Keyboard,Electronics,West,6,43.11,258.66,160.48
2024-10-18,Wireless Mouse,Electronics,South,8,85.62,684.96,448.86
2024-10-18,Sticky Notes,Stationery,South,6,12.66,75.96,47.06
2024-10-18,Coffee Mug,Home & Kitchen,Central,2,12.79,25.58,16.02
2024-10-18,USB-C Hub,Electronics,East,6,26.11,156.66,101.51
2024-10-18,Desk Lamp,Furniture,Central,2,304.48,608.96,405.82
2024-10-18,Notebook Set,Stationery,South,2,11.19,22.38,11.36
2024-10-19,Sticky Notes,Stationery,West,4,5.36,21.44,13.82
2024-10-19,Sticky Notes,Stationery,East,6,4.83,28.98,15.89
2024-10-19,Ballpoint Pens (Pack),Stationery,Central,7,12.08,84.56,53.28
2024-10-19,Notebook Set,Stationery,East,6,8.04,48.24,32.94
2024-10-19,Wireless Mouse,Electronics,Central,3,88.77,266.31,150.66
2024-10-19,Mechanical Keyboard,Electronics,West,7,68.36,478.52,284.29
2024-10-19,Notebook Set,Stationery,West,1,8.22,8.22,4.59
2024-10-19,Wireless Mouse,Electronics,South,5,28.92,144.6,80.12
2024-10-19,Coffee Mug,Home & Kitchen,Central,4,13.4,53.6,34.66
2024-10-19,Notebook Set,Stationery,East,5,9.08,45.4,25.51
2024-10-20,Standing Desk,Furniture,South,5,220.3,1101.5,767.8
2024-10-20,Wireless Mouse,Electronics,South,5,40.69,203.45,114.24
2024-10-20,Notebook Set,Stationery,East,2,7.54,15.08,8.55
2024-10-20,Standing Desk,Furniture,North,5,203.55,1017.75,652.72
2024-10-20,Office Chair,Furniture,West,1,300.94,300.94,210.06
2024-10-20,Water Bottle,Home & Kitchen,Central,1,9.67,9.67,6.58
2024-10-21,Mechanical Keyboard,Electronics,North,4,48.42,193.68,119.83
2024-10-21,USB-C Hub,Electronics,North,3,40.4,121.2,83.3
2024-10-21,Notebook Set,Stationery,Central,3,5.04,15.12,7.84
2024-10-21,Standing Desk,Furniture,North,2,217.11,434.22,218.52
2024-10-21,Coffee Mug,Home & Kitchen,South,5,14.47,72.35,41.65
2024-10-21,Water Bottle,Home & Kitchen,South,4,22.84,91.36,55.52
2024-10-21,Office Chair,Furniture,South,5,167.57,837.85,482.81
2024-10-21,Coffee Mug,Home & Kitchen,East,1,14.34,14.34,7.99
2024-10-21,Sticky Notes,Stationery,South,7,9.21,64.47,38.03
2024-10-21,Office Chair,Furniture,East,1,160.74,160.74,100.74
2024-10-21,Sticky Notes,Stationery,Central,6,13.98,83.88,56.46
2024-10-21,Office Chair,Furniture,Central,7,235.46,1648.22,893.18
2024-10-21,Coffee Mug,Home & Kitchen,North,8,25.66,205.28,124.11
2024-10-21,Wireless Mouse,Electronics,North,6,43.77,262.62,145.74
2024-10-22,Standing Desk,Furniture,Central,7,209.74,1468.18,892.33
2024-10-22,Coffee Mug,Home & Kitchen,East,8,26.77,214.16,134.6
2024-10-22,Notebook Set,Stationery,Central,1,7.72,7.72,3.9
2024-10-22,Office Chair,Furniture,Central,5,335.82,1679.1,952.63
2024-10-22,Ballpoint Pens (Pack),Stationery,East,7,10.48,73.36,47.36
2024-10-22,Notebook Set,Stationery,North,2,5.39,10.78,6.86
2024-10-22,Office Chair,Furniture,East,4,166.7,666.8,410.15
2024-10-22,Desk Lamp,Furniture,North,5,323.71,1618.55,941.52
2024-10-22,Coffee Mug,Home & Kitchen,South,8,24.49,195.92,108.32
2024-10-22,USB-C Hub,Electronics,Central,7,22.57,157.99,89.46
2024-10-22,Ballpoint Pens (Pack),Stationery,North,5,6.3,31.5,20.05
2024-10-22,Office Chair,Furniture,Central,6,349.71,2098.26,1207.08
2024-10-22,Standing Desk,Furniture,Central,2,280.57,561.14,344.87
2024-10-22,Notebook Set,Stationery,Central,1,8.66,8.66,5.58
2024-10-22,Mechanical Keyboard,Electronics,North,2,104.27,208.54,118.18
2024-10-22,Coffee Mug,Home & Kitchen,South,1,16.12,16.12,10.98
2024-10-22,Ballpoint Pens (Pack),Stationery,West,6,2.63,15.78,8.92
2024-10-22,USB-C Hub,Electronics,North,4,93.47,373.88,233.96
2024-10-22,Standing Desk,Furniture,West,7,268.43,1879.01,1192.9
2024-10-22,USB-C Hub,Electronics,South,4,53.93,215.72,139.91
2024-10-22,Wireless Mouse,Electronics,West,4,103.01,412.04,244.01
2024-10-23,Notebook Set,Stationery,South,7,14.26,99.82,56.16
2024-10-23,Wireless Mouse,Electronics,Central,8,100.44,803.52,461.92
2024-10-23,Standing Desk,Furniture,East,4,303.4,1213.6,692.76
2024-10-23,Office Chair,Furniture,West,8,314.67,2517.36,1653.41
2024-10-23,Ballpoint Pens (Pack),Stationery,West,8,2.33,18.64,9.4
2024-10-23,Ballpoint Pens (Pack),Stationery,West,8,7.79,62.32,32.26
2024-10-23,Desk Lamp,Furniture,West,4,120.31,481.24,243.73
2024-10-23,Wireless Mouse,Electronics,Central,5,92.54,462.7,278.2
2024-10-23,Office Chair,Furniture,East,5,212.35,1061.75,670.44
2024-10-23,Desk Lamp,Furniture,South,6,325.0,1950.0,1135.53
2024-10-23,Wireless Mouse,Electronics,North,1,42.32,42.32,21.75
2024-10-23,Office Chair,Furniture,East,6,82.56,495.36,297.4
2024-10-23,Coffee Mug,Home & Kitchen,West,6,27.51,165.06,99.11
2024-10-23,Ballpoint Pens (Pack),Stationery,East,7,5.98,41.86,28.66
2024-10-23,Sticky Notes,Stationery,West,8,8.0,64.0,37.12
2024-10-23,Water Bottle,Home & Kitchen,West,3,10.93,32.79,19.05
2024-10-24,Coffee Mug,Home & Kitchen,Central,6,23.8,142.8,91.43
2024-10-24,Office Chair,Furniture,North,3,113.92,341.76,172.07
2024-10-24,Standing Desk,Furniture,West,4,182.48,729.92,372.96
2024-10-24,Mechanical Keyboard,Electronics,South,2,70.85,141.7,95.44
2024-10-24,Office Chair,Furniture,Central,2,272.64,545.28,322.28
2024-10-24,Standing Desk,Furniture,South,1,235.66,235.66,160.12
2024-10-24,Water Bottle,Home & Kitchen,South,4,15.86,63.44,32.76
2024-10-24,Water Bottle,Home & Kitchen,West,7,14.65,102.55,55.45
2024-10-24,Office Chair,Furniture,East,2,114.49,228.98,123.45
2024-10-24,Notebook Set,Stationery,East,2,14.16,28.32,16.23
2024-10-24,USB-C Hub,Electronics,North,8,72.79,582.32,297.9
2024-10-24,Coffee Mug,Home & Kitchen,Central,5,28.17,140.85,97.78
2024-10-24,Sticky Notes,Stationery,West,6,13.53,81.18,46.71
2024-10-24,Desk Lamp,Furniture,Central,3,119.6,358.8,201.72
2024-10-24,Coffee Mug,Home & Kitchen,North,1,9.43,9.43,5.2
2024-10-25,Notebook Set,Stationery,South,5,12.61,63.05,33.5
2024-10-25,Coffee Mug,Home & Kitchen,East,8,9.14,73.12,45.15
2024-10-25,Mechanical Keyboard,Electronics,South,2,69.08,138.16,96.44
2024-10-25,Standing Desk,Furniture,West,2,84.32,168.64,90.92
2024-10-25,Wireless Mouse,Electronics,North,6,38.46,230.76,136.14
2024-10-25,Sticky Notes,Stationery,North,2,13.54,27.08,16.86
2024-10-25,Standing Desk,Furniture,East,6,275.01,1650.06,1089.11
2024-10-25,Desk Lamp,Furniture,East,2,275.17,550.34,290.73
2024-10-25,Coffee Mug,Home & Kitchen,Central,5,9.8,49.0,30.56
2024-10-25,Mechanical Keyboard,Electronics,North,7,117.03,819.21,471.95
2024-10-25,Coffee Mug,Home & Kitchen,North,1,23.45,23.45,14.19
2024-10-25,USB-C Hub,Electronics,South,5,29.07,145.35,96.64
2024-10-25,USB-C Hub,Electronics,South,2,81.45,162.9,102.64
2024-10-26,Notebook Set,Stationery,Central,7,4.52,31.64,19.45
2024-10-26,Mechanical Keyboard,Electronics,North,1,51.25,51.25,35.08
2024-10-26,Water Bottle,Home & Kitchen,East,8,9.08,72.64,39.24
2024-10-26,USB-C Hub,Electronics,North,1,115.82,115.82,65.78
2024-10-26,Ballpoint Pens (Pack),Stationery,South,5,14.21,71.05,40.49
2024-10-26,Standing Desk,Furniture,East,3,295.31,885.93,599.7
2024-10-26,Water Bottle,Home & Kitchen,North,3,25.73,77.19,39.27
2024-10-26,Sticky Notes,Stationery,North,3,5.41,16.23,9.28
2024-10-26,Standing Desk,Furniture,West,5,293.35,1466.75,833.43
2024-10-27,Coffee Mug,Home & Kitchen,North,5,20.86,104.3,59.04
2024-10-27,Notebook Set,Stationery,East,4,6.28,25.12,14.73
2024-10-27,USB-C Hub,Electronics,South,8,70.74,565.92,322.3
2024-10-27,Coffee Mug,Home & Kitchen,Central,4,17.17,68.68,36.1
2024-10-27,USB-C Hub,Electronics,Central,1,107.9,107.9,65.95
2024-10-27,Wireless Mouse,Electronics,East,8,102.22,817.76,421.91
2024-10-27,Coffee Mug,Home & Kitchen,Central,1,24.72,24.72,15.97
2024-10-27,Sticky Notes,Stationery,Central,6,14.36,86.16,48.39
2024-10-27,Coffee Mug,Home & Kitchen,North,5,15.96,79.8,44.81
2024-10-27,USB-C Hub,Electronics,Central,4,76.8,307.2,166.81
2024-10-27,Wireless Mouse,Electronics,Central,6,91.51,549.06,363.24
2024-10-27,Standing Desk,Furniture,Central,7,213.33,1493.31,845.73
2024-10-27,Water Bottle,Home & Kitchen,South,3,22.6,67.8,45.73
2024-10-27,USB-C Hub,Electronics,Central,3,90.27,270.81,147.23
2024-10-28,Office Chair,Furniture,East,4,320.5,1282.0,827.53
2024-10-28,Water Bottle,Home & Kitchen,West,8,21.44,171.52,99.45
2024-10-28,Desk Lamp,Furniture,Central,4,137.95,551.8,339.34
2024-10-28,Desk Lamp,Furniture,South,2,244.49,488.98,332.23
2024-10-28,Water Bottle,Home & Kitchen,East,3,19.82,59.46,35.17
2024-10-28,Standing Desk,Furniture,North,2,144.43,288.86,201.21
2024-10-28,USB-C Hub,Electronics,West,8,48.94,391.52,244.08
2024-10-28,Ballpoint Pens (Pack),Stationery,West,5,7.28,36.4,18.72
2024-10-28,Desk Lamp,Furniture,West,5,237.3,1186.5,649.63
2024-10-28,Wireless Mouse,Electronics,North,4,51.85,207.4,120.13
2024-10-28,Office Chair,Furniture,North,2,154.91,309.82,165.6
2024-10-28,Standing Desk,Furniture,South,3,280.2,840.6,550.14
2024-10-28,Coffee Mug,Home & Kitchen,South,8,19.44,155.52,85.66
2024-10-28,Water Bottle,Home & Kitchen,North,2,14.04,28.08,18.5
2024-10-28,Office Chair,Furniture,East,1,307.76,307.76,168.78
2024-10-29,Sticky Notes,Stationery,West,7,14.07,98.49,54.61
2024-10-29,Wireless Mouse,Electronics,East,4,76.51,306.04,182.68
2024-10-29,Standing Desk,Furniture,West,3,73.94,221.82,151.95
2024-10-29,Standing Desk,Furniture,Central,2,260.35,520.7,296.7
2024-10-29,Ballpoint Pens (Pack),Stationery,South,6,3.11,18.66,10.66
2024-10-29,Desk Lamp,Furniture,South,4,255.34,1021.36,622.83
2024-10-30,Mechanical Keyboard,Electronics,South,7,34.15,239.05,142.36
2024-10-30,Sticky Notes,Stationery,East,5,9.3,46.5,23.46
2024-10-30,Ballpoint Pens (Pack),Stationery,East,2,11.06,22.12,13.75
2024-10-30,Mechanical Keyboard,Electronics,West,8,54.34,434.72,243.35
2024-10-30,Standing Desk,Furniture,Central,3,254.93,764.79,465.22
2024-10-30,Sticky Notes,Stationery,South,6,7.72,46.32,26.67
2024-10-30,Desk Lamp,Furniture,Central,1,164.88,164.88,103.83
2024-10-30,Office Chair,Furniture,East,4,185.25,741.0,420.34
2024-10-30,Notebook Set,Stationery,Central,3,12.79,38.37,23.89
2024-10-30,Wireless Mouse,Electronics,West,7,114.39,800.73,434.08
2024-10-30,Coffee Mug,Home & Kitchen,West,8,10.71,85.68,48.55
2024-10-30,Standing Desk,Furniture,West,8,282.28,2258.24,1428.66
2024-10-30,Water Bottle,Home & Kitchen,East,8,29.16,233.28,132.35
2024-10-30,Standing Desk,Furniture,North,4,247.97,991.88,514.83
2024-10-30,Sticky Notes,Stationery,East,6,6.08,36.48,19.29
2024-10-30,Desk Lamp,Furniture,East,6,301.86,1811.16,1256.21
2024-10-30,Desk Lamp,Furniture,West,5,165.02,825.1,478.96
2024-10-30,USB-C Hub,Electronics,Central,5,80.95,404.75,219.65
2024-10-31,Water Bottle,Home & Kitchen,East,8,16.81,134.48,83.19
2024-10-31,Ballpoint Pens (Pack),Stationery,North,5,9.67,48.35,31.98
2024-10-31,Office Chair,Furniture,East,2,266.96,533.92,322.3
2024-10-31,Office Chair,Furniture,West,5,282.31,1411.55,759.69
2024-10-31,Notebook Set,Stationery,North,1,10.81,10.81,5.49
2024-10-31,Mechanical Keyboard,Electronics,West,1,113.71,113.71,57.62
2024-10-31,Sticky Notes,Stationery,West,3,10.84,32.52,20.84
2024-10-31,Mechanical Keyboard,Electronics,East,4,84.78,339.12,196.81
2024-10-31,Office Chair,Furniture,East,4,201.17,804.68,530.38
2024-10-31,Sticky Notes,Stationery,Central,7,3.67,25.69,13.95
2024-10-31,Mechanical Keyboard,Electronics,South,4,99.09,396.36,204.08
2024-10-31,Office Chair,Furniture,North,8,149.87,1198.96,746.83
2024-11-01,Notebook Set,Stationery,West,4,11.45,45.8,29.94
2024-11-01,Mechanical Keyboard,Electronics,East,1,35.58,35.58,22.52
2024-11-01,Ballpoint Pens (Pack),Stationery,South,6,6.74,40.44,23.37
2024-11-01,Wireless Mouse,Electronics,Central,3,117.3,351.9,192.65
2024-11-01,Ballpoint Pens (Pack),Stationery,Central,5,3.84,19.2,12.53
2024-11-01,Notebook Set,Stationery,West,2,3.67,7.34,4.85
2024-11-01,Mechanical Keyboard,Electronics,East,3,48.84,146.52,90.42
2024-11-01,Water Bottle,Home & Kitchen,Central,3,16.67,50.01,32.59
2024-11-01,Desk Lamp,Furniture,West,5,139.13,695.65,372.99
2024-11-01,Water Bottle,Home & Kitchen,East,5,25.54,127.7,81.41
2024-11-01,Water Bottle,Home & Kitchen,East,2,29.26,58.52,37.3
2024-11-01,USB-C Hub,Electronics,North,4,73.02,292.08,158.68
2024-11-01,Notebook Set,Stationery,Central,5,13.67,68.35,47.01
2024-11-01,Standing Desk,Furniture,West,3,334.37,1003.11,541.34
2024-11-01,Desk Lamp,Furniture,East,1,92.27,92.27,62.95
2024-11-01,Wireless Mouse,Electronics,South,1,68.36,68.36,46.59
2024-11-01,Wireless Mouse,Electronics,Central,1,119.1,119.1,72.5
2024-11-01,Ballpoint Pens (Pack),Stationery,West,3,8.28,24.84,15.84
2024-11-01,Mechanical Keyboard,Electronics,West,3,115.64,346.92,232.13
2024-11-01,Notebook Set,Stationery,Central,1,7.07,7.07,3.6
2024-11-01,Water Bottle,Home & Kitchen,South,7,13.65,95.55,55.98
2024-11-01,Standing Desk,Furniture,North,2,153.64,307.28,191.08
2024-11-01,Wireless Mouse,Electronics,West,5,98.59,492.95,320.49
2024-11-02,Water Bottle,Home & Kitchen,North,4,10.52,42.08,29.13
2024-11-02,Ballpoint Pens (Pack),Stationery,North,2,6.86,13.72,7.38
2024-11-02,Sticky Notes,Stationery,South,7,5.6,39.2,22.2
2024-11-02,Office Chair,Furniture,North,4,175.41,701.64,484.5
2024-11-02,Notebook Set,Stationery,North,3,11.55,34.65,21.14
2024-11-02,Sticky Notes,Stationery,West,6,3.84,23.04,14.3
2024-11-02,Office Chair,Furniture,East,4,299.99,1199.96,753.28
2024-11-02,Wireless Mouse,Electronics,West,6,62.11,372.66,209.55
2024-11-02,Standing Desk,Furniture,West,4,264.75,1059.0,685.05
2024-11-02,Standing Desk,Furniture,North,2,217.49,434.98,249.47
2024-11-02,Water Bottle,Home & Kitchen,Central,8,25.78,206.24,138.69
2024-11-02,Ballpoint Pens (Pack),Stationery,North,8,8.32,66.56,33.71
2024-11-02,Notebook Set,Stationery,Central,8,5.95,47.6,32.46
2024-11-03,Notebook Set,Stationery,North,6,9.03,54.18,33.97
2024-11-03,Sticky Notes,Stationery,Central,6,9.26,55.56,33.97
2024-11-03,Notebook Set,Stationery,West,8,2.79,22.32,12.16
2024-11-03,Desk Lamp,Furniture,Central,8,253.81,2030.48,1324.91
2024-11-03,Office Chair,Furniture,North,4,136.62,546.48,352.21
2024-11-03,Ballpoint Pens (Pack),Stationery,East,8,13.29,106.32,53.17
2024-11-03,Sticky Notes,Stationery,East,1,14.78,14.78,8.03
2024-11-03,Mechanical Keyboard,Electronics,Central,2,119.04,238.08,126.76
2024-11-03,Wireless Mouse,Electronics,West,6,100.85,605.1,403.23
2024-11-03,Mechanical Keyboard,Electronics,North,1,65.83,65.83,38.83
2024-11-03,Standing Desk,Furniture,East,7,103.46,724.22,386.21
2024-11-03,Water Bottle,Home & Kitchen,Central,4,22.97,91.88,59.87
2024-11-03,Coffee Mug,Home & Kitchen,North,5,24.32,121.6,61.08
2024-11-03,Notebook Set,Stationery,West,3,11.33,33.99,18.48
2024-11-03,USB-C Hub,Electronics,West,8,18.55,148.4,87.74
2024-11-03,Coffee Mug,Home & Kitchen,East,8,27.65,221.2,128.57
2024-11-03,Notebook Set,Stationery,South,8,11.69,93.52,55.07
2024-11-03,Water Bottle,Home & Kitchen,North,1,10.71,10.71,6.54
2024-11-03,Notebook Set,Stationery,South,3,9.02,27.06,18.49
2024-11-03,Standing Desk,Furniture,South,3,258.48,775.44,409.91
2024-11-04,Coffee Mug,Home & Kitchen,Central,4,25.92,103.68,70.29
2024-11-04,Notebook Set,Stationery,Central,5,2.03,10.15,6.4
2024-11-04,Office Chair,Furniture,East,8,173.62,1388.96,719.58
2024-11-04,Sticky Notes,Stationery,East,4,2.43,9.72,6.69
2024-11-04,Standing Desk,Furniture,Central,6,198.87,1193.22,624.4
2024-11-04,Coffee Mug,Home & Kitchen,Central,1,27.9,27.9,16.9
2024-11-04,Wireless Mouse,Electronics,East,4,117.31,469.24,268.89
2024-11-04,Wireless Mouse,Electronics,West,7,72.82,509.74,324.07
2024-11-04,Wireless Mouse,Electronics,South,3,32.72,98.16,66.79
2024-11-04,Mechanical Keyboard,Electronics,Central,6,73.82,442.92,290.17
2024-11-04,Water Bottle,Home & Kitchen,South,8,27.48,219.84,131.77
2024-11-04,Mechanical Keyboard,Electronics,East,3,99.58,298.74,198.21
2024-11-04,Ballpoint Pens (Pack),Stationery,Central,7,2.11,14.77,7.92
2024-11-04,Sticky Notes,Stationery,Central,1,3.02,3.02,1.83
2024-11-04,Standing Desk,Furniture,East,2,66.15,132.3,83.51
2024-11-04,Wireless Mouse,Electronics,North,8,52.89,423.12,256.4
2024-11-04,Coffee Mug,Home & Kitchen,South,2,10.9,21.8,12.93
2024-11-05,Water Bottle,Home & Kitchen,North,2,17.84,35.68,19.81
2024-11-05,Wireless Mouse,Electronics,South,7,20.82,145.74,88.69
2024-11-05,Office Chair,Furniture,South,1,168.01,168.01,92.0
2024-11-05,Sticky Notes,Stationery,South,7,7.54,52.78,35.51
2024-11-05,Desk Lamp,Furniture,West,3,176.39,529.17,320.84
2024-11-05,Sticky Notes,Stationery,North,8,11.39,91.12,54.61
2024-11-05,Ballpoint Pens (Pack),Stationery,South,1,9.43,9.43,6.32
2024-11-05,USB-C Hub,Electronics,Central,6,28.26,169.56,113.33
2024-11-05,Standing Desk,Furniture,Central,4,229.79,919.16,478.54
2024-11-05,Sticky Notes,Stationery,East,6,12.95,77.7,48.89
2024-11-05,Mechanical Keyboard,Electronics,East,3,117.23,351.69,208.16
2024-11-05,Mechanical Keyboard,Electronics,East,3,46.4,139.2,74.01
2024-11-05,USB-C Hub,Electronics,East,2,69.3,138.6,87.4
2024-11-05,Ballpoint Pens (Pack),Stationery,West,4,11.21,44.84,23.96
2024-11-05,Standing Desk,Furniture,East,4,117.29,469.16,293.0
2024-11-06,Ballpoint Pens (Pack),Stationery,Central,8,6.89,55.12,31.28
2024-11-06,Notebook Set,Stationery,East,4,10.42,41.68,25.95
2024-11-06,Coffee Mug,Home & Kitchen,North,4,14.53,58.12,32.47
2024-11-06,Coffee Mug,Home & Kitchen,West,1,8.21,8.21,4.21
2024-11-06,Desk Lamp,Furniture,West,4,96.96,387.84,247.79
2024-11-06,USB-C Hub,Electronics,South,6,42.48,254.88,158.0
2024-11-06,Wireless Mouse,Electronics,Central,2,90.37,180.74,123.35
2024-11-06,Water Bottle,Home & Kitchen,East,3,24.55,73.65,39.54
2024-11-06,USB-C Hub,Electronics,West,5,110.7,553.5,340.02
2024-11-06,Wireless Mouse,Electronics,North,2,69.78,139.56,97.1
2024-11-06,Coffee Mug,Home & Kitchen,Central,5,19.85,99.25,54.44
2024-11-06,Water Bottle,Home & Kitchen,East,7,18.49,129.43,88.9
2024-11-06,Desk Lamp,Furniture,South,1,108.19,108.19,60.61
2024-11-06,Office Chair,Furniture,West,6,268.71,1612.26,991.43
2024-11-06,Water Bottle,Home & Kitchen,North,7,26.5,185.5,104.32
2024-11-06,USB-C Hub,Electronics,West,8,41.19,329.52,226.6
2024-11-06,Standing Desk,Furniture,South,4,239.58,958.32,622.89
2024-11-06,Notebook Set,Stationery,West,6,9.42,56.52,31.72
2024-11-06,Office Chair,Furniture,Central,7,140.38,982.66,623.37
2024-11-06,USB-C Hub,Electronics,East,3,68.91,206.73,113.62
2024-11-06,Sticky Notes,Stationery,North,4,5.02,20.08,12.57
2024-11-06,Water Bottle,Home & Kitchen,South,1,26.59,26.59,14.11
2024-11-06,Ballpoint Pens (Pack),Stationery,East,1,4.48,4.48,2.38
2024-11-07,Office Chair,Furniture,South,6,325.6,1953.6,1297.78
2024-11-07,Desk Lamp,Furniture,North,1,86.03,86.03,57.8
2024-11-07,Wireless Mouse,Electronics,Central,5,81.58,407.9,256.78
2024-11-07,Water Bottle,Home & Kitchen,East,6,11.44,68.64,45.48
2024-11-07,Mechanical Keyboard,Electronics,South,6,39.42,236.52,142.71
2024-11-07,Coffee Mug,Home & Kitchen,North,4,27.88,111.52,63.55
2024-11-07,Office Chair,Furniture,East,5,342.49,1712.45,893.92
2024-11-07,Ballpoint Pens (Pack),Stationery,East,6,14.11,84.66,46.23
2024-11-07,Sticky Notes,Stationery,South,5,12.19,60.95,35.48
2024-11-07,Mechanical Keyboard,Electronics,Central,6,108.64,651.84,439.86
2024-11-07,Wireless Mouse,Electronics,West,7,113.65,795.55,494.37
2024-11-07,Water Bottle,Home & Kitchen,West,6,27.3,163.8,91.93
2024-11-07,Water Bottle,Home & Kitchen,South,7,24.84,173.88,88.26
2024-11-07,Wireless Mouse,Electronics,North,5,95.36,476.8,259.05
2024-11-07,USB-C Hub,Electronics,West,2,71.48,142.96,82.65
2024-11-07,Mechanical Keyboard,Electronics,West,4,73.26,293.04,177.91
2024-11-07,Desk Lamp,Furniture,North,6,329.98,1979.88,1003.87
2024-11-07,Coffee Mug,Home & Kitchen,West,6,11.53,69.18,41.21
2024-11-07,Sticky Notes,Stationery,North,1,8.35,8.35,5.38
2024-11-07,Sticky Notes,Stationery,North,5,7.96,39.8,22.15
2024-11-07,Ballpoint Pens (Pack),Stationery,Central,4,2.37,9.48,4.83
2024-11-07,Notebook Set,Stationery,Central,8,9.78,78.24,48.03
2024-11-07,Mechanical Keyboard,Electronics,East,6,117.58,705.48,363.95
2024-11-07,Notebook Set,Stationery,West,5,6.93,34.65,20.22
2024-11-07,Desk Lamp,Furniture,North,6,319.03,1914.18,1122.13
2024-11-07,Desk Lamp,Furniture,Central,6,120.1,720.6,373.19
2024-11-07,Wireless Mouse,Electronics,West,4,76.8,307.2,186.12
2024-11-07,Desk Lamp,Furniture,West,6,122.04,732.24,436.72
2024-11-07,Office Chair,Furniture,North,4,203.59,814.36,534.67
2024-11-07,Notebook Set,Stationery,North,6,4.0,24.0,12.69
2024-11-07,Water Bottle,Home & Kitchen,North,3,15.07,45.21,28.56
2024-11-07,Desk Lamp,Furniture,East,1,275.87,275.87,188.61
2024-11-07,Office Chair,Furniture,Central,8,192.89,1543.12,867.19
2024-11-07,Mechanical Keyboard,Electronics,West,4,16.38,65.52,35.64
2024-11-08,Water Bottle,Home & Kitchen,North,1,11.46,11.46,6.43
2024-11-08,Office Chair,Furniture,North,8,267.02,2136.16,1310.06
2024-11-08,Water Bottle,Home & Kitchen,West,6,19.26,115.56,69.26
2024-11-08,Office Chair,Furniture,East,2,291.55,583.1,344.3
2024-11-08,Desk Lamp,Furniture,West,1,96.94,96.94,66.96
2024-11-08,Wireless Mouse,Electronics,East,7,93.07,651.49,349.78
2024-11-08,Mechanical Keyboard,Electronics,East,1,101.74,101.74,66.58
2024-11-08,Sticky Notes,Stationery,North,6,2.56,15.36,8.03
2024-11-08,USB-C Hub,Electronics,South,3,66.22,198.66,123.73
2024-11-08,Coffee Mug,Home & Kitchen,Central,7,18.42,128.94,80.24
2024-11-08,Sticky Notes,Stationery,East,5,4.08,20.4,13.03
2024-11-08,USB-C Hub,Electronics,East,7,35.1,245.7,126.62
2024-11-08,Desk Lamp,Furniture,North,4,302.9,1211.6,613.45
2024-11-08,USB-C Hub,Electronics,West,7,81.29,569.03,353.29
2024-11-08,Office Chair,Furniture,Central,7,84.73,593.11,390.02
2024-11-08,Sticky Notes,Stationery,Central,2,12.46,24.92,16.12
2024-11-08,Notebook Set,Stationery,Central,3,7.32,21.96,14.39
2024-11-08,Standing Desk,Furniture,North,1,82.76,82.76,49.92
2024-11-08,Mechanical Keyboard,Electronics,Central,2,47.77,95.54,61.22
2024-11-08,USB-C Hub,Electronics,East,2,61.72,123.44,62.67
2024-11-08,Desk Lamp,Furniture,West,1,139.72,139.72,80.66
2024-11-08,Mechanical Keyboard,Electronics,East,8,70.29,562.32,371.95
2024-11-08,Notebook Set,Stationery,East,6,3.98,23.88,16.6
2024-11-08,Coffee Mug,Home & Kitchen,East,1,26.87,26.87,18.47
2024-11-08,Standing Desk,Furniture,East,8,333.34,2666.72,1455.37
2024-11-09,Coffee Mug,Home & Kitchen,East,2,9.56,19.12,12.75
2024-11-09,Wireless Mouse,Electronics,South,3,59.8,179.4,114.92
2024-11-09,Sticky Notes,Stationery,North,6,5.14,30.84,15.64
2024-11-09,Wireless Mouse,Electronics,Central,7,82.62,578.34,315.29
2024-11-09,Wireless Mouse,Electronics,West,5,17.24,86.2,51.1
2024-11-09,Standing Desk,Furniture,Central,7,244.48,1711.36,1029.82
2024-11-09,Sticky Notes,Stationery,North,8,7.27,58.16,40.58
2024-11-09,Ballpoint Pens (Pack),Stationery,West,1,14.35,14.35,7.81
2024-11-09,Ballpoint Pens (Pack),Stationery,East,5,12.61,63.05,37.13
2024-11-09,Mechanical Keyboard,Electronics,North,2,61.45,122.9,85.85
2024-11-10,Standing Desk,Furniture,Central,1,86.92,86.92,60.35
2024-11-10,Desk Lamp,Furniture,East,7,125.96,881.72,494.3
2024-11-10,Coffee Mug,Home & Kitchen,West,6,10.4,62.4,40.89
2024-11-10,Wireless Mouse,Electronics,South,4,52.82,211.28,118.79
2024-11-10,Coffee Mug,Home & Kitchen,Central,3,23.83,71.49,46.01
2024-11-10,Coffee Mug,Home & Kitchen,West,8,20.49,163.92,91.91
2024-11-10,Notebook Set,Stationery,South,5,3.98,19.9,13.11
2024-11-10,Sticky Notes,Stationery,East,7,5.17,36.19,24.36
2024-11-10,Water Bottle,Home & Kitchen,West,8,28.36,226.88,124.39
2024-11-10,Coffee Mug,Home & Kitchen,South,2,17.69,35.38,17.93
2024-11-10,Wireless Mouse,Electronics,East,6,73.72,442.32,262.08
2024-11-10,USB-C Hub,Electronics,North,2,55.8,111.6,68.24
2024-11-10,Office Chair,Furniture,East,5,176.19,880.95,545.48
2024-11-10,Wireless Mouse,Electronics,North,5,84.58,422.9,283.09
2024-11-10,Office Chair,Furniture,Central,4,98.37,393.48,253.74
2024-11-10,Notebook Set,Stationery,West,3,12.84,38.52,21.8
2024-11-11,Coffee Mug,Home & Kitchen,South,7,25.24,176.68,116.48
2024-11-11,Mechanical Keyboard,Electronics,North,2,100.89,201.78,119.44
2024-11-11,Sticky Notes,Stationery,East,5,10.15,50.75,34.99
2024-11-11,Office Chair,Furniture,North,1,221.25,221.25,134.12
2024-11-11,Standing Desk,Furniture,West,1,259.11,259.11,158.61
2024-11-11,Notebook Set,Stationery,West,3,2.96,8.88,4.91
2024-11-11,Mechanical Keyboard,Electronics,West,8,114.61,916.88,630.57
2024-11-11,Desk Lamp,Furniture,West,2,96.67,193.34,117.82
2024-11-11,USB-C Hub,Electronics,North,7,37.4,261.8,145.95
2024-11-11,Ballpoint Pens (Pack),Stationery,West,2,11.33,22.66,12.03
2024-11-11,Notebook Set,Stationery,East,2,5.1,10.2,5.75
2024-11-11,Water Bottle,Home & Kitchen,Central,2,26.41,52.82,27.97
2024-11-11,Coffee Mug,Home & Kitchen,North,4,27.79,111.16,58.9
2024-11-11,Water Bottle,Home & Kitchen,West,8,13.29,106.32,65.56
2024-11-11,Coffee Mug,Home & Kitchen,Central,6,12.07,72.42,45.12
2024-11-11,Standing Desk,Furniture,East,5,140.74,703.7,456.98
2024-11-11,Notebook Set,Stationery,Central,7,13.49,94.43,62.01
2024-11-12,Office Chair,Furniture,South,1,67.05,67.05,41.06
2024-11-12,Ballpoint Pens (Pack),Stationery,North,6,10.77,64.62,33.03
2024-11-12,Water Bottle,Home & Kitchen,West,3,9.15,27.45,18.79
2024-11-12,Coffee Mug,Home & Kitchen,North,3,28.98,86.94,51.61
2024-11-12,Mechanical Keyboard,Electronics,West,3,108.06,324.18,171.54
2024-11-12,Desk Lamp,Furniture,Central,5,290.93,1454.65,918.73
2024-11-12,Coffee Mug,Home & Kitchen,Central,8,28.17,225.36,138.43
2024-11-12,Coffee Mug,Home & Kitchen,East,8,20.42,163.36,102.7
2024-11-12,USB-C Hub,Electronics,East,8,43.29,346.32,241.57
2024-11-12,Ballpoint Pens (Pack),Stationery,North,4,14.5,58.0,36.57
2024-11-12,Notebook Set,Stationery,North,2,5.79,11.58,6.27
2024-11-12,Wireless Mouse,Electronics,North,1,52.96,52.96,33.89
2024-11-12,Coffee Mug,Home & Kitchen,South,5,12.91,64.55,44.01
2024-11-12,USB-C Hub,Electronics,North,1,108.24,108.24,57.84
2024-11-12,Ballpoint Pens (Pack),Stationery,South,7,5.78,40.46,21.72
2024-11-12,Ballpoint Pens (Pack),Stationery,South,1,2.29,2.29,1.39
2024-11-12,Standing Desk,Furniture,North,7,106.45,745.15,504.92
2024-11-13,Water Bottle,Home & Kitchen,West,6,15.78,94.68,49.07
2024-11-13,Wireless Mouse,Electronics,North,6,107.93,647.58,393.44
2024-11-13,Standing Desk,Furniture,South,3,110.15,330.45,192.87
2024-11-13,Ballpoint Pens (Pack),Stationery,South,3,11.7,35.1,17.57
2024-11-13,Office Chair,Furniture,East,3,245.53,736.59,487.16
2024-11-13,Coffee Mug,Home & Kitchen,North,7,8.66,60.62,37.66
2024-11-13,Notebook Set,Stationery,West,4,12.2,48.8,32.56
2024-11-13,Ballpoint Pens (Pack),Stationery,East,1,5.31,5.31,2.92
2024-11-13,Wireless Mouse,Electronics,West,2,60.77,121.54,74.06
2024-11-13,Standing Desk,Furniture,East,1,271.37,271.37,143.43
2024-11-13,Notebook Set,Stationery,South,1,3.55,3.55,2.36
2024-11-13,Water Bottle,Home & Kitchen,Central,7,24.08,168.56,110.33
2024-11-13,Mechanical Keyboard,Electronics,East,3,89.38,268.14,141.21
2024-11-13,Sticky Notes,Stationery,North,6,14.79,88.74,55.66
2024-11-13,Office Chair,Furniture,East,5,336.85,1684.25,1177.31
2024-11-13,USB-C Hub,Electronics,East,4,77.56,310.24,175.57
2024-11-13,USB-C Hub,Electronics,East,6,68.19,409.14,249.03
2024-11-13,Sticky Notes,Stationery,South,7,7.79,54.53,27.47
2024-11-13,Office Chair,Furniture,North,5,164.04,820.2,493.35
2024-11-13,Coffee Mug,Home & Kitchen,West,2,26.69,53.38,29.99
2024-11-13,USB-C Hub,Electronics,South,4,53.64,214.56,135.63
2024-11-13,Desk Lamp,Furniture,Central,3,273.57,820.71,463.07
2024-11-13,Ballpoint Pens (Pack),Stationery,Central,2,7.84,15.68,9.56
2024-11-13,Wireless Mouse,Electronics,East,6,64.11,384.66,251.34
2024-11-13,Water Bottle,Home & Kitchen,North,2,27.63,55.26,31.57
2024-11-14,Sticky Notes,Stationery,Central,8,11.83,94.64,59.8
2024-11-14,USB-C Hub,Electronics,South,2,96.54,193.08,111.06
2024-11-14,Wireless Mouse,Electronics,Central,4,43.59,174.36,104.88
2024-11-14,Coffee Mug,Home & Kitchen,Central,4,16.59,66.36,34.58
2024-11-14,Mechanical Keyboard,Electronics,South,8,75.62,604.96,379.12
2024-11-14,Desk Lamp,Furniture,West,1,308.33,308.33,184.12
2024-11-14,Sticky Notes,Stationery,Central,6,6.75,40.5,27.89
2024-11-14,Coffee Mug,Home & Kitchen,Central,7,13.68,95.76,52.38
2024-11-14,Coffee Mug,Home & Kitchen,West,7,20.51,143.57,90.31
2024-11-14,Ballpoint Pens (Pack),Stationery,South,8,14.74,117.92,81.19
2024-11-14,Water Bottle,Home & Kitchen,East,5,13.56,67.8,44.75
2024-11-14,Standing Desk,Furniture,North,1,228.64,228.64,120.51
2024-11-14,Water Bottle,Home & Kitchen,East,5,15.8,79.0,48.48
2024-11-14,Notebook Set,Stationery,North,5,13.95,69.75,43.4
2024-11-14,Desk Lamp,Furniture,Central,1,235.73,235.73,135.02
2024-11-14,Desk Lamp,Furniture,West,4,204.09,816.36,498.33
2024-11-14,Notebook Set,Stationery,West,5,5.99,29.95,20.01
2024-11-14,Office Chair,Furniture,North,8,88.38,707.04,488.89
2024-11-14,Mechanical Keyboard,Electronics,South,6,84.05,504.3,274.13
2024-11-14,Coffee Mug,Home & Kitchen,South,3,14.22,42.66,23.35
2024-11-14,Office Chair,Furniture,West,6,220.75,1324.5,711.86
2024-11-14,Mechanical Keyboard,Electronics,South,7,48.08,336.56,216.13
2024-11-14,Mechanical Keyboard,Electronics,East,8,31.37,250.96,131.9
2024-11-14,Standing Desk,Furniture,West,8,182.93,1463.44,902.99
2024-11-14,Desk Lamp,Furniture,East,6,190.93,1145.58,606.88
2024-11-14,Wireless Mouse,Electronics,West,2,64.38,128.76,88.51
2024-11-14,Desk Lamp,Furniture,Central,5,291.77,1458.85,890.19
2024-11-14,Office Chair,Furniture,Central,2,102.77,205.54,103.36
2024-11-14,Notebook Set,Stationery,East,1,13.78,13.78,7.3
2024-11-15,Sticky Notes,Stationery,South,1,7.45,7.45,4.1
2024-11-15,Wireless Mouse,Electronics,East,6,53.82,322.92,169.6
2024-11-15,Notebook Set,Stationery,South,6,8.33,49.98,33.01
2024-11-15,Standing Desk,Furniture,South,4,201.57,806.28,519.76
2024-11-15,Wireless Mouse,Electronics,East,7,18.71,130.97,75.97
2024-11-15,Notebook Set,Stationery,South,7,4.39,30.73,16.28
2024-11-15,Coffee Mug,Home & Kitchen,West,6,18.07,108.42,67.34
2024-11-15,Notebook Set,Stationery,West,1,6.43,6.43,3.26
2024-11-15,Office Chair,Furniture,Central,4,237.36,949.44,644.49
2024-11-15,Mechanical Keyboard,Electronics,West,3,91.45,274.35,174.83
2024-11-15,Office Chair,Furniture,Central,2,105.69,211.38,131.45
2024-11-15,Mechanical Keyboard,Electronics,North,6,38.55,231.3,117.6
2024-11-15,Wireless Mouse,Electronics,Central,3,107.87,323.61,179.91
2024-11-15,Ballpoint Pens (Pack),Stationery,North,6,8.38,50.28,34.08
2024-11-15,USB-C Hub,Electronics,Central,3,21.52,64.56,43.0
2024-11-15,Wireless Mouse,Electronics,North,3,59.25,177.75,103.66
2024-11-15,Notebook Set,Stationery,East,6,8.38,50.28,30.85
2024-11-15,Wireless Mouse,Electronics,West,5,61.2,306.0,173.97
2024-11-15,Desk Lamp,Furniture,West,4,195.08,780.32,531.58
2024-11-15,Standing Desk,Furniture,North,8,262.09,2096.72,1249.04
2024-11-15,Ballpoint Pens (Pack),Stationery,North,7,8.68,60.76,41.97
2024-11-15,USB-C Hub,Electronics,Central,5,31.28,156.4,103.12
2024-11-15,USB-C Hub,Electronics,West,2,89.28,178.56,89.33
2024-11-16,Office Chair,Furniture,West,2,333.04,666.08,428.59
2024-11-16,Sticky Notes,Stationery,Central,1,12.91,12.91,7.43
2024-11-16,Ballpoint Pens (Pack),Stationery,Central,6,9.57,57.42,30.12
2024-11-16,USB-C Hub,Electronics,East,3,73.45,220.35,122.08
2024-11-16,Notebook Set,Stationery,North,2,10.02,20.04,12.25
2024-11-16,Sticky Notes,Stationery,West,1,2.02,2.02,1.3
2024-11-16,Notebook Set,Stationery,West,2,8.08,16.16,11.15
2024-11-16,Ballpoint Pens (Pack),Stationery,East,1,14.68,14.68,9.49
2024-11-16,Coffee Mug,Home & Kitchen,West,8,9.83,78.64,40.16
2024-11-16,Mechanical Keyboard,Electronics,North,1,112.27,112.27,57.28
2024-11-16,Mechanical Keyboard,Electronics,West,6,17.95,107.7,68.18
2024-11-16,Coffee Mug,Home & Kitchen,West,3,23.02,69.06,36.96
2024-11-16,Mechanical Keyboard,Electronics,North,3,80.11,240.33,149.15
2024-11-16,Standing Desk,Furniture,West,6,311.77,1870.62,1215.33
2024-11-16,Ballpoint Pens (Pack),Stationery,East,5,3.97,19.85,12.63
2024-11-17,Standing Desk,Furniture,South,1,177.29,177.29,96.13
2024-11-17,Standing Desk,Furniture,North,6,320.44,1922.64,1261.63
2024-11-17,Coffee Mug,Home & Kitchen,South,8,20.62,164.96,108.32
2024-11-17,Coffee Mug,Home & Kitchen,West,7,24.88,174.16,87.25
2024-11-17,Sticky Notes,Stationery,East,6,12.34,74.04,46.75
2024-11-17,Desk Lamp,Furniture,Central,5,173.39,866.95,535.47
2024-11-17,Wireless Mouse,Electronics,Central,1,37.2,37.2,20.71
2024-11-17,Wireless Mouse,Electronics,East,8,41.83,334.64,196.55
2024-11-17,USB-C Hub,Electronics,East,6,95.31,571.86,298.43
2024-11-17,Mechanical Keyboard,Electronics,North,1,110.66,110.66,76.62
2024-11-18,Standing Desk,Furniture,West,7,236.81,1657.67,1026.58
2024-11-18,USB-C Hub,Electronics,North,4,52.48,209.92,107.16
2024-11-18,Water Bottle,Home & Kitchen,West,4,8.18,32.72,21.33
2024-11-18,USB-C Hub,Electronics,South,7,42.79,299.53,205.62
2024-11-18,Wireless Mouse,Electronics,East,6,46.13,276.78,187.35
2024-11-18,Ballpoint Pens (Pack),Stationery,Central,2,2.84,5.68,3.16
2024-11-18,Water Bottle,Home & Kitchen,East,5,20.85,104.25,71.63
2024-11-18,Mechanical Keyboard,Electronics,West,5,86.63,433.15,253.81
2024-11-18,Ballpoint Pens (Pack),Stationery,South,8,5.53,44.24,27.62
2024-11-18,USB-C Hub,Electronics,West,8,105.75,846.0,532.82
2024-11-18,Ballpoint Pens (Pack),Stationery,Central,8,5.62,44.96,30.42
2024-11-18,Standing Desk,Furniture,North,4,93.51,374.04,241.03
2024-11-18,Coffee Mug,Home & Kitchen,South,7,29.18,204.26,119.9
2024-11-18,Ballpoint Pens (Pack),Stationery,East,2,5.27,10.54,6.36
2024-11-18,Wireless Mouse,Electronics,North,3,103.23,309.69,184.48
2024-11-18,Office Chair,Furniture,West,6,327.13,1962.78,1199.02
2024-11-18,Notebook Set,Stationery,South,3,13.65,40.95,27.12
2024-11-18,Wireless Mouse,Electronics,West,6,79.4,476.4,247.93
2024-11-18,Wireless Mouse,Electronics,South,3,62.2,186.6,124.54
2024-11-18,Water Bottle,Home & Kitchen,South,8,14.25,114.0,67.41
2024-11-18,Desk Lamp,Furniture,West,4,291.94,1167.76,632.86
2024-11-19,Wireless Mouse,Electronics,West,3,73.55,220.65,127.76
2024-11-19,Mechanical Keyboard,Electronics,East,5,51.41,257.05,140.43
2024-11-19,Notebook Set,Stationery,East,5,4.15,20.75,13.2
2024-11-19,USB-C Hub,Electronics,East,3,22.98,68.94,39.73
2024-11-19,Coffee Mug,Home & Kitchen,North,6,28.29,169.74,105.43
2024-11-19,Standing Desk,Furniture,South,3,303.8,911.4,462.26
2024-11-19,USB-C Hub,Electronics,North,4,23.32,93.28,56.72
2024-11-19,Ballpoint Pens (Pack),Stationery,North,3,2.22,6.66,4.59
2024-11-19,Sticky Notes,Stationery,West,5,13.35,66.75,38.57
2024-11-19,Notebook Set,Stationery,Central,6,8.02,48.12,24.34
2024-11-19,Office Chair,Furniture,South,1,324.7,324.7,179.8
2024-11-19,Mechanical Keyboard,Electronics,North,7,34.11,238.77,149.63
2024-11-19,Water Bottle,Home & Kitchen,East,8,28.99,231.92,121.95
2024-11-19,Ballpoint Pens (Pack),Stationery,West,1,6.42,6.42,3.96
2024-11-19,Office Chair,Furniture,North,3,123.98,371.94,198.63
2024-11-19,Desk Lamp,Furniture,West,1,107.33,107.33,74.51
2024-11-19,Desk Lamp,Furniture,East,6,179.06,1074.36,684.14
2024-11-19,Coffee Mug,Home & Kitchen,West,8,18.49,147.92,90.47
2024-11-19,Mechanical Keyboard,Electronics,East,7,81.95,573.65,313.54
2024-11-19,Notebook Set,Stationery,East,7,14.55,101.85,69.82
2024-11-19,Standing Desk,Furniture,West,8,120.1,960.8,493.96
2024-11-19,USB-C Hub,Electronics,East,6,51.99,311.94,197.1
2024-11-19,Notebook Set,Stationery,South,4,6.07,24.28,15.43
2024-11-19,Standing Desk,Furniture,South,7,201.58,1411.06,796.69
2024-11-19,Wireless Mouse,Electronics,North,3,114.13,342.39,206.23
2024-11-20,Mechanical Keyboard,Electronics,South,8,24.57,196.56,112.27
2024-11-20,Sticky Notes,Stationery,Central,1,12.08,12.08,7.35
2024-11-20,Wireless Mouse,Electronics,North,6,100.95,605.7,342.35
2024-11-20,Ballpoint Pens (Pack),Stationery,North,3,4.15,12.45,6.4
2024-11-20,Desk Lamp,Furniture,West,6,251.41,1508.46,929.62
2024-11-20,Standing Desk,Furniture,East,8,159.55,1276.4,644.69
2024-11-20,Desk Lamp,Furniture,East,4,172.15,688.6,405.33
2024-11-20,Standing Desk,Furniture,Central,6,337.55,2025.3,1103.49
2024-11-20,Desk Lamp,Furniture,South,6,307.44,1844.64,1266.54
2024-11-20,Ballpoint Pens (Pack),Stationery,Central,3,10.45,31.35,16.1
2024-11-20,Water Bottle,Home & Kitchen,South,2,23.63,47.26,26.65
2024-11-20,Wireless Mouse,Electronics,South,1,97.9,97.9,61.15
2024-11-20,Standing Desk,Furniture,West,4,271.89,1087.56,556.11
2024-11-20,Desk Lamp,Furniture,South,3,86.55,259.65,175.42
2024-11-20,Standing Desk,Furniture,North,3,349.61,1048.83,699.67
2024-11-20,Wireless Mouse,Electronics,Central,5,24.48,122.4,62.15
2024-11-20,Water Bottle,Home & Kitchen,South,6,23.56,141.36,78.66
2024-11-20,Ballpoint Pens (Pack),Stationery,Central,5,10.52,52.6,29.72
2024-11-20,Notebook Set,Stationery,North,2,14.41,28.82,15.59
2024-11-20,Standing Desk,Furniture,South,5,265.92,1329.6,824.57
2024-11-20,Water Bottle,Home & Kitchen,Central,7,17.15,120.05,64.48
2024-11-20,Office Chair,Furniture,East,3,93.78,281.34,145.53
2024-11-20,Office Chair,Furniture,Central,2,71.44,142.88,87.46
2024-11-20,USB-C Hub,Electronics,Central,1,73.39,73.39,46.64
2024-11-20,Standing Desk,Furniture,East,3,299.11,897.33,554.57
2024-11-20,Sticky Notes,Stationery,South,2,7.1,14.2,9.42
2024-11-20,Office Chair,Furniture,North,8,127.72,1021.76,592.35
2024-11-21,Wireless Mouse,Electronics,East,2,110.68,221.36,134.93
2024-11-21,Coffee Mug,Home & Kitchen,North,2,8.79,17.58,11.65
2024-11-21,Wireless Mouse,Electronics,North,4,90.83,363.32,199.75
2024-11-21,Standing Desk,Furniture,Central,6,337.86,2027.16,1206.06
2024-11-21,Notebook Set,Stationery,East,1,6.51,6.51,3.72
2024-11-21,Water Bottle,Home & Kitchen,West,3,12.6,37.8,21.88
2024-11-21,Office Chair,Furniture,West,2,342.0,684.0,349.51
2024-11-21,Ballpoint Pens (Pack),Stationery,North,4,6.93,27.72,14.2
2024-11-21,Notebook Set,Stationery,West,1,5.65,5.65,3.8
2024-11-21,Notebook Set,Stationery,West,4,11.96,47.84,28.33
2024-11-21,Wireless Mouse,Electronics,West,2,92.93,185.86,114.49
2024-11-21,Mechanical Keyboard,Electronics,East,1,73.74,73.74,49.32
2024-11-21,Notebook Set,Stationery,East,8,9.04,72.32,38.95
2024-11-21,Water Bottle,Home & Kitchen,South,4,20.71,82.84,44.51
2024-11-21,Sticky Notes,Stationery,East,3,6.39,19.17,10.8
2024-11-21,Mechanical Keyboard,Electronics,South,2,108.89,217.78,148.93
2024-11-21,Sticky Notes,Stationery,South,4,13.82,55.28,33.05
2024-11-22,Notebook Set,Stationery,Central,4,2.22,8.88,4.86
2024-11-22,Standing Desk,Furniture,West,6,179.86,1079.16,632.54
2024-11-22,Ballpoint Pens (Pack),Stationery,East,2,3.15,6.3,3.44
2024-11-22,Ballpoint Pens (Pack),Stationery,East,6,8.25,49.5,27.33
2024-11-22,Sticky Notes,Stationery,East,1,12.09,12.09,6.24
2024-11-22,Ballpoint Pens (Pack),Stationery,South,2,11.14,22.28,11.46
2024-11-22,Sticky Notes,Stationery,West,2,2.4,4.8,2.76
2024-11-22,Mechanical Keyboard,Electronics,Central,3,56.97,170.91,109.7
2024-11-22,Standing Desk,Furniture,West,6,110.88,665.28,383.17
2024-11-22,Standing Desk,Furniture,South,8,346.71,2773.68,1873.5
2024-11-22,Water Bottle,Home & Kitchen,East,6,22.84,137.04,90.12
2024-11-22,Wireless Mouse,Electronics,North,4,119.21,476.84,299.79
2024-11-22,USB-C Hub,Electronics,South,8,96.42,771.36,476.24
2024-11-22,Standing Desk,Furniture,South,2,270.77,541.54,357.73
2024-11-22,Notebook Set,Stationery,Central,4,13.37,53.48,30.21
2024-11-22,Water Bottle,Home & Kitchen,West,1,25.18,25.18,15.63
2024-11-22,Mechanical Keyboard,Electronics,West,6,18.48,110.88,72.98
2024-11-22,Wireless Mouse,Electronics,South,5,100.71,503.55,326.85
2024-11-22,Ballpoint Pens (Pack),Stationery,West,1,12.54,12.54,7.1
2024-11-22,Water Bottle,Home & Kitchen,Central,6,21.07,126.42,72.2
2024-11-22,Standing Desk,Furniture,Central,7,155.5,1088.5,705.76
2024-11-22,Ballpoint Pens (Pack),Stationery,East,7,8.51,59.57,31.12
2024-11-22,Mechanical Keyboard,Electronics,West,4,43.44,173.76,112.99
2024-11-22,Coffee Mug,Home & Kitchen,South,4,12.68,50.72,27.67
2024-11-22,USB-C Hub,Electronics,West,5,110.49,552.45,381.8
2024-11-22,Wireless Mouse,Electronics,North,2,61.72,123.44,78.58
2024-11-22,Coffee Mug,Home & Kitchen,East,6,13.27,79.62,53.45
2024-11-22,Coffee Mug,Home & Kitchen,East,5,21.76,108.8,73.79
2024-11-22,Office Chair,Furniture,East,6,288.28,1729.68,934.72
2024-11-23,Office Chair,Furniture,West,3,294.81,884.43,558.68
2024-11-23,Coffee Mug,Home & Kitchen,Central,2,27.48,54.96,31.64
2024-11-23,Water Bottle,Home & Kitchen,West,8,10.86,86.88,56.1
2024-11-23,Mechanical Keyboard,Electronics,Central,8,115.78,926.24,476.64
2024-11-23,Wireless Mouse,Electronics,West,2,27.18,54.36,29.98
2024-11-23,Notebook Set,Stationery,North,2,5.13,10.26,6.07
2024-11-23,Standing Desk,Furniture,South,5,201.95,1009.75,640.29
2024-11-23,Sticky Notes,Stationery,East,3,10.7,32.1,19.64
2024-11-23,Ballpoint Pens (Pack),Stationery,West,1,13.54,13.54,7.69
2024-11-23,USB-C Hub,Electronics,East,2,31.47,62.94,31.86
2024-11-23,USB-C Hub,Electronics,South,7,65.72,460.04,267.36
2024-11-23,Wireless Mouse,Electronics,South,7,52.86,370.02,246.36
2024-11-23,Water Bottle,Home & Kitchen,East,8,22.71,181.68,95.69
2024-11-23,Mechanical Keyboard,Electronics,North,1,34.84,34.84,22.64
2024-11-23,Wireless Mouse,Electronics,West,1,100.13,100.13,60.32
2024-11-23,Notebook Set,Stationery,West,4,12.93,51.72,26.22
2024-11-23,Sticky Notes,Stationery,South,5,10.74,53.7,32.13
2024-11-23,Standing Desk,Furniture,Central,8,330.82,2646.56,1354.65
2024-11-23,Ballpoint Pens (Pack),Stationery,East,5,7.74,38.7,22.41
2024-11-24,Water Bottle,Home & Kitchen,East,2,17.83,35.66,22.01
2024-11-24,Ballpoint Pens (Pack),Stationery,West,6,2.52,15.12,9.87
2024-11-24,USB-C Hub,Electronics,North,3,60.93,182.79,93.53
2024-11-24,USB-C Hub,Electronics,West,5,51.26,256.3,140.53
2024-11-24,Coffee Mug,Home & Kitchen,North,8,8.86,70.88,40.84
2024-11-24,Desk Lamp,Furniture,North,7,102.52,717.64,465.7
2024-11-24,Desk Lamp,Furniture,North,3,221.81,665.43,411.71
2024-11-24,Wireless Mouse,Electronics,North,6,103.26,619.56,360.36
2024-11-24,Office Chair,Furniture,South,3,126.86,380.58,230.84
2024-11-25,Desk Lamp,Furniture,West,3,283.53,850.59,559.1
2024-11-25,Office Chair,Furniture,West,3,277.77,833.31,551.64
2024-11-25,Ballpoint Pens (Pack),Stationery,North,1,3.85,3.85,2.65
2024-11-25,Wireless Mouse,Electronics,South,8,16.17,129.36,82.35
2024-11-25,Water Bottle,Home & Kitchen,Central,4,29.3,117.2,61.6
2024-11-25,Water Bottle,Home & Kitchen,West,1,19.52,19.52,12.54
2024-11-25,Water Bottle,Home & Kitchen,East,2,19.89,39.78,27.0
2024-11-25,Water Bottle,Home & Kitchen,West,5,24.01,120.05,76.62
2024-11-25,Mechanical Keyboard,Electronics,East,8,84.9,679.2,360.97
2024-11-25,Standing Desk,Furniture,North,6,102.19,613.14,425.49
2024-11-25,Coffee Mug,Home & Kitchen,West,6,19.58,117.48,71.81
2024-11-25,Water Bottle,Home & Kitchen,Central,1,18.31,18.31,12.51
2024-11-25,Water Bottle,Home & Kitchen,Central,4,13.24,52.96,27.48
2024-11-25,Sticky Notes,Stationery,East,7,12.13,84.91,54.81
2024-11-25,USB-C Hub,Electronics,East,1,56.59,56.59,32.88
2024-11-25,Water Bottle,Home & Kitchen,North,7,17.19,120.33,62.42
2024-11-25,Standing Desk,Furniture,Central,7,222.26,1555.82,1055.03
2024-11-25,Wireless Mouse,Electronics,South,6,34.45,206.7,107.61
2024-11-25,Desk Lamp,Furniture,Central,7,256.33,1794.31,1250.92
2024-11-25,Office Chair,Furniture,Central,5,325.92,1629.6,998.25
2024-11-25,Desk Lamp,Furniture,East,7,285.82,2000.74,1188.41
2024-11-25,Sticky Notes,Stationery,West,4,13.08,52.32,27.69
2024-11-25,Ballpoint Pens (Pack),Stationery,South,7,11.66,81.62,52.82
2024-11-25,Water Bottle,Home & Kitchen,West,4,24.05,96.2,53.58
2024-11-25,Sticky Notes,Stationery,West,5,2.85,14.25,7.14
2024-11-25,Mechanical Keyboard,Electronics,Central,2,18.51,37.02,23.84
2024-11-25,Wireless Mouse,Electronics,West,4,117.5,470.0,306.01
2024-11-25,Sticky Notes,Stationery,Central,4,9.98,39.92,22.19
2024-11-25,Ballpoint Pens (Pack),Stationery,West,1,2.3,2.3,1.19
2024-11-25,Notebook Set,Stationery,East,6,2.19,13.14,7.86
2024-11-25,Office Chair,Furniture,East,7,226.65,1586.55,1044.83
2024-11-26,Office Chair,Furniture,Central,8,315.83,2526.64,1740.73
2024-11-26,Desk Lamp,Furniture,South,1,172.81,172.81,105.52
2024-11-26,Ballpoint Pens (Pack),Stationery,Central,5,9.71,48.55,29.52
2024-11-26,Office Chair,Furniture,West,5,136.57,682.85,410.82
2024-11-26,Coffee Mug,Home & Kitchen,South,1,13.27,13.27,7.99
2024-11-26,Coffee Mug,Home & Kitchen,Central,7,11.64,81.48,55.9
2024-11-26,Standing Desk,Furniture,South,6,177.65,1065.9,572.74
2024-11-26,Mechanical Keyboard,Electronics,East,7,18.38,128.66,78.38
2024-11-26,Office Chair,Furniture,East,5,144.31,721.55,445.54
2024-11-26,Wireless Mouse,Electronics,South,8,57.25,458.0,282.39
2024-11-26,Water Bottle,Home & Kitchen,North,7,8.97,62.79,40.87
2024-11-26,Coffee Mug,Home & Kitchen,West,6,19.06,114.36,78.36
2024-11-26,Mechanical Keyboard,Electronics,Central,1,19.45,19.45,10.59
2024-11-26,Office Chair,Furniture,East,3,180.64,541.92,281.84
2024-11-26,Office Chair,Furniture,Central,6,60.09,360.54,204.7
2024-11-26,Ballpoint Pens (Pack),Stationery,South,1,2.41,2.41,1.35
2024-11-26,Desk Lamp,Furniture,West,2,86.87,173.74,112.85
2024-11-26,Water Bottle,Home & Kitchen,North,5,28.09,140.45,87.79
2024-11-26,Desk Lamp,Furniture,North,6,226.92,1361.52,842.27
2024-11-26,Coffee Mug,Home & Kitchen,West,8,9.69,77.52,38.88
2024-11-26,Wireless Mouse,Electronics,East,3,77.73,233.19,161.29
2024-11-26,Sticky Notes,Stationery,East,1,3.32,3.32,1.76
2024-11-26,Coffee Mug,Home & Kitchen,South,4,20.68,82.72,44.06
2024-11-26,USB-C Hub,Electronics,North,5,19.34,96.7,65.23
2024-11-26,Mechanical Keyboard,Electronics,West,8,53.14,425.12,234.23
2024-11-26,Wireless Mouse,Electronics,West,7,26.15,183.05,124.66
2024-11-26,USB-C Hub,Electronics,North,4,111.27,445.08,306.5
2024-11-27,Notebook Set,Stationery,East,8,3.53,28.24,18.82
2024-11-27,Mechanical Keyboard,Electronics,Central,2,109.42,218.84,137.65
2024-11-27,Office Chair,Furniture,Central,4,112.81,451.24,271.46
2024-11-27,Ballpoint Pens (Pack),Stationery,Central,3,4.88,14.64,9.71
2024-11-27,Desk Lamp,Furniture,Central,7,259.38,1815.66,1203.95
2024-11-27,Wireless Mouse,Electronics,Central,7,81.49,570.43,395.52
2024-11-27,Desk Lamp,Furniture,North,6,78.88,473.28,311.66
2024-11-27,Wireless Mouse,Electronics,Central,2,57.52,115.04,70.33
2024-11-27,Wireless Mouse,Electronics,East,5,93.45,467.25,299.18
2024-11-27,Coffee Mug,Home & Kitchen,West,2,13.19,26.38,15.43
2024-11-27,Desk Lamp,Furniture,East,5,162.2,811.0,515.81
2024-11-27,Desk Lamp,Furniture,Central,1,98.19,98.19,56.92
2024-11-27,Coffee Mug,Home & Kitchen,Central,4,15.66,62.64,39.51
2024-11-27,Ballpoint Pens (Pack),Stationery,East,3,5.97,17.91,11.31
2024-11-27,Standing Desk,Furniture,Central,6,309.22,1855.32,994.13
2024-11-27,Office Chair,Furniture,Central,5,278.3,1391.5,920.18
2024-11-27,Office Chair,Furniture,North,2,308.44,616.88,429.4
2024-11-27,Notebook Set,Stationery,North,8,6.88,55.04,33.93
2024-11-27,Wireless Mouse,Electronics,South,7,28.6,200.2,130.47
2024-11-28,Notebook Set,Stationery,South,7,6.01,42.07,23.31
2024-11-28,Notebook Set,Stationery,Central,7,7.15,50.05,33.43
2024-11-28,Ballpoint Pens (Pack),Stationery,East,1,12.68,12.68,6.68
2024-11-28,Mechanical Keyboard,Electronics,South,6,30.54,183.24,121.96
2024-11-28,Notebook Set,Stationery,North,1,8.79,8.79,5.45
2024-11-28,Mechanical Keyboard,Electronics,West,3,26.34,79.02,39.64
2024-11-28,Desk Lamp,Furniture,South,6,85.42,512.52,294.34
2024-11-28,Notebook Set,Stationery,North,6,4.99,29.94,16.42
2024-11-28,USB-C Hub,Electronics,North,1,78.48,78.48,53.62
2024-11-28,Office Chair,Furniture,North,5,245.8,1229.0,812.97
2024-11-28,Sticky Notes,Stationery,West,4,13.16,52.64,33.01
2024-11-28,Ballpoint Pens (Pack),Stationery,Central,3,11.83,35.49,18.56
2024-11-28,Sticky Notes,Stationery,South,4,14.22,56.88,38.69
2024-11-28,Sticky Notes,Stationery,North,2,12.45,24.9,13.2
2024-11-28,Standing Desk,Furniture,South,7,194.32,1360.24,798.52
2024-11-28,Office Chair,Furniture,East,6,190.98,1145.88,652.42
2024-11-28,USB-C Hub,Electronics,West,4,95.56,382.24,206.06
2024-11-29,Ballpoint Pens (Pack),Stationery,South,6,3.67,22.02,12.45
2024-11-29,Mechanical Keyboard,Electronics,West,3,73.12,219.36,125.72
2024-11-29,Sticky Notes,Stationery,Central,3,2.09,6.27,3.63
2024-11-29,Notebook Set,Stationery,West,7,9.02,63.14,35.35
2024-11-29,Sticky Notes,Stationery,West,2,10.13,20.26,10.42
2024-11-29,Office Chair,Furniture,West,6,89.79,538.74,312.05
2024-11-29,Mechanical Keyboard,Electronics,North,8,103.35,826.8,571.27
2024-11-29,Office Chair,Furniture,North,2,172.43,344.86,182.25
2024-11-29,Coffee Mug,Home & Kitchen,West,5,12.5,62.5,32.11
2024-11-29,Coffee Mug,Home & Kitchen,West,2,13.0,26.0,14.26
2024-11-29,Standing Desk,Furniture,Central,8,185.32,1482.56,748.74
2024-11-29,Wireless Mouse,Electronics,South,5,38.76,193.8,124.48
2024-11-29,Desk Lamp,Furniture,Central,7,272.76,1909.32,1310.78
2024-11-29,Sticky Notes,Stationery,West,1,12.52,12.52,7.18
2024-11-29,Coffee Mug,Home & Kitchen,South,8,28.2,225.6,136.04
2024-11-30,Ballpoint Pens (Pack),Stationery,East,1,3.53,3.53,1.93
2024-11-30,Coffee Mug,Home & Kitchen,East,5,14.38,71.9,38.92
2024-11-30,Mechanical Keyboard,Electronics,East,4,98.74,394.96,265.29
2024-11-30,Standing Desk,Furniture,North,8,176.78,1414.24,922.74
2024-11-30,Notebook Set,Stationery,North,1,14.51,14.51,9.74
2024-11-30,Sticky Notes,Stationery,South,2,10.94,21.88,11.47
2024-11-30,Office Chair,Furniture,Central,7,215.78,1510.46,985.59
2024-11-30,USB-C Hub,Electronics,West,5,89.37,446.85,304.42
2024-11-30,Desk Lamp,Furniture,Central,7,252.05,1764.35,1115.12
2024-11-30,Notebook Set,Stationery,North,5,3.23,16.15,10.19
2024-11-30,Standing Desk,Furniture,South,6,270.83,1624.98,842.25
2024-11-30,Sticky Notes,Stationery,East,7,5.4,37.8,25.5
2024-11-30,Office Chair,Furniture,West,2,265.18,530.36,364.67
2024-11-30,Notebook Set,Stationery,East,2,6.39,12.78,7.31
2024-11-30,Sticky Notes,Stationery,East,5,8.5,42.5,29.08
2024-12-01,Office Chair,Furniture,West,4,174.22,696.88,404.16
2024-12-01,Notebook Set,Stationery,Central,8,4.72,37.76,22.09
2024-12-01,Office Chair,Furniture,East,2,349.54,699.08,457.82
2024-12-01,Sticky Notes,Stationery,North,5,13.11,65.55,40.74
2024-12-01,Wireless Mouse,Electronics,West,7,27.07,189.49,103.23
2024-12-01,Mechanical Keyboard,Electronics,East,5,70.2,351.0,204.47
2024-12-01,Standing Desk,Furniture,West,3,135.85,407.55,203.98
2024-12-01,Sticky Notes,Stationery,West,2,12.65,25.3,16.83
2024-12-01,Coffee Mug,Home & Kitchen,North,5,20.56,102.8,53.24
2024-12-01,Ballpoint Pens (Pack),Stationery,South,1,9.44,9.44,5.16
2024-12-01,Ballpoint Pens (Pack),Stationery,South,1,2.59,2.59,1.4
2024-12-01,USB-C Hub,Electronics,West,5,38.49,192.45,118.07
2024-12-01,Ballpoint Pens (Pack),Stationery,South,5,8.1,40.5,26.35
2024-12-01,Desk Lamp,Furniture,East,8,105.52,844.16,442.09
2024-12-01,Water Bottle,Home & Kitchen,East,5,22.87,114.35,61.88
2024-12-01,USB-C Hub,Electronics,West,1,100.8,100.8,61.52
2024-12-01,Sticky Notes,Stationery,Central,7,11.83,82.81,51.42
2024-12-01,Office Chair,Furniture,East,7,198.87,1392.09,860.64
2024-12-01,Office Chair,Furniture,South,7,316.28,2213.96,1173.57
2024-12-01,Notebook Set,Stationery,West,7,6.56,45.92,30.97
2024-12-01,Standing Desk,Furniture,East,8,172.3,1378.4,863.71
2024-12-01,Ballpoint Pens (Pack),Stationery,North,6,11.6,69.6,40.97
2024-12-02,Standing Desk,Furniture,East,1,97.62,97.62,57.45
2024-12-02,USB-C Hub,Electronics,Central,1,73.71,73.71,42.73
2024-12-02,Office Chair,Furniture,Central,5,67.83,339.15,188.54
2024-12-02,Wireless Mouse,Electronics,West,1,54.33,54.33,37.22
2024-12-02,Coffee Mug,Home & Kitchen,South,3,16.36,49.08,34.12
2024-12-02,Sticky Notes,Stationery,North,5,4.88,24.4,16.92
2024-12-02,Standing Desk,Furniture,North,6,315.17,1891.02,1212.72
2024-12-02,Wireless Mouse,Electronics,East,2,19.82,39.64,21.65
2024-12-02,Sticky Notes,Stationery,West,7,14.02,98.14,61.78
2024-12-02,Standing Desk,Furniture,West,7,131.82,922.74,628.1
2024-12-02,Office Chair,Furniture,Central,8,157.35,1258.8,869.81
2024-12-02,Coffee Mug,Home & Kitchen,East,2,18.76,37.52,19.1
2024-12-02,Sticky Notes,Stationery,North,6,8.73,52.38,31.02
2024-12-02,Coffee Mug,Home & Kitchen,West,4,8.48,33.92,17.55
2024-12-02,Standing Desk,Furniture,South,6,250.04,1500.24,908.58
2024-12-02,Office Chair,Furniture,East,1,324.27,324.27,206.64
2024-12-02,Notebook Set,Stationery,North,3,7.25,21.75,12.33
2024-12-03,Ballpoint Pens (Pack),Stationery,North,8,11.09,88.72,46.48
2024-12-03,USB-C Hub,Electronics,Central,3,40.11,120.33,73.88
2024-12-03,USB-C Hub,Electronics,South,8,63.48,507.84,284.15
2024-12-03,Water Bottle,Home & Kitchen,North,4,19.01,76.04,38.16
2024-12-03,Sticky Notes,Stationery,North,8,10.16,81.28,54.38
2024-12-03,Desk Lamp,Furniture,North,1,137.53,137.53,83.28
2024-12-03,Sticky Notes,Stationery,East,8,14.6,116.8,63.73
2024-12-03,Sticky Notes,Stationery,East,8,6.27,50.16,31.89
2024-12-03,Standing Desk,Furniture,East,3,209.08,627.24,422.37
2024-12-03,Sticky Notes,Stationery,Central,4,12.45,49.8,32.26
2024-12-03,Mechanical Keyboard,Electronics,West,8,93.14,745.12,513.86
2024-12-03,Standing Desk,Furniture,North,6,230.41,1382.46,959.9
2024-12-03,Wireless Mouse,Electronics,West,6,60.75,364.5,227.4
2024-12-03,Wireless Mouse,Electronics,North,6,31.69,190.14,118.15
2024-12-03,Coffee Mug,Home & Kitchen,Central,7,26.1,182.7,97.38
2024-12-03,Office Chair,Furniture,East,7,341.03,2387.21,1478.75
2024-12-03,Coffee Mug,Home & Kitchen,North,6,11.96,71.76,42.52
2024-12-03,USB-C Hub,Electronics,North,2,30.33,60.66,37.1
2024-12-03,Desk Lamp,Furniture,North,1,118.14,118.14,75.6
2024-12-03,Notebook Set,Stationery,Central,3,8.87,26.61,16.99
2024-12-03,Coffee Mug,Home & Kitchen,South,1,23.59,23.59,12.82
2024-12-03,Sticky Notes,Stationery,East,8,7.81,62.48,41.38
2024-12-03,USB-C Hub,Electronics,East,6,82.0,492.0,330.43
2024-12-03,Sticky Notes,Stationery,South,8,11.94,95.52,56.1
2024-12-03,Standing Desk,Furniture,South,6,88.56,531.36,304.48
2024-12-04,Ballpoint Pens (Pack),Stationery,West,2,2.53,5.06,3.05
2024-12-04,Coffee Mug,Home & Kitchen,West,6,16.53,99.18,62.98
2024-12-04,Desk Lamp,Furniture,North,5,141.7,708.5,474.03
2024-12-04,Wireless Mouse,Electronics,Central,3,83.71,251.13,171.64
2024-12-04,Wireless Mouse,Electronics,West,7,77.54,542.78,358.23
2024-12-04,Office Chair,Furniture,East,6,82.56,495.36,260.97
2024-12-04,USB-C Hub,Electronics,West,8,96.48,771.84,462.59
2024-12-04,Ballpoint Pens (Pack),Stationery,East,6,5.69,34.14,17.93
2024-12-04,Sticky Notes,Stationery,West,3,12.56,37.68,23.33
2024-12-04,Coffee Mug,Home & Kitchen,North,1,27.64,27.64,17.14
2024-12-04,Standing Desk,Furniture,Central,5,273.79,1368.95,881.5
2024-12-04,Mechanical Keyboard,Electronics,West,7,28.92,202.44,135.45
2024-12-04,Mechanical Keyboard,Electronics,South,6,53.22,319.32,209.25
2024-12-04,Notebook Set,Stationery,West,5,6.88,34.4,18.27
2024-12-04,USB-C Hub,Electronics,West,3,86.35,259.05,144.19
2024-12-04,Desk Lamp,Furniture,North,4,203.97,815.88,417.06
2024-12-04,Standing Desk,Furniture,East,6,289.19,1735.14,984.24
2024-12-04,Desk Lamp,Furniture,West,3,182.95,548.85,297.99
2024-12-04,Desk Lamp,Furniture,West,7,75.65,529.55,345.12
2024-12-04,Standing Desk,Furniture,Central,2,181.04,362.08,186.79
2024-12-04,Mechanical Keyboard,Electronics,East,6,86.45,518.7,333.86
2024-12-04,Ballpoint Pens (Pack),Stationery,Central,4,13.53,54.12,33.73
2024-12-04,Office Chair,Furniture,North,7,226.97,1588.79,955.24
2024-12-04,Desk Lamp,Furniture,North,2,167.82,335.64,173.07
2024-12-04,Mechanical Keyboard,Electronics,East,4,33.19,132.76,85.18
2024-12-05,Water Bottle,Home & Kitchen,South,4,8.94,35.76,24.39
2024-12-05,Water Bottle,Home & Kitchen,South,8,9.38,75.04,45.51
2024-12-05,Office Chair,Furniture,Central,5,332.35,1661.75,967.87
2024-12-05,Ballpoint Pens (Pack),Stationery,West,7,13.45,94.15,60.99
2024-12-05,Sticky Notes,Stationery,South,5,5.82,29.1,16.91
2024-12-05,Standing Desk,Furniture,West,5,296.69,1483.45,818.17
2024-12-05,Water Bottle,Home & Kitchen,Central,4,21.18,84.72,49.72
2024-12-05,Office Chair,Furniture,West,6,258.1,1548.6,1039.03
2024-12-05,Standing Desk,Furniture,Central,3,212.68,638.04,440.23
2024-12-05,Notebook Set,Stationery,Central,4,11.14,44.56,29.5
2024-12-05,Desk Lamp,Furniture,West,7,101.81,712.67,378.09
2024-12-05,Notebook Set,Stationery,Central,1,12.47,12.47,8.62
2024-12-05,Notebook Set,Stationery,West,7,2.83,19.81,12.53
2024-12-05,Sticky Notes,Stationery,South,3,5.16,15.48,9.69
2024-12-05,Water Bottle,Home & Kitchen,South,5,9.15,45.75,27.15
2024-12-05,Office Chair,Furniture,West,5,172.17,860.85,501.65
2024-12-05,Standing Desk,Furniture,Central,6,130.94,785.64,444.34
2024-12-05,Notebook Set,Stationery,East,8,10.66,85.28,48.98
2024-12-05,Ballpoint Pens (Pack),Stationery,Central,7,13.53,94.71,63.45
2024-12-05,USB-C Hub,Electronics,West,8,83.42,667.36,362.35
2024-12-05,Notebook Set,Stationery,South,3,3.4,10.2,5.82
2024-12-05,Standing Desk,Furniture,East,3,144.63,433.89,254.37
2024-12-05,Standing Desk,Furniture,West,2,99.81,199.62,122.74
2024-12-06,Coffee Mug,Home & Kitchen,Central,6,16.99,101.94,63.76
2024-12-06,Office Chair,Furniture,South,6,218.73,1312.38,725.25
2024-12-06,Office Chair,Furniture,South,3,205.2,615.6,358.37
2024-12-06,Office Chair,Furniture,South,8,260.63,2085.04,1128.93
2024-12-06,Sticky Notes,Stationery,North,1,11.67,11.67,8.1
2024-12-06,Ballpoint Pens (Pack),Stationery,North,1,3.06,3.06,1.81
2024-12-06,Water Bottle,Home & Kitchen,East,7,10.92,76.44,38.51
2024-12-06,USB-C Hub,Electronics,East,7,25.05,175.35,122.05
2024-12-06,Office Chair,Furniture,North,5,61.81,309.05,200.39
2024-12-06,Desk Lamp,Furniture,North,4,82.28,329.12,223.11
2024-12-06,USB-C Hub,Electronics,North,7,72.72,509.04,338.32
2024-12-06,Mechanical Keyboard,Electronics,East,8,40.12,320.96,199.61
2024-12-06,Ballpoint Pens (Pack),Stationery,East,4,7.52,30.08,20.19
2024-12-06,USB-C Hub,Electronics,South,4,57.18,228.72,115.37
2024-12-06,USB-C Hub,Electronics,East,8,49.22,393.76,267.3
2024-12-06,Water Bottle,Home & Kitchen,South,7,18.0,126.0,70.91
2024-12-06,Wireless Mouse,Electronics,North,6,109.86,659.16,402.07
2024-12-06,Wireless Mouse,Electronics,West,1,48.52,48.52,25.07
2024-12-06,Sticky Notes,Stationery,North,7,4.63,32.41,17.77
2024-12-06,Office Chair,Furniture,Central,4,326.52,1306.08,724.26
2024-12-06,Standing Desk,Furniture,Central,6,312.55,1875.3,958.68
2024-12-06,Ballpoint Pens (Pack),Stationery,Central,5,11.18,55.9,29.6
2024-12-06,USB-C Hub,Electronics,West,5,58.29,291.45,165.01
2024-12-06,Mechanical Keyboard,Electronics,Central,1,29.98,29.98,20.42
2024-12-06,Desk Lamp,Furniture,East,1,88.57,88.57,51.22
2024-12-06,Desk Lamp,Furniture,South,4,118.89,475.56,305.18
2024-12-06,Desk Lamp,Furniture,East,4,312.45,1249.8,849.79
2024-12-06,Mechanical Keyboard,Electronics,West,5,39.5,197.5,102.54
2024-12-06,Ballpoint Pens (Pack),Stationery,North,5,4.39,21.95,14.81
2024-12-07,USB-C Hub,Electronics,Central,4,105.57,422.28,250.89
2024-12-07,Ballpoint Pens (Pack),Stationery,Central,6,6.92,41.52,21.07
2024-12-07,Coffee Mug,Home & Kitchen,North,8,20.38,163.04,82.52
2024-12-07,Mechanical Keyboard,Electronics,North,6,90.72,544.32,338.19
2024-12-07,Sticky Notes,Stationery,South,4,9.66,38.64,22.22
2024-12-07,Water Bottle,Home & Kitchen,West,1,14.6,14.6,8.43
2024-12-07,Water Bottle,Home & Kitchen,East,6,12.46,74.76,49.95
2024-12-07,Ballpoint Pens (Pack),Stationery,North,8,13.25,106.0,58.53
2024-12-07,USB-C Hub,Electronics,North,8,71.49,571.92,368.46
2024-12-07,Ballpoint Pens (Pack),Stationery,North,3,14.72,44.16,27.89
2024-12-07,Mechanical Keyboard,Electronics,North,7,68.82,481.74,299.29
2024-12-07,Office Chair,Furniture,West,1,79.72,79.72,52.85
2024-12-07,Mechanical Keyboard,Electronics,West,1,20.14,20.14,12.76
2024-12-07,Sticky Notes,Stationery,North,6,10.67,64.02,37.96
2024-12-07,Ballpoint Pens (Pack),Stationery,West,1,8.03,8.03,4.83
2024-12-07,Mechanical Keyboard,Electronics,North,6,59.81,358.86,201.39
2024-12-07,Wireless Mouse,Electronics,West,8,36.24,289.92,191.24
2024-12-07,Water Bottle,Home & Kitchen,North,3,26.57,79.71,55.33
2024-12-07,Desk Lamp,Furniture,West,4,271.51,1086.04,642.84
2024-12-07,Standing Desk,Furniture,Central,3,74.13,222.39,144.42
2024-12-07,Sticky Notes,Stationery,West,8,9.16,73.28,43.82
2024-12-07,Ballpoint Pens (Pack),Stationery,East,8,7.86,62.88,42.3
2024-12-07,Coffee Mug,Home & Kitchen,Central,6,16.2,97.2,60.35
2024-12-08,Coffee Mug,Home & Kitchen,West,2,9.77,19.54,10.55
2024-12-08,Notebook Set,Stationery,East,7,6.96,48.72,29.99
2024-12-08,Coffee Mug,Home & Kitchen,West,4,21.8,87.2,47.88
2024-12-08,Sticky Notes,Stationery,West,4,8.89,35.56,23.03
2024-12-08,Ballpoint Pens (Pack),Stationery,East,4,4.31,17.24,8.8
2024-12-08,Coffee Mug,Home & Kitchen,East,8,20.29,162.32,94.25
2024-12-08,Water Bottle,Home & Kitchen,Central,4,20.55,82.2,43.82
2024-12-08,USB-C Hub,Electronics,South,4,23.68,94.72,65.03
2024-12-08,Office Chair,Furniture,Central,5,295.22,1476.1,928.22
2024-12-08,Wireless Mouse,Electronics,East,6,116.37,698.22,467.11
2024-12-08,Mechanical Keyboard,Electronics,West,5,36.4,182.0,114.32
2024-12-08,Office Chair,Furniture,East,4,261.74,1046.96,597.13
2024-12-08,Coffee Mug,Home & Kitchen,South,8,24.13,193.04,103.78
2024-12-08,Coffee Mug,Home & Kitchen,East,8,21.46,171.68,92.61
2024-12-08,Coffee Mug,Home & Kitchen,North,7,29.48,206.36,136.47
2024-12-09,Sticky Notes,Stationery,East,6,5.54,33.24,20.47
2024-12-09,Standing Desk,Furniture,East,2,267.89,535.78,320.05
2024-12-09,Coffee Mug,Home & Kitchen,West,5,11.31,56.55,38.69
2024-12-09,Wireless Mouse,Electronics,North,2,68.02,136.04,93.54
2024-12-09,Water Bottle,Home & Kitchen,North,4,20.9,83.6,47.98
2024-12-09,Desk Lamp,Furniture,South,5,317.44,1587.2,1021.09
2024-12-09,Wireless Mouse,Electronics,South,5,63.1,315.5,210.57
2024-12-09,Standing Desk,Furniture,South,7,301.33,2109.31,1230.24
2024-12-09,USB-C Hub,Electronics,North,3,115.96,347.88,201.03
2024-12-09,USB-C Hub,Electronics,South,4,74.81,299.24,176.24
2024-12-09,Water Bottle,Home & Kitchen,East,4,28.94,115.76,72.33
2024-12-09,Desk Lamp,Furniture,East,8,269.02,2152.16,1416.73
2024-12-09,Coffee Mug,Home & Kitchen,Central,2,10.38,20.76,11.17
2024-12-09,USB-C Hub,Electronics,North,5,81.4,407.0,217.38
2024-12-09,Standing Desk,Furniture,North,8,79.54,636.32,361.1
2024-12-09,Standing Desk,Furniture,North,6,115.61,693.66,396.73
2024-12-09,Wireless Mouse,Electronics,South,6,117.96,707.76,414.9
2024-12-10,Desk Lamp,Furniture,Central,2,237.66,475.32,289.83
2024-12-10,Coffee Mug,Home & Kitchen,North,6,11.74,70.44,46.69
2024-12-10,Mechanical Keyboard,Electronics,North,5,31.8,159.0,88.73
2024-12-10,Standing Desk,Furniture,North,2,208.84,417.68,284.13
2024-12-10,Coffee Mug,Home & Kitchen,South,2,8.13,16.26,8.52
2024-12-10,USB-C Hub,Electronics,North,2,62.27,124.54,74.88
2024-12-10,Standing Desk,Furniture,East,7,205.93,1441.51,825.69
2024-12-10,Standing Desk,Furniture,Central,2,102.59,205.18,107.7
2024-12-10,Water Bottle,Home & Kitchen,West,8,10.24,81.92,47.78
2024-12-10,Standing Desk,Furniture,Central,2,340.33,680.66,355.81
2024-12-10,Water Bottle,Home & Kitchen,North,2,11.02,22.04,11.47
2024-12-10,Notebook Set,Stationery,Central,3,4.38,13.14,8.45
2024-12-10,Wireless Mouse,Electronics,South,3,107.55,322.65,222.16
2024-12-10,Ballpoint Pens (Pack),Stationery,North,4,14.93,59.72,41.06
2024-12-10,Standing Desk,Furniture,South,4,187.89,751.56,433.63
2024-12-10,Standing Desk,Furniture,South,4,244.0,976.0,592.48
2024-12-10,Water Bottle,Home & Kitchen,West,7,23.42,163.94,111.34
2024-12-10,Ballpoint Pens (Pack),Stationery,West,3,6.39,19.17,12.82
2024-12-10,Wireless Mouse,Electronics,North,4,102.42,409.68,210.82
2024-12-10,Water Bottle,Home & Kitchen,Central,8,25.7,205.6,108.46
2024-12-10,Standing Desk,Furniture,South,7,316.76,2217.32,1547.15
2024-12-10,Coffee Mug,Home & Kitchen,South,3,28.98,86.94,55.81
2024-12-10,Office Chair,Furniture,Central,6,123.66,741.96,396.1
2024-12-10,Sticky Notes,Stationery,Central,4,14.61,58.44,38.3
2024-12-10,Ballpoint Pens (Pack),Stationery,Central,7,14.79,103.53,57.44
2024-12-11,Water Bottle,Home & Kitchen,South,6,9.74,58.44,36.4
2024-12-11,Desk Lamp,Furniture,Central,4,83.39,333.56,179.26
2024-12-11,Mechanical Keyboard,Electronics,South,6,41.19,247.14,163.86
2024-12-11,Water Bottle,Home & Kitchen,North,8,28.21,225.68,153.57
2024-12-11,Coffee Mug,Home & Kitchen,East,7,17.16,120.12,83.08
2024-12-11,USB-C Hub,Electronics,North,4,72.42,289.68,149.07
2024-12-11,Standing Desk,Furniture,Central,5,140.59,702.95,433.4
2024-12-11,Desk Lamp,Furniture,North,4,299.1,1196.4,744.72
2024-12-11,Desk Lamp,Furniture,East,2,120.37,240.74,156.37
2024-12-11,Mechanical Keyboard,Electronics,North,7,67.28,470.96,311.46
2024-12-11,Notebook Set,Stationery,South,7,2.13,14.91,9.64
2024-12-11,Standing Desk,Furniture,North,8,316.04,2528.32,1396.04
2024-12-11,Notebook Set,Stationery,West,8,14.91,119.28,82.44
2024-12-11,Water Bottle,Home & Kitchen,South,4,9.76,39.04,20.01
2024-12-11,Sticky Notes,Stationery,Central,4,10.77,43.08,28.88
2024-12-12,Desk Lamp,Furniture,South,2,106.76,213.52,124.83
2024-12-12,Ballpoint Pens (Pack),Stationery,South,2,14.4,28.8,20.09
2024-12-12,Wireless Mouse,Electronics,Central,7,32.01,224.07,127.02
2024-12-12,Coffee Mug,Home & Kitchen,East,1,19.21,19.21,9.68
2024-12-12,Notebook Set,Stationery,East,6,13.93,83.58,50.16
2024-12-12,Standing Desk,Furniture,North,5,85.3,426.5,296.21
2024-12-12,Mechanical Keyboard,Electronics,West,8,70.96,567.68,291.13
2024-12-12,Coffee Mug,Home & Kitchen,Central,8,10.82,86.56,43.64
2024-12-12,Office Chair,Furniture,East,8,270.03,2160.24,1098.87
2024-12-12,Desk Lamp,Furniture,North,1,145.33,145.33,90.95
2024-12-12,Mechanical Keyboard,Electronics,South,2,39.61,79.22,44.42
2024-12-12,Wireless Mouse,Electronics,West,3,86.89,260.67,152.4
2024-12-12,Ballpoint Pens (Pack),Stationery,South,2,3.0,6.0,3.92
2024-12-13,Sticky Notes,Stationery,Central,8,12.7,101.6,60.47
2024-12-13,Ballpoint Pens (Pack),Stationery,East,2,10.53,21.06,11.43
2024-12-13,Sticky Notes,Stationery,North,4,12.4,49.6,29.83
2024-12-13,Office Chair,Furniture,North,5,230.21,1151.05,669.89
2024-12-13,Sticky Notes,Stationery,North,8,3.48,27.84,17.74
2024-12-13,Ballpoint Pens (Pack),Stationery,Central,7,2.52,17.64,11.63
2024-12-13,Desk Lamp,Furniture,West,6,239.75,1438.5,1002.48
2024-12-13,Water Bottle,Home & Kitchen,East,4,27.81,111.24,74.02
2024-12-13,Coffee Mug,Home & Kitchen,South,4,14.96,59.84,30.29
2024-12-13,Notebook Set,Stationery,South,6,2.11,12.66,8.2
2024-12-13,Water Bottle,Home & Kitchen,North,6,9.21,55.26,37.53
2024-12-13,Desk Lamp,Furniture,East,6,255.39,1532.34,1026.49
2024-12-13,Ballpoint Pens (Pack),Stationery,Central,7,8.54,59.78,41.51
2024-12-13,Coffee Mug,Home & Kitchen,South,3,8.69,26.07,13.24
2024-12-13,USB-C Hub,Electronics,North,5,17.27,86.35,44.35
2024-12-13,Mechanical Keyboard,Electronics,South,5,57.27,286.35,182.85
2024-12-13,Standing Desk,Furniture,North,1,345.82,345.82,178.57
2024-12-14,Notebook Set,Stationery,East,5,12.0,60.0,41.37
2024-12-14,Ballpoint Pens (Pack),Stationery,North,5,3.07,15.35,10.68
2024-12-14,Sticky Notes,Stationery,West,8,4.04,32.32,16.46
2024-12-14,Standing Desk,Furniture,East,4,68.45,273.8,157.5
2024-12-14,Notebook Set,Stationery,Central,8,12.55,100.4,65.36
2024-12-14,Water Bottle,Home & Kitchen,North,5,25.66,128.3,75.5
2024-12-14,Coffee Mug,Home & Kitchen,Central,3,18.28,54.84,30.52
2024-12-14,Sticky Notes,Stationery,North,2,2.77,5.54,3.62
2024-12-14,Standing Desk,Furniture,South,3,296.08,888.24,589.01
2024-12-14,Mechanical Keyboard,Electronics,Central,2,32.44,64.88,33.18
2024-12-14,Office Chair,Furniture,East,4,193.49,773.96,441.79
2024-12-14,Notebook Set,Stationery,West,5,14.58,72.9,39.51
2024-12-15,USB-C Hub,Electronics,East,2,106.91,213.82,121.3
2024-12-15,Mechanical Keyboard,Electronics,North,2,77.15,154.3,88.85
2024-12-15,Ballpoint Pens (Pack),Stationery,North,4,4.65,18.6,10.64
2024-12-15,USB-C Hub,Electronics,South,2,117.67,235.34,154.58
2024-12-15,Ballpoint Pens (Pack),Stationery,South,6,10.71,64.26,37.58
2024-12-15,Mechanical Keyboard,Electronics,West,2,116.15,232.3,144.54
2024-12-15,Standing Desk,Furniture,South,7,84.73,593.11,333.87
2024-12-15,Ballpoint Pens (Pack),Stationery,East,3,10.34,31.02,18.82
2024-12-15,Standing Desk,Furniture,Central,5,113.06,565.3,345.42
2024-12-15,Coffee Mug,Home & Kitchen,South,6,24.21,145.26,90.89
2024-12-15,Water Bottle,Home & Kitchen,South,1,9.0,9.0,5.39
2024-12-15,Water Bottle,Home & Kitchen,Central,2,17.92,35.84,19.44
2024-12-15,Standing Desk,Furniture,East,3,141.34,424.02,252.92
2024-12-15,Standing Desk,Furniture,East,7,230.32,1612.24,1066.25
2024-12-15,Wireless Mouse,Electronics,West,1,55.59,55.59,31.1
2024-12-15,Notebook Set,Stationery,South,8,4.7,37.6,20.51
2024-12-15,Sticky Notes,Stationery,East,5,9.58,47.9,24.16
2024-12-15,Standing Desk,Furniture,North,8,164.53,1316.24,710.27
2024-12-15,Notebook Set,Stationery,North,2,12.84,25.68,17.91
2024-12-15,Office Chair,Furniture,South,5,187.7,938.5,536.93
2024-12-15,Mechanical Keyboard,Electronics,West,5,36.14,180.7,103.78
2024-12-15,Water Bottle,Home & Kitchen,South,5,19.69,98.45,67.89
2024-12-15,USB-C Hub,Electronics,West,6,31.31,187.86,112.69
2024-12-16,Standing Desk,Furniture,Central,7,157.48,1102.36,716.19
2024-12-16,Desk Lamp,Furniture,Central,6,272.58,1635.48,1054.93
2024-12-16,Mechanical Keyboard,Electronics,West,5,86.51,432.55,225.49
2024-12-16,Office Chair,Furniture,South,3,141.16,423.48,293.47
2024-12-16,Notebook Set,Stationery,South,8,13.94,111.52,56.44
2024-12-16,Water Bottle,Home & Kitchen,East,1,16.06,16.06,8.29
2024-12-16,Sticky Notes,Stationery,West,4,14.54,58.16,39.99
2024-12-16,USB-C Hub,Electronics,Central,3,18.98,56.94,35.16
2024-12-16,USB-C Hub,Electronics,Central,3,61.45,184.35,102.24
2024-12-16,Office Chair,Furniture,Central,4,136.85,547.4,343.63
2024-12-16,Ballpoint Pens (Pack),Stationery,South,3,4.81,14.43,9.37
2024-12-16,USB-C Hub,Electronics,North,6,27.57,165.42,107.74
2024-12-16,Mechanical Keyboard,Electronics,East,4,108.87,435.48,251.3
2024-12-16,Coffee Mug,Home & Kitchen,West,6,15.84,95.04,52.25
2024-12-16,Wireless Mouse,Electronics,East,3,15.45,46.35,25.23
2024-12-16,Water Bottle,Home & Kitchen,Central,6,18.28,109.68,73.49
2024-12-16,Office Chair,Furniture,North,3,346.78,1040.34,537.99
2024-12-16,Standing Desk,Furniture,Central,6,343.82,2062.92,1307.83
2024-12-16,Desk Lamp,Furniture,Central,1,179.47,179.47,91.85
2024-12-16,USB-C Hub,Electronics,South,1,73.88,73.88,48.07
2024-12-16,Sticky Notes,Stationery,Central,5,14.95,74.75,45.9
2024-12-16,Wireless Mouse,Electronics,South,4,37.02,148.08,100.51
2024-12-16,Sticky Notes,Stationery,West,6,12.26,73.56,39.24
2024-12-16,Wireless Mouse,Electronics,Central,1,98.41,98.41,50.52
2024-12-16,Desk Lamp,Furniture,North,3,272.93,818.79,413.33
2024-12-17,Ballpoint Pens (Pack),Stationery,Central,7,11.11,77.77,44.18
2024-12-17,Sticky Notes,Stationery,East,1,3.26,3.26,1.82
2024-12-17,Ballpoint Pens (Pack),Stationery,South,4,10.8,43.2,23.14
2024-12-17,Notebook Set,Stationery,East,2,11.97,23.94,13.45
2024-12-17,Office Chair,Furniture,Central,5,153.95,769.75,424.79
2024-12-17,Notebook Set,Stationery,South,2,10.61,21.22,13.18
2024-12-17,Office Chair,Furniture,Central,5,287.39,1436.95,973.29
2024-12-17,Ballpoint Pens (Pack),Stationery,East,1,9.28,9.28,5.42
2024-12-17,Sticky Notes,Stationery,East,6,14.45,86.7,50.2
2024-12-17,Notebook Set,Stationery,West,3,3.19,9.57,5.24
2024-12-17,Coffee Mug,Home & Kitchen,West,6,11.52,69.12,42.51
2024-12-17,Mechanical Keyboard,Electronics,West,5,52.42,262.1,177.91
2024-12-17,Office Chair,Furniture,West,1,60.8,60.8,32.84
2024-12-17,Desk Lamp,Furniture,North,8,288.05,2304.4,1473.54
2024-12-17,Coffee Mug,Home & Kitchen,South,1,12.85,12.85,8.92
2024-12-17,USB-C Hub,Electronics,West,4,116.21,464.84,315.26
2024-12-17,USB-C Hub,Electronics,North,3,104.53,313.59,198.17
2024-12-17,Coffee Mug,Home & Kitchen,East,2,15.49,30.98,17.9
2024-12-17,Wireless Mouse,Electronics,North,1,106.92,106.92,62.17
2024-12-17,Coffee Mug,Home & Kitchen,North,4,26.07,104.28,72.49
2024-12-17,Water Bottle,Home & Kitchen,West,6,17.54,105.24,72.33
2024-12-18,Standing Desk,Furniture,Central,8,292.78,2342.24,1404.56
2024-12-18,Wireless Mouse,Electronics,West,1,17.61,17.61,11.58
2024-12-18,Office Chair,Furniture,West,1,287.34,287.34,193.53
2024-12-18,Ballpoint Pens (Pack),Stationery,East,5,3.07,15.35,10.21
2024-12-18,Notebook Set,Stationery,South,8,13.79,110.32,70.78
2024-12-18,Standing Desk,Furniture,North,6,168.65,1011.9,611.9
2024-12-18,Standing Desk,Furniture,Central,8,139.48,1115.84,610.11
2024-12-18,Mechanical Keyboard,Electronics,East,2,91.21,182.42,98.77
2024-12-18,Standing Desk,Furniture,Central,3,106.7,320.1,215.72
2024-12-18,Sticky Notes,Stationery,South,2,2.19,4.38,2.3
2024-12-18,USB-C Hub,Electronics,North,5,90.43,452.15,264.05
2024-12-18,Ballpoint Pens (Pack),Stationery,North,6,3.44,20.64,13.0
2024-12-18,Notebook Set,Stationery,West,1,9.66,9.66,4.99
2024-12-18,Mechanical Keyboard,Electronics,West,5,53.91,269.55,170.75
2024-12-18,Ballpoint Pens (Pack),Stationery,West,6,7.0,42.0,25.04
2024-12-18,Notebook Set,Stationery,North,6,11.59,69.54,43.68
2024-12-18,Coffee Mug,Home & Kitchen,West,5,18.8,94.0,48.17
2024-12-18,Coffee Mug,Home & Kitchen,Central,8,29.91,239.28,142.04
2024-12-18,Standing Desk,Furniture,East,3,185.03,555.09,354.41
2024-12-18,Notebook Set,Stationery,Central,3,12.19,36.57,22.13
2024-12-18,Water Bottle,Home & Kitchen,East,1,17.13,17.13,11.85
2024-12-18,Office Chair,Furniture,Central,1,292.03,292.03,157.34
2024-12-18,Sticky Notes,Stationery,South,4,3.03,12.12,8.0
2024-12-19,Sticky Notes,Stationery,East,1,8.91,8.91,5.34
2024-12-19,Desk Lamp,Furniture,South,5,225.16,1125.8,606.32
2024-12-19,Coffee Mug,Home & Kitchen,West,5,14.98,74.9,51.49
2024-12-19,Coffee Mug,Home & Kitchen,Central,4,22.45,89.8,50.79
2024-12-19,Notebook Set,Stationery,West,7,14.83,103.81,63.17
2024-12-19,Coffee Mug,Home & Kitchen,East,7,28.32,198.24,112.09
2024-12-19,Water Bottle,Home & Kitchen,West,1,29.85,29.85,19.55
2024-12-19,Notebook Set,Stationery,South,5,5.98,29.9,19.16
2024-12-19,USB-C Hub,Electronics,Central,4,56.3,225.2,132.04
2024-12-19,Desk Lamp,Furniture,North,8,192.7,1541.6,1029.31
2024-12-19,Wireless Mouse,Electronics,North,1,28.77,28.77,14.83
2024-12-19,Wireless Mouse,Electronics,Central,6,104.89,629.34,338.32
2024-12-19,Water Bottle,Home & Kitchen,West,3,25.64,76.92,48.26
2024-12-19,Coffee Mug,Home & Kitchen,North,5,26.18,130.9,86.8
2024-12-19,Standing Desk,Furniture,West,3,87.22,261.66,163.91
2024-12-20,Office Chair,Furniture,Central,4,162.31,649.24,419.64
2024-12-20,Notebook Set,Stationery,South,6,14.41,86.46,44.16
2024-12-20,Ballpoint Pens (Pack),Stationery,East,6,8.85,53.1,33.69
2024-12-20,USB-C Hub,Electronics,North,3,107.84,323.52,164.95
2024-12-20,Standing Desk,Furniture,East,1,276.23,276.23,190.14
2024-12-20,Sticky Notes,Stationery,North,8,2.05,16.4,8.86
2024-12-20,Wireless Mouse,Electronics,Central,1,64.15,64.15,36.29
2024-12-20,Office Chair,Furniture,South,8,246.49,1971.92,1087.42
2024-12-20,Notebook Set,Stationery,North,8,14.31,114.48,64.34
2024-12-20,Mechanical Keyboard,Electronics,East,8,113.45,907.6,515.44
2024-12-20,Water Bottle,Home & Kitchen,South,4,21.36,85.44,45.78
2024-12-21,Wireless Mouse,Electronics,South,2,51.3,102.6,68.34
2024-12-21,Office Chair,Furniture,South,1,197.04,197.04,122.68
2024-12-21,Desk Lamp,Furniture,Central,3,295.58,886.74,600.25
2024-12-21,Coffee Mug,Home & Kitchen,North,3,17.9,53.7,28.05
2024-12-21,Coffee Mug,Home & Kitchen,North,3,23.33,69.99,40.07
2024-12-21,Ballpoint Pens (Pack),Stationery,North,5,11.61,58.05,36.84
2024-12-21,USB-C Hub,Electronics,North,7,104.92,734.44,367.79
2024-12-21,Standing Desk,Furniture,East,4,314.2,1256.8,681.25
2024-12-21,USB-C Hub,Electronics,Central,7,76.77,537.39,367.93
2024-12-21,Wireless Mouse,Electronics,North,8,81.07,648.56,417.39
2024-12-21,Office Chair,Furniture,East,3,73.62,220.86,151.07
2024-12-21,Sticky Notes,Stationery,East,8,4.84,38.72,22.24
2024-12-22,Wireless Mouse,Electronics,North,1,76.74,76.74,53.34
2024-12-22,Desk Lamp,Furniture,Central,7,197.99,1385.93,804.53
2024-12-22,Sticky Notes,Stationery,West,2,6.02,12.04,6.09
2024-12-22,Standing Desk,Furniture,East,7,123.86,867.02,494.84
2024-12-22,Water Bottle,Home & Kitchen,West,5,24.47,122.35,79.16
2024-12-22,Desk Lamp,Furniture,North,8,119.16,953.28,632.53
2024-12-22,Sticky Notes,Stationery,East,2,8.5,17.0,9.81
2024-12-22,Coffee Mug,Home & Kitchen,East,7,28.43,199.01,136.18
2024-12-22,Office Chair,Furniture,South,8,104.5,836.0,463.49
2024-12-22,Standing Desk,Furniture,South,2,106.33,212.66,110.27
2024-12-22,Standing Desk,Furniture,East,6,230.48,1382.88,816.77
2024-12-22,USB-C Hub,Electronics,South,8,56.63,453.04,265.45
2024-12-22,Office Chair,Furniture,North,3,196.84,590.52,352.74
2024-12-23,USB-C Hub,Electronics,Central,3,27.8,83.4,44.18
2024-12-23,Water Bottle,Home & Kitchen,South,3,23.76,71.28,45.24
2024-12-23,Standing Desk,Furniture,Central,7,221.53,1550.71,985.28
2024-12-23,Water Bottle,Home & Kitchen,Central,6,19.85,119.1,64.61
2024-12-23,Water Bottle,Home & Kitchen,East,8,28.92,231.36,135.96
2024-12-23,USB-C Hub,Electronics,East,5,56.92,284.6,174.29
2024-12-23,Notebook Set,Stationery,North,5,4.06,20.3,11.6
2024-12-23,Wireless Mouse,Electronics,Central,6,50.22,301.32,185.06
2024-12-23,USB-C Hub,Electronics,West,7,74.38,520.66,275.2
2024-12-23,Ballpoint Pens (Pack),Stationery,South,8,11.33,90.64,62.03
2024-12-23,Coffee Mug,Home & Kitchen,South,8,11.89,95.12,62.42
2024-12-23,Water Bottle,Home & Kitchen,South,5,17.16,85.8,44.71
2024-12-23,Desk Lamp,Furniture,North,5,275.66,1378.3,793.47
2024-12-23,Sticky Notes,Stationery,West,3,11.85,35.55,22.72
2024-12-23,Ballpoint Pens (Pack),Stationery,Central,3,13.62,40.86,20.59
2024-12-23,Office Chair,Furniture,Central,6,337.55,2025.3,1336.7
2024-12-23,Office Chair,Furniture,East,5,222.82,1114.1,609.49
2024-12-23,Mechanical Keyboard,Electronics,Central,4,72.17,288.68,171.41
2024-12-23,Coffee Mug,Home & Kitchen,North,3,29.24,87.72,54.43
2024-12-23,Office Chair,Furniture,Central,1,255.3,255.3,129.07
2024-12-23,Notebook Set,Stationery,South,2,2.4,4.8,2.63
2024-12-23,Mechanical Keyboard,Electronics,East,3,37.71,113.13,70.98
2024-12-23,Water Bottle,Home & Kitchen,South,2,9.75,19.5,11.64
2024-12-23,USB-C Hub,Electronics,South,2,72.67,145.34,75.94
2024-12-23,Coffee Mug,Home & Kitchen,East,1,25.01,25.01,14.94
2024-12-23,Desk Lamp,Furniture,West,1,61.65,61.65,43.13
2024-12-23,Mechanical Keyboard,Electronics,West,7,106.23,743.61,397.71
2024-12-24,Standing Desk,Furniture,East,4,123.43,493.72,294.35
2024-12-24,Desk Lamp,Furniture,North,6,202.92,1217.52,722.04
2024-12-24,Water Bottle,Home & Kitchen,North,8,12.1,96.8,49.04
2024-12-24,Standing Desk,Furniture,North,1,250.47,250.47,168.37
2024-12-24,Sticky Notes,Stationery,South,5,3.48,17.4,9.28
2024-12-24,Notebook Set,Stationery,North,1,11.23,11.23,7.18
2024-12-24,Sticky Notes,Stationery,South,3,4.43,13.29,7.07
2024-12-24,USB-C Hub,Electronics,North,3,24.27,72.81,46.97
2024-12-24,USB-C Hub,Electronics,Central,4,32.58,130.32,84.9
2024-12-24,Notebook Set,Stationery,West,2,14.0,28.0,18.16
2024-12-24,Notebook Set,Stationery,South,1,4.45,4.45,2.45
2024-12-24,USB-C Hub,Electronics,West,8,39.56,316.48,177.16
2024-12-24,Ballpoint Pens (Pack),Stationery,East,4,14.29,57.16,37.63
2024-12-24,Mechanical Keyboard,Electronics,Central,5,96.83,484.15,319.09
2024-12-24,Wireless Mouse,Electronics,Central,5,67.69,338.45,199.45
2024-12-24,Office Chair,Furniture,West,5,236.89,1184.45,747.4
2024-12-24,Office Chair,Furniture,North,8,251.37,2010.96,1210.57
2024-12-24,Desk Lamp,Furniture,East,1,321.8,321.8,199.19
2024-12-24,Ballpoint Pens (Pack),Stationery,South,3,3.53,10.59,7.22
2024-12-24,USB-C Hub,Electronics,North,6,26.33,157.98,79.86
2024-12-24,Office Chair,Furniture,West,1,239.21,239.21,134.09
2024-12-24,Notebook Set,Stationery,East,2,11.27,22.54,15.56
2024-12-24,Mechanical Keyboard,Electronics,North,8,20.15,161.2,108.26
2024-12-24,Coffee Mug,Home & Kitchen,West,7,27.67,193.69,127.27
2024-12-24,Standing Desk,Furniture,North,8,235.21,1881.68,1198.53
2024-12-25,Office Chair,Furniture,Central,2,325.04,650.08,434.84
2024-12-25,Desk Lamp,Furniture,West,8,176.61,1412.88,871.6
2024-12-25,Desk Lamp,Furniture,South,5,273.96,1369.8,726.89
2024-12-25,Mechanical Keyboard,Electronics,West,7,47.17,330.19,195.92
2024-12-25,Wireless Mouse,Electronics,South,3,84.88,254.64,176.07
2024-12-25,Standing Desk,Furniture,West,3,250.56,751.68,398.21
2024-12-25,Coffee Mug,Home & Kitchen,East,3,25.24,75.72,43.32
2024-12-25,Sticky Notes,Stationery,West,3,10.05,30.15,16.22
2024-12-25,Water Bottle,Home & Kitchen,East,8,27.83,222.64,112.66
2024-12-25,Coffee Mug,Home & Kitchen,South,7,19.63,137.41,89.75
2024-12-25,Standing Desk,Furniture,Central,5,256.43,1282.15,722.9
2024-12-25,Notebook Set,Stationery,East,3,9.19,27.57,17.43
2024-12-25,Notebook Set,Stationery,South,3,14.75,44.25,24.2
2024-12-25,Standing Desk,Furniture,North,7,76.39,534.73,293.66
2024-12-25,Wireless Mouse,Electronics,North,5,87.57,437.85,241.29
2024-12-25,Desk Lamp,Furniture,South,7,109.68,767.76,411.82
2024-12-25,Office Chair,Furniture,South,6,142.16,852.96,548.73
2024-12-25,Water Bottle,Home & Kitchen,East,4,9.7,38.8,23.03
2024-12-25,Standing Desk,Furniture,Central,5,224.61,1123.05,733.42
2024-12-25,Mechanical Keyboard,Electronics,Central,5,33.86,169.3,88.36
2024-12-25,Desk Lamp,Furniture,North,3,95.67,287.01,171.7
2024-12-25,Coffee Mug,Home & Kitchen,South,5,27.33,136.65,95.4
2024-12-25,USB-C Hub,Electronics,East,8,91.49,731.92,443.3
2024-12-25,Ballpoint Pens (Pack),Stationery,East,2,2.8,5.6,2.93
2024-12-25,Desk Lamp,Furniture,North,4,199.23,796.92,541.54
2024-12-25,Wireless Mouse,Electronics,East,8,100.34,802.72,561.53
2024-12-25,Wireless Mouse,Electronics,Central,2,29.73,59.46,38.56
2024-12-25,Sticky Notes,Stationery,West,3,14.84,44.52,30.46
2024-12-25,Water Bottle,Home & Kitchen,West,1,10.51,10.51,5.31
2024-12-26,Coffee Mug,Home & Kitchen,West,4,27.38,109.52,57.98
2024-12-26,Mechanical Keyboard,Electronics,Central,8,77.76,622.08,363.88
2024-12-26,Standing Desk,Furniture,West,2,62.61,125.22,62.67
2024-12-26,Office Chair,Furniture,North,7,323.83,2266.81,1578.99
2024-12-26,USB-C Hub,Electronics,Central,7,97.87,685.09,360.86
2024-12-26,USB-C Hub,Electronics,North,7,108.3,758.1,400.43
2024-12-26,Wireless Mouse,Electronics,West,7,95.1,665.7,393.12
2024-12-26,Standing Desk,Furniture,South,1,247.73,247.73,137.23
2024-12-26,Standing Desk,Furniture,West,1,124.62,124.62,83.34
2024-12-26,Notebook Set,Stationery,North,6,11.16,66.96,43.39
2024-12-26,Coffee Mug,Home & Kitchen,East,8,12.69,101.52,66.06
2024-12-26,Ballpoint Pens (Pack),Stationery,Central,3,6.09,18.27,10.85
2024-12-26,Coffee Mug,Home & Kitchen,Central,4,23.84,95.36,49.58
2024-12-26,Desk Lamp,Furniture,Central,4,271.63,1086.52,710.99
2024-12-26,Office Chair,Furniture,Central,1,158.89,158.89,107.24
2024-12-26,Sticky Notes,Stationery,East,7,7.53,52.71,32.86
2024-12-26,Office Chair,Furniture,East,5,323.09,1615.45,913.26
2024-12-26,Mechanical Keyboard,Electronics,South,2,20.98,41.96,22.13
2024-12-26,Standing Desk,Furniture,East,2,314.17,628.34,387.36
2024-12-26,Wireless Mouse,Electronics,Central,6,118.18,709.08,388.63
2024-12-26,USB-C Hub,Electronics,East,4,64.42,257.68,130.8
2024-12-26,Ballpoint Pens (Pack),Stationery,West,6,13.65,81.9,55.03
2024-12-26,Sticky Notes,Stationery,East,3,14.26,42.78,27.76
2024-12-26,Standing Desk,Furniture,West,8,305.25,2442.0,1614.37
2024-12-26,USB-C Hub,Electronics,South,8,76.84,614.72,391.66
2024-12-27,Notebook Set,Stationery,East,3,8.45,25.35,15.64
2024-12-27,Coffee Mug,Home & Kitchen,Central,1,15.47,15.47,7.85
2024-12-27,Wireless Mouse,Electronics,North,5,94.76,473.8,263.7
2024-12-27,Notebook Set,Stationery,Central,6,12.88,77.28,39.71
2024-12-27,Office Chair,Furniture,Central,8,131.82,1054.56,542.11
2024-12-27,USB-C Hub,Electronics,West,3,17.29,51.87,34.14
2024-12-27,Office Chair,Furniture,East,7,212.89,1490.23,878.89
2024-12-27,Sticky Notes,Stationery,South,7,13.61,95.27,51.8
2024-12-27,Sticky Notes,Stationery,North,5,2.86,14.3,9.68
2024-12-27,Notebook Set,Stationery,North,4,12.44,49.76,29.9
2024-12-27,Desk Lamp,Furniture,East,5,248.53,1242.65,836.31
2024-12-27,Wireless Mouse,Electronics,South,1,81.2,81.2,49.59
2024-12-27,Wireless Mouse,Electronics,South,2,18.3,36.6,23.59
2024-12-27,Notebook Set,Stationery,West,8,13.09,104.72,72.34
2024-12-27,Notebook Set,Stationery,East,6,13.51,81.06,55.11
2024-12-27,Sticky Notes,Stationery,North,6,4.63,27.78,17.9
2024-12-27,Mechanical Keyboard,Electronics,North,3,55.09,165.27,109.82
2024-12-27,Sticky Notes,Stationery,Central,3,10.49,31.47,17.03
2024-12-27,Water Bottle,Home & Kitchen,North,5,25.28,126.4,74.94
2024-12-27,USB-C Hub,Electronics,West,5,16.82,84.1,49.45
2024-12-27,Mechanical Keyboard,Electronics,East,2,93.37,186.74,99.24
2024-12-27,Notebook Set,Stationery,East,4,3.77,15.08,10.06
2024-12-27,Coffee Mug,Home & Kitchen,West,4,20.47,81.88,54.45
2024-12-28,USB-C Hub,Electronics,East,3,85.0,255.0,145.92
2024-12-28,Coffee Mug,Home & Kitchen,South,8,11.98,95.84,52.99
2024-12-28,Sticky Notes,Stationery,Central,2,11.34,22.68,12.7
2024-12-28,Coffee Mug,Home & Kitchen,East,2,9.48,18.96,12.16
2024-12-28,Coffee Mug,Home & Kitchen,East,6,29.97,179.82,105.47
2024-12-28,Desk Lamp,Furniture,South,4,61.71,246.84,131.81
2024-12-28,USB-C Hub,Electronics,Central,7,67.03,469.21,308.5
2024-12-28,Sticky Notes,Stationery,Central,8,6.51,52.08,35.34
2024-12-28,Standing Desk,Furniture,West,8,277.1,2216.8,1296.17
2024-12-28,USB-C Hub,Electronics,East,1,93.0,93.0,59.36
2024-12-28,Water Bottle,Home & Kitchen,North,8,18.9,151.2,83.76
2024-12-28,Notebook Set,Stationery,North,4,10.63,42.52,25.4
2024-12-28,Coffee Mug,Home & Kitchen,South,2,26.55,53.1,31.73
2024-12-29,Standing Desk,Furniture,South,4,280.48,1121.92,762.71
2024-12-29,Desk Lamp,Furniture,North,6,182.64,1095.84,659.28
2024-12-29,Desk Lamp,Furniture,East,8,154.28,1234.24,637.1
2024-12-29,Notebook Set,Stationery,West,5,7.47,37.35,21.57
2024-12-29,Notebook Set,Stationery,North,6,3.55,21.3,14.33
2024-12-29,Mechanical Keyboard,Electronics,South,4,76.64,306.56,208.85
2024-12-29,Mechanical Keyboard,Electronics,Central,3,54.19,162.57,112.13
2024-12-29,Water Bottle,Home & Kitchen,West,8,24.72,197.76,133.58
2024-12-29,Coffee Mug,Home & Kitchen,West,5,21.8,109.0,76.09
2024-12-30,Office Chair,Furniture,North,7,76.95,538.65,297.32
2024-12-30,Office Chair,Furniture,West,3,160.79,482.37,265.35
2024-12-30,Office Chair,Furniture,North,2,141.65,283.3,142.22
2024-12-30,Ballpoint Pens (Pack),Stationery,West,4,3.18,12.72,8.55
2024-12-30,Office Chair,Furniture,West,1,165.22,165.22,82.76
2024-12-30,USB-C Hub,Electronics,South,4,16.27,65.08,42.13
2024-12-30,Ballpoint Pens (Pack),Stationery,West,6,4.16,24.96,14.02
2024-12-30,Mechanical Keyboard,Electronics,North,5,107.39,536.95,348.43
2024-12-30,Ballpoint Pens (Pack),Stationery,South,1,11.97,11.97,7.05
2024-12-30,Notebook Set,Stationery,South,6,12.23,73.38,37.88
2024-12-30,Sticky Notes,Stationery,Central,3,14.68,44.04,29.45
2024-12-30,Water Bottle,Home & Kitchen,Central,6,22.55,135.3,82.86
2024-12-30,Office Chair,Furniture,North,2,329.73,659.46,393.62
2024-12-30,Coffee Mug,Home & Kitchen,North,4,16.63,66.52,42.84
2024-12-30,Coffee Mug,Home & Kitchen,East,8,17.11,136.88,91.68
2024-12-30,Coffee Mug,Home & Kitchen,Central,5,18.81,94.05,47.95
2024-12-30,USB-C Hub,Electronics,Central,5,118.73,593.65,337.79
2024-12-30,Office Chair,Furniture,North,4,132.77,531.08,313.15
2024-12-30,Desk Lamp,Furniture,West,8,228.79,1830.32,1218.38
2024-12-30,Office Chair,Furniture,North,6,191.88,1151.28,604.61
2024-12-30,Notebook Set,Stationery,East,3,5.8,17.4,8.95
2024-12-30,Desk Lamp,Furniture,South,4,320.84,1283.36,660.63
2024-12-30,Mechanical Keyboard,Electronics,East,8,61.38,491.04,316.81
2024-12-30,Notebook Set,Stationery,East,8,8.61,68.88,47.65
2024-12-30,Notebook Set,Stationery,North,6,9.33,55.98,37.95
2024-12-30,USB-C Hub,Electronics,Central,5,74.0,370.0,248.08
2024-12-30,Standing Desk,Furniture,East,8,294.55,2356.4,1518.38
2024-12-31,Office Chair,Furniture,Central,7,158.58,1110.06,758.31
2024-12-31,Coffee Mug,Home & Kitchen,North,6,19.34,116.04,61.31
2024-12-31,Office Chair,Furniture,Central,6,279.47,1676.82,843.53
2024-12-31,Mechanical Keyboard,Electronics,Central,5,24.13,120.65,73.88
2024-12-31,Desk Lamp,Furniture,South,7,214.01,1498.07,880.37
2024-12-31,Wireless Mouse,Electronics,South,1,109.75,109.75,66.96
2024-12-31,Sticky Notes,Stationery,North,2,9.51,19.02,12.75
2024-12-31,Notebook Set,Stationery,South,8,10.41,83.28,54.54
2024-12-31,Sticky Notes,Stationery,South,7,7.98,55.86,34.96
2024-12-31,Wireless Mouse,Electronics,East,7,84.23,589.61,394.63
2024-12-31,Coffee Mug,Home & Kitchen,West,8,17.91,143.28,88.86
2024-12-31,Mechanical Keyboard,Electronics,West,5,91.21,456.05,252.7
2024-12-31,Notebook Set,Stationery,Central,8,10.59,84.72,51.13
2024-12-31,Sticky Notes,Stationery,West,2,4.76,9.52,6.6
2024-12-31,USB-C Hub,Electronics,West,7,28.42,198.94,101.41
2024-12-31,Wireless Mouse,Electronics,Central,6,69.15,414.9,239.49
2024-12-31,Desk Lamp,Furniture,Central,8,63.77,510.16,323.6
2024-12-31,Wireless Mouse,Electronics,West,4,69.5,278.0,181.16
2024-12-31,Office Chair,Furniture,East,8,304.92,2439.36,1499.59
2024-12-31,Wireless Mouse,Electronics,Central,5,25.99,129.95,74.8
2024-12-31,Mechanical Keyboard,Electronics,Central,4,30.06,120.24,82.55
2024-12-31,Sticky Notes,Stationery,East,3,3.13,9.39,5.93
2024-12-31,Office Chair,Furniture,East,5,64.18,320.9,178.59
2024-12-31,USB-C Hub,Electronics,East,8,80.25,642.0,350.31
2024-12-31,USB-C Hub,Electronics,South,8,86.34,690.72,482.64
2024-12-31,Notebook Set,Stationery,South,6,13.63,81.78,54.49
2024-12-31,Wireless Mouse,Electronics,South,8,72.76,582.08,367.0
2024-12-31,Wireless Mouse,Electronics,Central,2,68.61,137.22,86.85
2025-01-01,Water Bottle,Home & Kitchen,Central,8,13.33,106.64,56.88
2025-01-01,Wireless Mouse,Electronics,West,2,51.57,103.14,56.16
2025-01-01,Mechanical Keyboard,Electronics,North,8,68.48,547.84,366.2
2025-01-01,Ballpoint Pens (Pack),Stationery,North,3,12.57,37.71,23.43
2025-01-01,Wireless Mouse,Electronics,South,1,111.8,111.8,73.87
2025-01-01,Standing Desk,Furniture,North,6,278.2,1669.2,838.92
2025-01-01,Notebook Set,Stationery,North,7,3.44,24.08,12.86
2025-01-01,Coffee Mug,Home & Kitchen,West,3,9.41,28.23,19.33
2025-01-01,Standing Desk,Furniture,Central,7,135.04,945.28,531.09
2025-01-01,Office Chair,Furniture,West,6,163.08,978.48,547.4
2025-01-01,Sticky Notes,Stationery,Central,3,11.36,34.08,23.5
2025-01-02,Coffee Mug,Home & Kitchen,North,2,28.36,56.72,37.65
2025-01-02,Desk Lamp,Furniture,West,8,288.33,2306.64,1300.84
2025-01-02,Notebook Set,Stationery,East,7,6.79,47.53,30.9
2025-01-02,Sticky Notes,Stationery,North,4,2.88,11.52,6.36
2025-01-02,Desk Lamp,Furniture,North,3,152.81,458.43,313.73
2025-01-02,Standing Desk,Furniture,East,7,129.9,909.3,482.06
2025-01-02,Standing Desk,Furniture,Central,6,283.1,1698.6,956.92
2025-01-02,Desk Lamp,Furniture,West,3,215.27,645.81,426.76
2025-01-02,Standing Desk,Furniture,South,8,91.93,735.44,481.4
2025-01-02,Sticky Notes,Stationery,West,8,7.43,59.44,41.05
2025-01-02,Office Chair,Furniture,West,1,221.39,221.39,135.5
2025-01-02,Ballpoint Pens (Pack),Stationery,South,7,13.28,92.96,61.29
2025-01-02,USB-C Hub,Electronics,South,5,24.48,122.4,78.38
2025-01-02,USB-C Hub,Electronics,Central,1,106.04,106.04,58.12
2025-01-02,Coffee Mug,Home & Kitchen,East,2,14.12,28.24,18.88
2025-01-02,Coffee Mug,Home & Kitchen,South,6,13.26,79.56,43.94
2025-01-02,Wireless Mouse,Electronics,North,4,51.45,205.8,123.69
2025-01-02,Notebook Set,Stationery,West,4,9.96,39.84,23.48
2025-01-03,Sticky Notes,Stationery,West,6,12.31,73.86,43.38
2025-01-03,USB-C Hub,Electronics,North,4,30.51,122.04,65.23
2025-01-03,Sticky Notes,Stationery,West,6,4.73,28.38,14.48
2025-01-03,Water Bottle,Home & Kitchen,Central,3,19.98,59.94,32.09
2025-01-03,Coffee Mug,Home & Kitchen,East,7,12.61,88.27,51.14
2025-01-03,Office Chair,Furniture,North,5,89.91,449.55,304.99
2025-01-03,Sticky Notes,Stationery,North,4,7.27,29.08,17.54
2025-01-03,Standing Desk,Furniture,West,5,243.19,1215.95,669.78
2025-01-03,Water Bottle,Home & Kitchen,South,1,23.17,23.17,13.38
2025-01-03,Office Chair,Furniture,West,7,278.0,1946.0,1298.79
2025-01-03,Standing Desk,Furniture,North,5,214.69,1073.45,735.62
2025-01-04,Notebook Set,Stationery,South,3,11.93,35.79,17.91
2025-01-04,Standing Desk,Furniture,Central,7,170.97,1196.79,608.87
2025-01-04,Water Bottle,Home & Kitchen,North,3,21.01,63.03,39.55
2025-01-04,Ballpoint Pens (Pack),Stationery,East,6,10.12,60.72,39.09
2025-01-04,USB-C Hub,Electronics,East,5,22.62,113.1,68.86
2025-01-04,Desk Lamp,Furniture,West,4,102.78,411.12,277.49
2025-01-04,Water Bottle,Home & Kitchen,East,3,15.62,46.86,30.39
2025-01-04,Wireless Mouse,Electronics,West,2,99.03,198.06,105.82
2025-01-05,Sticky Notes,Stationery,East,1,2.33,2.33,1.6
2025-01-05,Wireless Mouse,Electronics,West,7,61.67,431.69,272.57
2025-01-05,Mechanical Keyboard,Electronics,West,2,41.75,83.5,55.28
2025-01-05,USB-C Hub,Electronics,Central,3,45.73,137.19,90.08
2025-01-05,Sticky Notes,Stationery,Central,2,2.62,5.24,3.67
2025-01-05,Desk Lamp,Furniture,South,2,313.15,626.3,415.28
2025-01-05,Notebook Set,Stationery,Central,7,13.06,91.42,54.44
2025-01-05,Office Chair,Furniture,South,5,234.04,1170.2,640.94
2025-01-05,Office Chair,Furniture,South,6,279.14,1674.84,1110.11
2025-01-05,Office Chair,Furniture,Central,4,141.7,566.8,390.96
2025-01-05,Water Bottle,Home & Kitchen,South,8,20.85,166.8,92.27
2025-01-05,Sticky Notes,Stationery,East,1,8.8,8.8,5.85
2025-01-05,Standing Desk,Furniture,Central,7,300.55,2103.85,1186.29
2025-01-05,Wireless Mouse,Electronics,East,1,94.16,94.16,59.52
2025-01-05,Desk Lamp,Furniture,Central,1,94.2,94.2,56.3
2025-01-06,Mechanical Keyboard,Electronics,North,1,65.75,65.75,40.34
2025-01-06,Mechanical Keyboard,Electronics,West,2,65.86,131.72,84.56
2025-01-06,Desk Lamp,Furniture,West,5,213.69,1068.45,695.41
2025-01-06,Ballpoint Pens (Pack),Stationery,East,5,14.29,71.45,38.86
2025-01-06,Notebook Set,Stationery,North,5,5.42,27.1,16.58
2025-01-06,Sticky Notes,Stationery,North,4,8.51,34.04,22.74
2025-01-06,USB-C Hub,Electronics,Central,5,15.5,77.5,44.98
2025-01-06,USB-C Hub,Electronics,West,6,65.73,394.38,230.22
2025-01-06,Standing Desk,Furniture,Central,1,274.76,274.76,166.13
2025-01-06,Ballpoint Pens (Pack),Stationery,East,3,2.87,8.61,5.14
2025-01-06,Standing Desk,Furniture,South,4,123.86,495.44,344.64
2025-01-06,Office Chair,Furniture,Central,6,262.47,1574.82,993.23
2025-01-06,Desk Lamp,Furniture,South,3,222.07,666.21,427.02
2025-01-06,Wireless Mouse,Electronics,North,2,41.67,83.34,49.26
2025-01-06,Desk Lamp,Furniture,East,8,312.13,2497.04,1386.09
2025-01-06,Coffee Mug,Home & Kitchen,Central,1,21.27,21.27,12.19
2025-01-06,Notebook Set,Stationery,East,8,7.0,56.0,28.35
2025-01-06,Office Chair,Furniture,East,1,119.62,119.62,80.12
2025-01-06,Coffee Mug,Home & Kitchen,North,1,10.41,10.41,6.61
2025-01-06,Desk Lamp,Furniture,West,5,69.19,345.95,228.68
2025-01-06,Water Bottle,Home & Kitchen,Central,8,17.34,138.72,94.97
2025-01-06,Coffee Mug,Home & Kitchen,North,7,13.44,94.08,61.4
2025-01-06,Mechanical Keyboard,Electronics,North,5,71.49,357.45,208.72
2025-01-06,Mechanical Keyboard,Electronics,South,7,49.41,345.87,211.2
2025-01-06,USB-C Hub,Electronics,Central,2,32.46,64.92,39.39
2025-01-07,Desk Lamp,Furniture,South,5,255.39,1276.95,645.07
2025-01-07,Sticky Notes,Stationery,East,2,14.99,29.98,20.24
2025-01-07,Office Chair,Furniture,West,4,290.49,1161.96,628.2
2025-01-07,Sticky Notes,Stationery,East,6,2.28,13.68,8.03
2025-01-07,Coffee Mug,Home & Kitchen,East,5,24.49,122.45,61.28
2025-01-07,Wireless Mouse,Electronics,East,1,97.36,97.36,65.45
2025-01-07,Mechanical Keyboard,Electronics,North,7,47.8,334.6,199.84
2025-01-07,Coffee Mug,Home & Kitchen,West,3,15.26,45.78,30.14
2025-01-07,USB-C Hub,Electronics,West,4,92.98,371.92,247.17
2025-01-07,Coffee Mug,Home & Kitchen,South,6,18.57,111.42,60.05
2025-01-08,Notebook Set,Stationery,West,6,14.22,85.32,56.92
2025-01-08,Sticky Notes,Stationery,South,8,12.91,103.28,71.76
2025-01-08,USB-C Hub,Electronics,East,1,98.59,98.59,55.68
2025-01-08,Notebook Set,Stationery,North,2,11.11,22.22,15.39
2025-01-08,USB-C Hub,Electronics,East,7,115.18,806.26,419.19
2025-01-08,Water Bottle,Home & Kitchen,West,8,8.01,64.08,33.46
2025-01-08,USB-C Hub,Electronics,West,8,25.77,206.16,120.0
2025-01-08,Standing Desk,Furniture,South,8,269.0,2152.0,1166.67
2025-01-08,Sticky Notes,Stationery,North,8,7.17,57.36,30.61
2025-01-08,Ballpoint Pens (Pack),Stationery,North,3,14.36,43.08,30.02
2025-01-08,Office Chair,Furniture,Central,2,149.6,299.2,157.15
2025-01-08,Notebook Set,Stationery,North,5,13.59,67.95,42.85
2025-01-08,Water Bottle,Home & Kitchen,South,7,15.05,105.35,69.44
2025-01-08,Desk Lamp,Furniture,North,3,78.75,236.25,159.27
2025-01-08,Ballpoint Pens (Pack),Stationery,South,2,12.02,24.04,15.93
2025-01-08,Notebook Set,Stationery,West,8,5.72,45.76,25.02
2025-01-08,Water Bottle,Home & Kitchen,South,5,26.97,134.85,93.8
2025-01-08,Standing Desk,Furniture,South,6,108.33,649.98,443.74
2025-01-09,Ballpoint Pens (Pack),Stationery,Central,1,5.12,5.12,2.59
2025-01-09,Desk Lamp,Furniture,West,4,124.84,499.36,305.4
2025-01-09,Water Bottle,Home & Kitchen,Central,7,16.99,118.93,66.96
2025-01-09,Wireless Mouse,Electronics,West,1,119.25,119.25,68.31
2025-01-09,USB-C Hub,Electronics,Central,6,18.79,112.74,62.89
2025-01-09,USB-C Hub,Electronics,South,6,112.48,674.88,411.16
2025-01-09,Notebook Set,Stationery,South,6,13.37,80.22,47.02
2025-01-09,Wireless Mouse,Electronics,West,3,50.15,150.45,98.13
2025-01-09,Coffee Mug,Home & Kitchen,West,6,19.46,116.76,72.11
2025-01-09,Office Chair,Furniture,North,3,117.39,352.17,237.23
2025-01-09,Sticky Notes,Stationery,North,2,10.94,21.88,15.04
2025-01-10,Notebook Set,Stationery,North,7,6.16,43.12,28.5
2025-01-10,Notebook Set,Stationery,East,4,13.01,52.04,35.42
2025-01-10,Ballpoint Pens (Pack),Stationery,North,2,5.51,11.02,5.88
2025-01-10,Ballpoint Pens (Pack),Stationery,North,5,9.81,49.05,26.99
2025-01-10,Ballpoint Pens (Pack),Stationery,East,2,8.7,17.4,11.92
2025-01-10,Office Chair,Furniture,North,1,65.25,65.25,40.56
2025-01-10,Wireless Mouse,Electronics,East,1,72.38,72.38,48.34
2025-01-10,Desk Lamp,Furniture,North,2,319.02,638.04,409.65
2025-01-10,Desk Lamp,Furniture,Central,7,231.48,1620.36,844.42
2025-01-10,Office Chair,Furniture,North,2,180.3,360.6,190.19
2025-01-10,Water Bottle,Home & Kitchen,North,3,29.18,87.54,58.29
2025-01-10,Standing Desk,Furniture,South,2,258.77,517.54,348.2
2025-01-10,Notebook Set,Stationery,South,1,10.08,10.08,6.62
2025-01-10,Standing Desk,Furniture,Central,6,305.7,1834.2,971.63
2025-01-10,Office Chair,Furniture,South,2,135.32,270.64,172.5
2025-01-10,Ballpoint Pens (Pack),Stationery,North,7,13.19,92.33,47.95
2025-01-10,Wireless Mouse,Electronics,East,6,104.18,625.08,406.78
2025-01-10,Standing Desk,Furniture,North,7,71.44,500.08,320.7
2025-01-10,Coffee Mug,Home & Kitchen,East,4,12.97,51.88,30.84
2025-01-10,USB-C Hub,Electronics,East,8,55.48,443.84,241.23
2025-01-10,Coffee Mug,Home & Kitchen,East,6,19.09,114.54,57.58
2025-01-10,Desk Lamp,Furniture,Central,4,150.56,602.24,345.56
2025-01-10,Water Bottle,Home & Kitchen,East,3,20.42,61.26,42.0
2025-01-11,Mechanical Keyboard,Electronics,Central,3,16.59,49.77,26.65
2025-01-11,Water Bottle,Home & Kitchen,Central,7,11.59,81.13,44.46
2025-01-11,Sticky Notes,Stationery,South,2,5.0,10.0,6.06
2025-01-11,Coffee Mug,Home & Kitchen,Central,6,20.34,122.04,79.29
2025-01-11,Wireless Mouse,Electronics,South,3,108.87,326.61,207.59
2025-01-11,Wireless Mouse,Electronics,West,3,74.22,222.66,128.54
2025-01-11,Coffee Mug,Home & Kitchen,East,5,14.11,70.55,49.3
2025-01-12,Water Bottle,Home & Kitchen,East,4,28.9,115.6,74.82
2025-01-12,Mechanical Keyboard,Electronics,Central,7,102.99,720.93,452.33
2025-01-12,Notebook Set,Stationery,West,8,8.27,66.16,43.02
2025-01-12,Mechanical Keyboard,Electronics,North,1,46.0,46.0,27.31
2025-01-12,Sticky Notes,Stationery,South,7,9.1,63.7,37.91
2025-01-12,Coffee Mug,Home & Kitchen,East,4,11.13,44.52,25.15
2025-01-12,Coffee Mug,Home & Kitchen,South,3,18.84,56.52,33.36
2025-01-12,USB-C Hub,Electronics,West,8,41.49,331.92,173.04
2025-01-12,Sticky Notes,Stationery,Central,6,14.03,84.18,49.36
2025-01-12,Wireless Mouse,Electronics,South,7,34.91,244.37,148.29
2025-01-12,Sticky Notes,Stationery,Central,5,11.86,59.3,33.03
2025-01-12,Desk Lamp,Furniture,Central,4,205.86,823.44,489.91
2025-01-12,Notebook Set,Stationery,Central,4,6.42,25.68,16.12
2025-01-12,USB-C Hub,Electronics,East,5,57.77,288.85,171.82
2025-01-12,Standing Desk,Furniture,West,8,212.35,1698.8,1108.2
2025-01-13,Sticky Notes,Stationery,West,4,3.02,12.08,7.43
2025-01-13,Coffee Mug,Home & Kitchen,East,6,9.42,56.52,36.31
2025-01-13,Desk Lamp,Furniture,West,3,243.44,730.32,455.54
2025-01-13,Ballpoint Pens (Pack),Stationery,South,8,7.21,57.68,39.4
2025-01-13,Coffee Mug,Home & Kitchen,West,6,27.31,163.86,104.18
2025-01-13,Coffee Mug,Home & Kitchen,North,8,25.47,203.76,102.71
2025-01-13,Sticky Notes,Stationery,North,1,5.32,5.32,3.09
2025-01-13,Notebook Set,Stationery,Central,1,6.18,6.18,3.51
2025-01-13,Standing Desk,Furniture,Central,1,175.29,175.29,111.16
2025-01-13,Wireless Mouse,Electronics,Central,1,15.16,15.16,9.05
2025-01-13,USB-C Hub,Electronics,East,3,84.19,252.57,170.56
2025-01-13,Coffee Mug,Home & Kitchen,West,7,25.95,181.65,98.03
2025-01-13,Wireless Mouse,Electronics,East,2,62.95,125.9,67.48
2025-01-13,Office Chair,Furniture,East,4,128.15,512.6,294.55
2025-01-13,Ballpoint Pens (Pack),Stationery,West,8,11.39,91.12,52.63
2025-01-13,Desk Lamp,Furniture,Central,8,119.98,959.84,604.13
2025-01-13,Ballpoint Pens (Pack),Stationery,Central,2,8.21,16.42,10.46
2025-01-14,USB-C Hub,Electronics,Central,1,115.33,115.33,71.42
2025-01-14,Ballpoint Pens (Pack),Stationery,East,7,7.36,51.52,34.34
2025-01-14,Standing Desk,Furniture,West,3,320.4,961.2,624.91
2025-01-14,USB-C Hub,Electronics,East,4,53.67,214.68,149.83
2025-01-14,Wireless Mouse,Electronics,South,3,51.57,154.71,95.08
2025-01-14,USB-C Hub,Electronics,East,6,70.86,425.16,239.81
2025-01-14,Wireless Mouse,Electronics,West,2,93.34,186.68,117.7
2025-01-14,Standing Desk,Furniture,West,7,270.55,1893.85,974.19
2025-01-14,Water Bottle,Home & Kitchen,West,2,12.5,25.0,14.52
2025-01-14,Office Chair,Furniture,North,7,339.0,2373.0,1327.98
2025-01-14,Office Chair,Furniture,Central,1,78.45,78.45,53.17
2025-01-14,Notebook Set,Stationery,South,1,7.07,7.07,3.7
2025-01-14,Wireless Mouse,Electronics,East,2,55.83,111.66,77.38
2025-01-14,Water Bottle,Home & Kitchen,North,5,24.3,121.5,69.59
2025-01-14,Office Chair,Furniture,West,4,165.82,663.28,449.28
2025-01-14,Coffee Mug,Home & Kitchen,East,7,15.93,111.51,67.28
2025-01-14,Coffee Mug,Home & Kitchen,North,8,21.31,170.48,106.0
2025-01-14,Coffee Mug,Home & Kitchen,North,6,28.7,172.2,86.43
2025-01-14,Water Bottle,Home & Kitchen,South,4,29.57,118.28,68.39
2025-01-14,Coffee Mug,Home & Kitchen,South,8,13.49,107.92,70.32
2025-01-14,Sticky Notes,Stationery,East,2,11.01,22.02,15.37
2025-01-14,Sticky Notes,Stationery,East,3,2.82,8.46,5.58
2025-01-14,Mechanical Keyboard,Electronics,West,7,84.98,594.86,315.89
2025-01-15,Desk Lamp,Furniture,East,3,153.72,461.16,321.73
2025-01-15,Notebook Set,Stationery,South,1,3.92,3.92,2.52
2025-01-15,Coffee Mug,Home & Kitchen,South,4,19.6,78.4,47.01
2025-01-15,Desk Lamp,Furniture,South,6,233.6,1401.6,744.71
2025-01-15,Sticky Notes,Stationery,East,8,6.68,53.44,34.04
2025-01-15,Sticky Notes,Stationery,South,2,3.6,7.2,4.11
2025-01-15,Water Bottle,Home & Kitchen,North,1,14.83,14.83,10.19
2025-01-15,Desk Lamp,Furniture,North,6,248.65,1491.9,746.4
2025-01-15,Water Bottle,Home & Kitchen,Central,7,13.58,95.06,55.8
2025-01-15,Coffee Mug,Home & Kitchen,South,8,17.39,139.12,74.95
2025-01-15,Notebook Set,Stationery,East,7,4.85,33.95,19.99
2025-01-15,Standing Desk,Furniture,Central,7,117.6,823.2,435.95
2025-01-16,Notebook Set,Stationery,South,2,2.01,4.02,2.24
2025-01-16,Sticky Notes,Stationery,West,4,6.2,24.8,15.38
2025-01-16,Wireless Mouse,Electronics,East,1,41.51,41.51,27.93
2025-01-16,Water Bottle,Home & Kitchen,Central,7,20.92,146.44,86.43
2025-01-16,Notebook Set,Stationery,West,1,14.17,14.17,8.8
2025-01-16,Mechanical Keyboard,Electronics,West,5,65.89,329.45,205.18
2025-01-16,Water Bottle,Home & Kitchen,Central,6,21.1,126.6,80.52
2025-01-16,Water Bottle,Home & Kitchen,East,8,19.77,158.16,109.42
2025-01-16,Standing Desk,Furniture,Central,7,186.19,1303.33,740.02
2025-01-16,Standing Desk,Furniture,West,8,128.73,1029.84,560.7
2025-01-16,Standing Desk,Furniture,Central,8,171.21,1369.68,936.16
2025-01-17,Mechanical Keyboard,Electronics,Central,8,49.87,398.96,277.15
2025-01-17,USB-C Hub,Electronics,South,1,82.12,82.12,46.31
2025-01-17,Desk Lamp,Furniture,North,8,153.4,1227.2,792.61
2025-01-17,Mechanical Keyboard,Electronics,Central,4,44.11,176.44,111.43
2025-01-17,Ballpoint Pens (Pack),Stationery,North,3,14.19,42.57,27.88
2025-01-17,Notebook Set,Stationery,East,4,4.53,18.12,11.28
2025-01-17,Ballpoint Pens (Pack),Stationery,East,1,4.03,4.03,2.58
2025-01-18,Coffee Mug,Home & Kitchen,West,1,15.15,15.15,9.0
2025-01-18,Water Bottle,Home & Kitchen,Central,3,18.23,54.69,37.62
2025-01-18,Office Chair,Furniture,North,8,228.5,1828.0,1231.21
2025-01-18,Notebook Set,Stationery,West,1,14.94,14.94,8.44
2025-01-18,Desk Lamp,Furniture,North,1,144.78,144.78,85.24
2025-01-18,USB-C Hub,Electronics,Central,7,31.49,220.43,144.31
2025-01-18,Wireless Mouse,Electronics,North,1,112.55,112.55,59.6
2025-01-18,Desk Lamp,Furniture,South,8,160.23,1281.84,800.16
2025-01-19,Water Bottle,Home & Kitchen,North,6,15.03,90.18,55.62
2025-01-19,Ballpoint Pens (Pack),Stationery,South,5,3.18,15.9,10.45
2025-01-19,Sticky Notes,Stationery,West,1,5.95,5.95,3.82
2025-01-19,Office Chair,Furniture,Central,1,275.08,275.08,145.35
2025-01-20,Sticky Notes,Stationery,South,6,11.08,66.48,34.33
2025-01-20,Office Chair,Furniture,North,7,190.05,1330.35,693.58
2025-01-20,Notebook Set,Stationery,Central,4,12.76,51.04,34.35
2025-01-20,Sticky Notes,Stationery,East,4,9.24,36.96,20.61
2025-01-20,Coffee Mug,Home & Kitchen,South,5,8.06,40.3,27.29
2025-01-20,Office Chair,Furniture,Central,1,213.46,213.46,130.61
2025-01-20,Water Bottle,Home & Kitchen,Central,4,19.35,77.4,40.61
2025-01-20,Ballpoint Pens (Pack),Stationery,South,4,10.67,42.68,24.75
2025-01-20,Ballpoint Pens (Pack),Stationery,East,6,5.17,31.02,20.42
2025-01-20,Standing Desk,Furniture,North,1,276.06,276.06,164.61
2025-01-20,Water Bottle,Home & Kitchen,South,6,23.15,138.9,91.76
2025-01-20,Sticky Notes,Stationery,Central,2,6.16,12.32,7.26
2025-01-20,Office Chair,Furniture,East,8,279.26,2234.08,1137.8
2025-01-20,Wireless Mouse,Electronics,South,5,113.83,569.15,374.41
2025-01-20,Standing Desk,Furniture,Central,4,169.9,679.6,443.99
2025-01-21,Mechanical Keyboard,Electronics,North,6,81.7,490.2,308.62
2025-01-21,Wireless Mouse,Electronics,East,8,84.67,677.36,380.93
2025-01-21,Sticky Notes,Stationery,East,1,3.79,3.79,1.91
2025-01-21,Coffee Mug,Home & Kitchen,Central,1,14.77,14.77,8.1
2025-01-21,Notebook Set,Stationery,East,1,10.52,10.52,5.72
2025-01-21,Standing Desk,Furniture,West,3,148.28,444.84,288.59
2025-01-21,Ballpoint Pens (Pack),Stationery,North,4,11.92,47.68,29.97
2025-01-21,USB-C Hub,Electronics,East,5,82.92,414.6,241.05
2025-01-21,Office Chair,Furniture,Central,1,271.59,271.59,185.07
2025-01-21,Sticky Notes,Stationery,North,5,11.42,57.1,34.76
2025-01-21,Notebook Set,Stationery,West,3,2.13,6.39,3.33
2025-01-21,Ballpoint Pens (Pack),Stationery,North,8,2.18,17.44,12.1
2025-01-22,Notebook Set,Stationery,West,2,13.15,26.3,15.15
2025-01-22,Mechanical Keyboard,Electronics,South,2,53.31,106.62,62.03
2025-01-22,USB-C Hub,Electronics,East,8,39.32,314.56,165.28
2025-01-22,Notebook Set,Stationery,Central,8,4.1,32.8,22.21
2025-01-22,Desk Lamp,Furniture,West,5,165.52,827.6,520.98
2025-01-22,Coffee Mug,Home & Kitchen,West,2,24.69,49.38,32.33
2025-01-22,Mechanical Keyboard,Electronics,West,1,108.85,108.85,60.2
2025-01-22,Standing Desk,Furniture,West,2,156.56,313.12,163.12
2025-01-22,USB-C Hub,Electronics,West,5,44.81,224.05,118.45
2025-01-22,Notebook Set,Stationery,Central,5,3.12,15.6,9.59
2025-01-22,Mechanical Keyboard,Electronics,South,8,73.56,588.48,310.13
2025-01-22,Coffee Mug,Home & Kitchen,South,4,24.19,96.76,54.43
2025-01-22,USB-C Hub,Electronics,West,7,15.26,106.82,60.05
2025-01-22,Standing Desk,Furniture,East,1,186.25,186.25,103.64
2025-01-22,Desk Lamp,Furniture,East,6,221.53,1329.18,855.96
2025-01-22,Mechanical Keyboard,Electronics,South,5,113.58,567.9,284.96
2025-01-22,Water Bottle,Home & Kitchen,East,5,25.0,125.0,84.16
2025-01-22,Desk Lamp,Furniture,North,6,216.94,1301.64,722.12
2025-01-22,Sticky Notes,Stationery,South,1,3.97,3.97,2.23
2025-01-22,Water Bottle,Home & Kitchen,South,4,13.46,53.84,31.3
2025-01-22,USB-C Hub,Electronics,West,4,40.6,162.4,104.62
2025-01-23,Ballpoint Pens (Pack),Stationery,East,7,8.59,60.13,31.55
2025-01-23,Water Bottle,Home & Kitchen,East,7,24.56,171.92,106.03
2025-01-23,USB-C Hub,Electronics,Central,5,43.19,215.95,129.09
2025-01-23,Water Bottle,Home & Kitchen,West,3,16.87,50.61,30.41
2025-01-23,Coffee Mug,Home & Kitchen,North,6,22.22,133.32,72.24
2025-01-23,USB-C Hub,Electronics,North,4,22.94,91.76,61.93
2025-01-23,Ballpoint Pens (Pack),Stationery,West,1,13.9,13.9,8.43
2025-01-23,Office Chair,Furniture,South,2,290.69,581.38,301.83
2025-01-23,Wireless Mouse,Electronics,North,7,57.3,401.1,211.39
2025-01-23,Wireless Mouse,Electronics,North,4,67.58,270.32,182.38
2025-01-23,Office Chair,Furniture,North,2,284.72,569.44,339.84
2025-01-24,Mechanical Keyboard,Electronics,East,8,40.84,326.72,168.88
2025-01-24,Water Bottle,Home & Kitchen,West,7,23.75,166.25,94.87
2025-01-24,Standing Desk,Furniture,West,1,179.02,179.02,94.65
2025-01-24,Ballpoint Pens (Pack),Stationery,Central,3,6.38,19.14,11.68
2025-01-24,USB-C Hub,Electronics,West,2,113.99,227.98,119.71
2025-01-24,Wireless Mouse,Electronics,Central,5,18.48,92.4,56.95
2025-01-24,Water Bottle,Home & Kitchen,North,7,8.82,61.74,43.2
2025-01-24,Ballpoint Pens (Pack),Stationery,East,3,7.14,21.42,10.92
2025-01-24,Sticky Notes,Stationery,South,7,9.24,64.68,44.41
2025-01-24,Mechanical Keyboard,Electronics,East,1,61.47,61.47,39.17
2025-01-24,Ballpoint Pens (Pack),Stationery,North,5,4.54,22.7,15.41
2025-01-24,USB-C Hub,Electronics,North,1,50.84,50.84,33.51
2025-01-24,Ballpoint Pens (Pack),Stationery,North,3,8.4,25.2,14.24
2025-01-24,Water Bottle,Home & Kitchen,West,3,10.58,31.74,17.97
2025-01-24,USB-C Hub,Electronics,South,4,33.16,132.64,86.77
2025-01-24,Standing Desk,Furniture,North,2,254.52,509.04,351.31
2025-01-24,Standing Desk,Furniture,West,6,245.86,1475.16,829.42
2025-01-24,Coffee Mug,Home & Kitchen,East,8,26.29,210.32,129.3
2025-01-24,Standing Desk,Furniture,West,4,346.23,1384.92,925.76
2025-01-24,Desk Lamp,Furniture,East,1,326.25,326.25,186.67
2025-01-24,Wireless Mouse,Electronics,West,8,116.78,934.24,550.04
2025-01-25,USB-C Hub,Electronics,North,2,98.33,196.66,98.42
2025-01-25,Office Chair,Furniture,South,4,279.64,1118.56,618.48
2025-01-25,Mechanical Keyboard,Electronics,North,2,47.8,95.6,66.71
2025-01-25,Office Chair,Furniture,East,3,331.42,994.26,690.37
2025-01-25,Wireless Mouse,Electronics,Central,4,23.11,92.44,53.59
2025-01-25,Office Chair,Furniture,South,2,144.92,289.84,155.95
2025-01-25,Wireless Mouse,Electronics,North,8,24.0,192.0,108.15
2025-01-25,Standing Desk,Furniture,North,6,235.08,1410.48,861.54
2025-01-25,Coffee Mug,Home & Kitchen,North,1,24.97,24.97,16.47
2025-01-25,Office Chair,Furniture,East,3,349.35,1048.05,622.93
2025-01-25,Notebook Set,Stationery,South,6,10.48,62.88,40.3
2025-01-25,Sticky Notes,Stationery,West,8,7.38,59.04,29.78
2025-01-25,Standing Desk,Furniture,Central,3,166.24,498.72,257.45
2025-01-25,Standing Desk,Furniture,Central,1,84.78,84.78,54.49
2025-01-25,Water Bottle,Home & Kitchen,Central,8,16.66,133.28,69.89
2025-01-26,Sticky Notes,Stationery,West,2,13.2,26.4,18.33
2025-01-26,Desk Lamp,Furniture,North,2,107.12,214.24,137.19
2025-01-26,Sticky Notes,Stationery,East,6,7.71,46.26,29.35
2025-01-26,Office Chair,Furniture,West,2,196.29,392.58,203.55
2025-01-26,Wireless Mouse,Electronics,West,7,77.7,543.9,330.99
2025-01-26,Ballpoint Pens (Pack),Stationery,North,4,10.44,41.76,28.67
2025-01-26,Notebook Set,Stationery,North,8,10.45,83.6,43.53
2025-01-26,USB-C Hub,Electronics,West,4,70.89,283.56,188.75
2025-01-26,Mechanical Keyboard,Electronics,West,3,18.11,54.33,31.05
2025-01-26,Notebook Set,Stationery,East,1,10.65,10.65,7.31
2025-01-26,Desk Lamp,Furniture,East,3,269.61,808.83,493.86
2025-01-26,USB-C Hub,Electronics,East,2,27.91,55.82,29.84
2025-01-26,Water Bottle,Home & Kitchen,North,2,14.42,28.84,16.7
2025-01-27,Notebook Set,Stationery,South,5,3.65,18.25,9.35
2025-01-27,Notebook Set,Stationery,East,3,7.5,22.5,13.05
2025-01-27,Office Chair,Furniture,Central,6,263.49,1580.94,1081.16
2025-01-27,Notebook Set,Stationery,West,6,8.44,50.64,28.61
2025-01-27,Office Chair,Furniture,North,7,138.4,968.8,490.94
2025-01-27,Desk Lamp,Furniture,East,2,315.68,631.36,398.17
2025-01-27,Office Chair,Furniture,East,7,289.03,2023.21,1016.41
2025-01-27,Ballpoint Pens (Pack),Stationery,Central,1,9.5,9.5,5.36
2025-01-27,Notebook Set,Stationery,North,2,4.96,9.92,5.17
2025-01-27,Water Bottle,Home & Kitchen,East,5,13.29,66.45,36.78
2025-01-27,Office Chair,Furniture,East,8,280.13,2241.04,1311.71
2025-01-27,Desk Lamp,Furniture,South,6,82.19,493.14,325.18
2025-01-27,Desk Lamp,Furniture,North,5,290.6,1453.0,991.51
2025-01-27,Mechanical Keyboard,Electronics,Central,6,80.24,481.44,242.44
2025-01-27,Coffee Mug,Home & Kitchen,East,3,28.64,85.92,43.52
2025-01-28,Desk Lamp,Furniture,West,3,213.88,641.64,371.92
2025-01-28,Wireless Mouse,Electronics,West,4,92.81,371.24,191.33
2025-01-28,Water Bottle,Home & Kitchen,North,2,23.18,46.36,29.89
2025-01-28,Water Bottle,Home & Kitchen,West,3,21.45,64.35,38.75
2025-01-28,Sticky Notes,Stationery,North,7,11.91,83.37,52.82
2025-01-28,Mechanical Keyboard,Electronics,West,6,78.28,469.68,249.89
2025-01-28,Office Chair,Furniture,North,3,200.95,602.85,384.63
2025-01-28,Office Chair,Furniture,Central,6,318.66,1911.96,1132.07
2025-01-28,Mechanical Keyboard,Electronics,East,2,34.9,69.8,37.53
2025-01-28,Office Chair,Furniture,East,8,202.12,1616.96,841.22
2025-01-28,Standing Desk,Furniture,South,1,113.69,113.69,67.79
2025-01-28,Mechanical Keyboard,Electronics,East,8,21.88,175.04,121.74
2025-01-28,Water Bottle,Home & Kitchen,East,3,28.95,86.85,59.12
2025-01-28,Wireless Mouse,Electronics,Central,6,52.68,316.08,196.46
2025-01-28,Coffee Mug,Home & Kitchen,South,7,18.13,126.91,72.29
2025-01-28,USB-C Hub,Electronics,South,2,59.34,118.68,62.87
2025-01-28,Office Chair,Furniture,East,2,317.56,635.12,324.0
2025-01-28,Wireless Mouse,Electronics,West,6,34.71,208.26,114.97
2025-01-28,Coffee Mug,Home & Kitchen,East,5,11.07,55.35,35.75
2025-01-29,USB-C Hub,Electronics,South,3,110.17,330.51,186.52
2025-01-29,Ballpoint Pens (Pack),Stationery,North,5,3.36,16.8,11.71
2025-01-29,Desk Lamp,Furniture,Central,8,119.48,955.84,659.5
2025-01-29,Mechanical Keyboard,Electronics,West,3,29.76,89.28,59.1
2025-01-29,Office Chair,Furniture,West,2,241.13,482.26,293.55
2025-01-29,Standing Desk,Furniture,Central,4,117.23,468.92,275.51
2025-01-29,Office Chair,Furniture,Central,2,289.96,579.92,356.63
2025-01-29,Notebook Set,Stationery,South,5,2.41,12.05,8.15
2025-01-29,Wireless Mouse,Electronics,North,6,110.95,665.7,401.92
2025-01-29,Office Chair,Furniture,East,2,285.93,571.86,306.43
2025-01-29,Water Bottle,Home & Kitchen,South,6,19.77,118.62,70.99
2025-01-29,Coffee Mug,Home & Kitchen,Central,3,12.82,38.46,19.77
2025-01-29,Desk Lamp,Furniture,West,5,316.43,1582.15,1026.34
2025-01-30,Ballpoint Pens (Pack),Stationery,North,7,8.41,58.87,37.24
2025-01-30,Notebook Set,Stationery,South,4,14.83,59.32,37.93
2025-01-30,Mechanical Keyboard,Electronics,Central,6,50.38,302.28,195.06
2025-01-30,Office Chair,Furniture,East,1,202.94,202.94,132.88
2025-01-30,Office Chair,Furniture,West,4,88.28,353.12,180.15
2025-01-30,Wireless Mouse,Electronics,East,6,69.32,415.92,223.14
2025-01-30,Standing Desk,Furniture,West,5,185.16,925.8,490.2
2025-01-30,Desk Lamp,Furniture,North,7,302.0,2114.0,1198.76
2025-01-30,Office Chair,Furniture,West,8,94.7,757.6,402.88
2025-01-30,Wireless Mouse,Electronics,Central,6,65.05,390.3,213.43
2025-01-30,Desk Lamp,Furniture,North,2,278.52,557.04,338.64
2025-01-31,Standing Desk,Furniture,East,6,335.92,2015.52,1288.73
2025-01-31,Sticky Notes,Stationery,North,8,2.44,19.52,9.98
2025-01-31,Water Bottle,Home & Kitchen,East,2,22.65,45.3,26.45
2025-01-31,Standing Desk,Furniture,North,3,271.51,814.53,505.24
2025-01-31,Coffee Mug,Home & Kitchen,South,1,13.66,13.66,8.54
2025-01-31,Standing Desk,Furniture,North,6,216.26,1297.56,796.94
2025-01-31,Standing Desk,Furniture,East,7,210.55,1473.85,748.77
2025-01-31,Standing Desk,Furniture,North,1,179.58,179.58,106.38
2025-01-31,Sticky Notes,Stationery,South,5,7.73,38.65,22.47
2025-01-31,Standing Desk,Furniture,Central,3,174.93,524.79,268.75
2025-01-31,Office Chair,Furniture,Central,1,234.71,234.71,141.16
2025-01-31,USB-C Hub,Electronics,North,7,52.05,364.35,190.74
2025-02-01,Coffee Mug,Home & Kitchen,East,1,17.66,17.66,11.79
2025-02-01,Mechanical Keyboard,Electronics,West,5,22.47,112.35,67.05
2025-02-01,Water Bottle,Home & Kitchen,West,4,8.88,35.52,24.6
2025-02-01,Office Chair,Furniture,South,4,192.98,771.92,433.4
2025-02-01,Notebook Set,Stationery,North,7,5.61,39.27,21.86
2025-02-01,Water Bottle,Home & Kitchen,Central,3,19.93,59.79,32.11
2025-02-01,Mechanical Keyboard,Electronics,North,4,105.71,422.84,268.99
2025-02-01,Ballpoint Pens (Pack),Stationery,Central,3,11.32,33.96,17.61
2025-02-02,Standing Desk,Furniture,East,5,61.44,307.2,205.87
2025-02-02,Sticky Notes,Stationery,East,7,9.54,66.78,37.25
2025-02-02,Sticky Notes,Stationery,West,1,5.17,5.17,3.25
2025-02-03,Ballpoint Pens (Pack),Stationery,West,5,4.68,23.4,13.21
2025-02-03,Standing Desk,Furniture,South,6,88.89,533.34,280.2
2025-02-03,Sticky Notes,Stationery,Central,8,7.95,63.6,43.89
2025-02-03,Wireless Mouse,Electronics,Central,2,76.77,153.54,102.52
2025-02-03,USB-C Hub,Electronics,East,4,26.89,107.56,72.0
2025-02-03,Sticky Notes,Stationery,East,7,9.48,66.36,38.15
2025-02-03,Water Bottle,Home & Kitchen,West,4,26.13,104.52,60.95
2025-02-03,Wireless Mouse,Electronics,East,5,97.44,487.2,254.41
2025-02-03,Wireless Mouse,Electronics,East,8,103.82,830.56,475.94
2025-02-03,Wireless Mouse,Electronics,North,6,53.7,322.2,214.63
2025-02-03,Coffee Mug,Home & Kitchen,Central,6,29.85,179.1,97.3
2025-02-03,Standing Desk,Furniture,East,5,272.44,1362.2,787.45
2025-02-03,Water Bottle,Home & Kitchen,West,4,12.04,48.16,30.91
2025-02-03,Desk Lamp,Furniture,North,6,286.3,1717.8,1177.91
2025-02-04,Ballpoint Pens (Pack),Stationery,South,3,10.74,32.22,19.32
2025-02-04,Sticky Notes,Stationery,Central,5,11.56,57.8,33.83
2025-02-04,Notebook Set,Stationery,North,4,9.93,39.72,24.91
2025-02-04,Ballpoint Pens (Pack),Stationery,West,5,13.76,68.8,45.74
2025-02-04,Standing Desk,Furniture,South,6,338.55,2031.3,1057.34
2025-02-04,Desk Lamp,Furniture,South,8,286.47,2291.76,1273.39
2025-02-04,Mechanical Keyboard,Electronics,West,5,74.25,371.25,236.14
2025-02-04,Coffee Mug,Home & Kitchen,East,1,15.55,15.55,8.32
2025-02-04,Wireless Mouse,Electronics,North,7,78.68,550.76,328.29
2025-02-04,Sticky Notes,Stationery,South,4,2.27,9.08,4.93
2025-02-04,Standing Desk,Furniture,Central,1,334.61,334.61,222.93
2025-02-04,Notebook Set,Stationery,Central,3,5.66,16.98,8.8
2025-02-04,Notebook Set,Stationery,Central,6,3.53,21.18,13.01
2025-02-04,Standing Desk,Furniture,West,5,79.77,398.85,236.29
2025-02-04,Coffee Mug,Home & Kitchen,North,5,29.5,147.5,93.03
2025-02-04,Wireless Mouse,Electronics,South,4,74.1,296.4,183.93
2025-02-04,Notebook Set,Stationery,West,7,4.82,33.74,18.83
2025-02-04,Office Chair,Furniture,Central,4,163.6,654.4,457.75
2025-02-04,USB-C Hub,Electronics,Central,5,55.42,277.1,169.03
2025-02-05,Desk Lamp,Furniture,North,4,344.53,1378.12,906.9
2025-02-05,Water Bottle,Home & Kitchen,North,8,15.87,126.96,87.57
2025-02-05,Desk Lamp,Furniture,East,4,188.62,754.48,504.28
2025-02-05,Water Bottle,Home & Kitchen,East,4,23.81,95.24,62.14
2025-02-05,Ballpoint Pens (Pack),Stationery,Central,4,8.84,35.36,23.77
2025-02-05,Mechanical Keyboard,Electronics,South,7,61.46,430.22,261.43
2025-02-05,Coffee Mug,Home & Kitchen,North,1,26.85,26.85,14.31
2025-02-05,Notebook Set,Stationery,Central,7,5.66,39.62,23.66
2025-02-05,Mechanical Keyboard,Electronics,Central,1,29.78,29.78,14.94
2025-02-05,Mechanical Keyboard,Electronics,Central,2,29.14,58.28,32.04
2025-02-05,Wireless Mouse,Electronics,South,7,53.26,372.82,202.96
2025-02-05,Desk Lamp,Furniture,East,1,120.76,120.76,62.3
2025-02-05,Mechanical Keyboard,Electronics,East,5,53.78,268.9,178.15
2025-02-05,Ballpoint Pens (Pack),Stationery,North,1,14.83,14.83,8.23
2025-02-06,Office Chair,Furniture,North,8,335.96,2687.68,1347.5
2025-02-06,Mechanical Keyboard,Electronics,West,4,62.58,250.32,158.15
2025-02-06,Mechanical Keyboard,Electronics,North,2,84.36,168.72,86.95
2025-02-06,Sticky Notes,Stationery,Central,3,11.44,34.32,17.27
2025-02-06,Wireless Mouse,Electronics,West,2,36.92,73.84,43.22
2025-02-06,Notebook Set,Stationery,North,3,3.11,9.33,5.13
2025-02-06,Sticky Notes,Stationery,North,5,12.79,63.95,32.37
2025-02-06,Wireless Mouse,Electronics,East,6,20.52,123.12,78.99
2025-02-06,Coffee Mug,Home & Kitchen,East,7,21.21,148.47,79.89
2025-02-06,Standing Desk,Furniture,West,8,180.97,1447.76,869.36
2025-02-06,Desk Lamp,Furniture,West,3,161.48,484.44,272.22
2025-02-06,Standing Desk,Furniture,North,7,136.4,954.8,621.93
2025-02-06,Ballpoint Pens (Pack),Stationery,East,5,4.07,20.35,10.62
2025-02-06,Mechanical Keyboard,Electronics,East,2,55.18,110.36,67.71
2025-02-06,Water Bottle,Home & Kitchen,East,6,18.82,112.92,68.85
2025-02-06,Desk Lamp,Furniture,North,5,144.01,720.05,400.2
2025-02-06,USB-C Hub,Electronics,Central,5,95.4,477.0,289.07
2025-02-06,Wireless Mouse,Electronics,East,1,21.8,21.8,13.77
2025-02-06,USB-C Hub,Electronics,West,5,107.17,535.85,295.23
2025-02-06,Notebook Set,Stationery,Central,2,14.05,28.1,16.2
2025-02-06,Sticky Notes,Stationery,North,8,8.95,71.6,38.95
2025-02-06,Desk Lamp,Furniture,Central,8,330.25,2642.0,1568.04
2025-02-06,Notebook Set,Stationery,North,1,7.97,7.97,4.05
2025-02-06,Ballpoint Pens (Pack),Stationery,West,1,7.94,7.94,4.15
2025-02-07,Sticky Notes,Stationery,North,1,9.2,9.2,5.12
2025-02-07,Desk Lamp,Furniture,East,8,213.55,1708.4,1127.25
2025-02-07,Notebook Set,Stationery,West,8,11.44,91.52,49.0
2025-02-07,Office Chair,Furniture,East,2,63.1,126.2,65.9
2025-02-07,USB-C Hub,Electronics,West,3,93.26,279.78,193.26
2025-02-07,Ballpoint Pens (Pack),Stationery,East,1,3.33,3.33,1.69
2025-02-07,Coffee Mug,Home & Kitchen,Central,5,25.01,125.05,77.3
2025-02-07,Sticky Notes,Stationery,Central,1,4.15,4.15,2.74
2025-02-07,Wireless Mouse,Electronics,Central,4,58.57,234.28,124.11
2025-02-07,Ballpoint Pens (Pack),Stationery,North,2,4.19,8.38,5.29
2025-02-07,Office Chair,Furniture,West,1,167.78,167.78,113.52
2025-02-07,Mechanical Keyboard,Electronics,East,2,56.1,112.2,65.38
2025-02-07,Coffee Mug,Home & Kitchen,West,6,12.24,73.44,49.29
2025-02-07,Wireless Mouse,Electronics,South,6,40.56,243.36,128.7
2025-02-07,Wireless Mouse,Electronics,Central,3,33.67,101.01,70.59
2025-02-07,Wireless Mouse,Electronics,West,5,16.93,84.65,45.78
2025-02-08,Water Bottle,Home & Kitchen,Central,8,12.4,99.2,67.23
2025-02-08,Mechanical Keyboard,Electronics,North,1,82.17,82.17,45.8
2025-02-08,Office Chair,Furniture,Central,4,279.38,1117.52,715.56
2025-02-08,Desk Lamp,Furniture,West,1,236.67,236.67,160.35
2025-02-08,Notebook Set,Stationery,East,4,2.07,8.28,5.6
2025-02-08,Wireless Mouse,Electronics,East,4,21.06,84.24,51.84
2025-02-08,USB-C Hub,Electronics,West,7,42.6,298.2,194.9
2025-02-08,Desk Lamp,Furniture,North,2,218.17,436.34,246.83
2025-02-08,Ballpoint Pens (Pack),Stationery,South,1,6.0,6.0,3.61
2025-02-08,Sticky Notes,Stationery,East,1,4.91,4.91,3.14
2025-02-08,Sticky Notes,Stationery,East,2,2.73,5.46,2.9
2025-02-08,Ballpoint Pens (Pack),Stationery,North,2,8.16,16.32,10.69
2025-02-08,Wireless Mouse,Electronics,East,2,36.87,73.74,44.7
2025-02-08,Standing Desk,Furniture,North,1,86.85,86.85,60.24
2025-02-08,Wireless Mouse,Electronics,West,5,81.35,406.75,208.89
2025-02-08,Notebook Set,Stationery,Central,4,8.15,32.6,17.25
2025-02-09,Notebook Set,Stationery,Central,5,12.89,64.45,39.54
2025-02-09,USB-C Hub,Electronics,East,3,104.33,312.99,182.33
2025-02-09,Notebook Set,Stationery,North,8,12.57,100.56,59.88
2025-02-09,Coffee Mug,Home & Kitchen,East,2,9.53,19.06,10.38
2025-02-09,Notebook Set,Stationery,West,5,4.7,23.5,14.94
2025-02-09,Office Chair,Furniture,North,5,340.93,1704.65,1122.41
2025-02-09,Desk Lamp,Furniture,West,2,278.7,557.4,380.83
2025-02-09,Notebook Set,Stationery,South,2,9.53,19.06,12.51
2025-02-09,Office Chair,Furniture,North,3,141.55,424.65,281.37
2025-02-09,Sticky Notes,Stationery,Central,4,2.05,8.2,4.14
2025-02-09,Water Bottle,Home & Kitchen,South,8,13.39,107.12,71.45
2025-02-10,Notebook Set,Stationery,West,7,12.55,87.85,50.75
2025-02-10,USB-C Hub,Electronics,West,6,65.05,390.3,227.41
2025-02-10,Wireless Mouse,Electronics,East,4,116.95,467.8,306.37
2025-02-10,USB-C Hub,Electronics,South,4,107.71,430.84,284.11
2025-02-10,Coffee Mug,Home & Kitchen,Central,3,18.27,54.81,28.49
2025-02-10,Notebook Set,Stationery,South,2,10.13,20.26,13.49
2025-02-10,Notebook Set,Stationery,South,7,10.91,76.37,48.12
2025-02-10,Notebook Set,Stationery,Central,7,13.49,94.43,62.19
2025-02-10,Water Bottle,Home & Kitchen,Central,2,14.85,29.7,19.99
2025-02-10,Desk Lamp,Furniture,South,5,206.04,1030.2,530.57
2025-02-10,Ballpoint Pens (Pack),Stationery,Central,3,10.66,31.98,18.91
2025-02-11,Coffee Mug,Home & Kitchen,West,1,12.67,12.67,7.75
2025-02-11,Wireless Mouse,Electronics,Central,6,107.93,647.58,395.15
2025-02-11,Wireless Mouse,Electronics,East,4,35.2,140.8,96.25
2025-02-11,Ballpoint Pens (Pack),Stationery,South,7,2.91,20.37,12.99
2025-02-11,Notebook Set,Stationery,West,7,10.32,72.24,43.0
2025-02-11,Water Bottle,Home & Kitchen,East,4,8.19,32.76,20.98
2025-02-11,Ballpoint Pens (Pack),Stationery,Central,3,6.35,19.05,10.44
2025-02-11,Mechanical Keyboard,Electronics,South,7,92.17,645.19,450.72
2025-02-11,Mechanical Keyboard,Electronics,East,6,66.09,396.54,233.13
2025-02-11,Mechanical Keyboard,Electronics,East,3,117.17,351.51,244.8
2025-02-11,Standing Desk,Furniture,West,5,133.09,665.45,462.63
2025-02-12,USB-C Hub,Electronics,West,4,90.85,363.4,211.39
2025-02-12,USB-C Hub,Electronics,North,5,101.62,508.1,347.08
2025-02-12,Standing Desk,Furniture,North,2,190.22,380.44,199.11
2025-02-12,Coffee Mug,Home & Kitchen,West,6,27.87,167.22,105.82
2025-02-12,Standing Desk,Furniture,South,5,288.59,1442.95,773.03
2025-02-12,Coffee Mug,Home & Kitchen,North,8,21.55,172.4,87.71
2025-02-12,Water Bottle,Home & Kitchen,North,2,19.37,38.74,22.77
2025-02-12,Office Chair,Furniture,Central,7,212.43,1487.01,982.46
2025-02-12,Sticky Notes,Stationery,Central,7,13.46,94.22,56.55
2025-02-12,Notebook Set,Stationery,South,7,2.79,19.53,11.22
2025-02-12,Standing Desk,Furniture,Central,1,150.53,150.53,96.52
2025-02-12,Coffee Mug,Home & Kitchen,South,7,22.25,155.75,78.85
2025-02-12,Mechanical Keyboard,Electronics,South,7,58.32,408.24,251.92
2025-02-12,Notebook Set,Stationery,North,5,13.79,68.95,35.12
2025-02-12,Mechanical Keyboard,Electronics,West,7,52.34,366.38,252.27
2025-02-12,Office Chair,Furniture,North,1,316.67,316.67,166.59
2025-02-12,Ballpoint Pens (Pack),Stationery,East,3,10.41,31.23,20.08
2025-02-12,Desk Lamp,Furniture,Central,8,299.11,2392.88,1291.34
2025-02-12,Mechanical Keyboard,Electronics,West,7,54.22,379.54,193.25
2025-02-13,Ballpoint Pens (Pack),Stationery,North,7,3.53,24.71,13.41
2025-02-13,Standing Desk,Furniture,North,3,335.64,1006.92,700.56
2025-02-13,Notebook Set,Stationery,East,4,5.99,23.96,13.6
2025-02-13,Notebook Set,Stationery,East,1,5.7,5.7,3.62
2025-02-13,Standing Desk,Furniture,North,2,64.31,128.62,86.88
2025-02-13,Office Chair,Furniture,Central,8,233.86,1870.88,1053.84
2025-02-13,USB-C Hub,Electronics,North,5,90.98,454.9,299.27
2025-02-13,Sticky Notes,Stationery,South,4,7.19,28.76,18.57
2025-02-13,Wireless Mouse,Electronics,South,3,78.33,234.99,153.9
2025-02-13,Office Chair,Furniture,South,3,149.63,448.89,309.62
2025-02-13,Ballpoint Pens (Pack),Stationery,East,1,8.14,8.14,4.5
2025-02-13,Water Bottle,Home & Kitchen,West,5,25.36,126.8,83.83
2025-02-13,Office Chair,Furniture,East,2,62.95,125.9,79.55
2025-02-13,Mechanical Keyboard,Electronics,North,1,77.63,77.63,48.34
2025-02-14,USB-C Hub,Electronics,Central,4,21.93,87.72,46.08
2025-02-14,Desk Lamp,Furniture,Central,6,196.25,1177.5,792.84
2025-02-14,USB-C Hub,Electronics,East,2,15.19,30.38,15.73
2025-02-14,Sticky Notes,Stationery,East,4,13.6,54.4,28.47
2025-02-14,USB-C Hub,Electronics,South,5,36.48,182.4,116.44
2025-02-14,Sticky Notes,Stationery,North,7,14.22,99.54,56.32
2025-02-14,Water Bottle,Home & Kitchen,East,4,22.43,89.72,49.7
2025-02-14,Desk Lamp,Furniture,Central,1,120.69,120.69,64.11
2025-02-14,USB-C Hub,Electronics,North,2,98.39,196.78,136.65
2025-02-14,Sticky Notes,Stationery,North,6,14.67,88.02,47.84
2025-02-14,Ballpoint Pens (Pack),Stationery,West,1,2.37,2.37,1.36
2025-02-14,Water Bottle,Home & Kitchen,North,7,17.76,124.32,66.62
2025-02-14,Standing Desk,Furniture,South,3,191.37,574.11,356.68
2025-02-14,Wireless Mouse,Electronics,East,8,19.21,153.68,96.54
2025-02-14,Ballpoint Pens (Pack),Stationery,Central,8,11.1,88.8,55.42
2025-02-14,Coffee Mug,Home & Kitchen,West,4,14.61,58.44,32.46
2025-02-14,Mechanical Keyboard,Electronics,Central,4,118.09,472.36,289.91
2025-02-15,Sticky Notes,Stationery,South,7,2.23,15.61,10.67
2025-02-15,Mechanical Keyboard,Electronics,East,6,32.42,194.52,129.6
2025-02-15,Ballpoint Pens (Pack),Stationery,North,6,4.51,27.06,18.81
2025-02-15,Ballpoint Pens (Pack),Stationery,Central,4,10.33,41.32,23.38
2025-02-15,Notebook Set,Stationery,North,7,6.93,48.51,25.64
2025-02-15,Wireless Mouse,Electronics,North,1,33.01,33.01,20.22
2025-02-15,Sticky Notes,Stationery,West,1,10.27,10.27,5.6
2025-02-15,Water Bottle,Home & Kitchen,North,7,27.81,194.67,131.87
2025-02-15,Notebook Set,Stationery,Central,4,10.24,40.96,26.08
2025-02-15,Ballpoint Pens (Pack),Stationery,East,7,13.84,96.88,57.66
2025-02-15,Office Chair,Furniture,North,2,160.89,321.78,174.17
2025-02-15,Ballpoint Pens (Pack),Stationery,South,1,4.51,4.51,3.03
2025-02-15,Standing Desk,Furniture,East,5,291.79,1458.95,921.99
2025-02-15,Desk Lamp,Furniture,Central,7,136.18,953.26,660.77
2025-02-16,USB-C Hub,Electronics,West,8,113.83,910.64,496.94
2025-02-16,Water Bottle,Home & Kitchen,West,6,10.42,62.52,38.03
2025-02-16,Desk Lamp,Furniture,North,2,331.93,663.86,392.07
2025-02-16,Wireless Mouse,Electronics,West,6,75.8,454.8,266.48
2025-02-16,Mechanical Keyboard,Electronics,Central,7,99.63,697.41,483.81
2025-02-16,Desk Lamp,Furniture,North,5,348.49,1742.45,935.82
2025-02-16,Water Bottle,Home & Kitchen,East,6,17.22,103.32,64.93
2025-02-16,Notebook Set,Stationery,East,8,9.64,77.12,53.59
2025-02-17,Mechanical Keyboard,Electronics,North,6,15.29,91.74,60.58
2025-02-17,USB-C Hub,Electronics,South,4,20.72,82.88,53.09
2025-02-17,Mechanical Keyboard,Electronics,East,8,81.83,654.64,451.8
2025-02-17,Desk Lamp,Furniture,South,8,302.25,2418.0,1632.25
2025-02-17,Standing Desk,Furniture,South,1,265.71,265.71,155.06
2025-02-17,Coffee Mug,Home & Kitchen,South,1,15.74,15.74,8.05
2025-02-17,Mechanical Keyboard,Electronics,North,7,56.8,397.6,267.99
2025-02-17,Wireless Mouse,Electronics,East,1,43.27,43.27,29.03
2025-02-17,Ballpoint Pens (Pack),Stationery,West,7,9.48,66.36,39.06
2025-02-17,Coffee Mug,Home & Kitchen,Central,7,17.24,120.68,62.01
2025-02-17,USB-C Hub,Electronics,South,4,16.93,67.72,43.51
2025-02-17,Ballpoint Pens (Pack),Stationery,Central,3,6.53,19.59,11.88
2025-02-17,Notebook Set,Stationery,Central,7,5.3,37.1,25.52
2025-02-17,Office Chair,Furniture,North,1,187.68,187.68,124.41
2025-02-17,Coffee Mug,Home & Kitchen,East,1,25.64,25.64,13.93
2025-02-17,Ballpoint Pens (Pack),Stationery,South,2,7.8,15.6,10.82
2025-02-18,Standing Desk,Furniture,North,3,112.93,338.79,190.3
2025-02-18,Coffee Mug,Home & Kitchen,North,4,20.49,81.96,51.96
2025-02-18,USB-C Hub,Electronics,South,2,54.24,108.48,65.93
2025-02-18,Office Chair,Furniture,North,2,208.67,417.34,276.04
2025-02-18,Wireless Mouse,Electronics,North,5,109.78,548.9,305.34
2025-02-18,Standing Desk,Furniture,North,6,218.44,1310.64,713.71
2025-02-18,Standing Desk,Furniture,South,8,317.12,2536.96,1764.22
2025-02-18,Coffee Mug,Home & Kitchen,South,7,21.72,152.04,101.68
2025-02-18,Notebook Set,Stationery,North,7,13.6,95.2,53.47
2025-02-18,Mechanical Keyboard,Electronics,West,7,106.46,745.22,474.68
2025-02-18,Coffee Mug,Home & Kitchen,East,3,9.1,27.3,18.94
2025-02-19,Desk Lamp,Furniture,Central,6,141.24,847.44,533.47
2025-02-19,Ballpoint Pens (Pack),Stationery,Central,6,14.98,89.88,46.0
2025-02-19,Mechanical Keyboard,Electronics,East,2,93.37,186.74,115.39
2025-02-19,Coffee Mug,Home & Kitchen,West,3,21.94,65.82,39.07
2025-02-19,Standing Desk,Furniture,North,5,304.41,1522.05,816.17
2025-02-19,Desk Lamp,Furniture,North,1,99.52,99.52,53.98
2025-02-19,Coffee Mug,Home & Kitchen,South,3,18.42,55.26,33.5
2025-02-19,Coffee Mug,Home & Kitchen,East,3,24.36,73.08,47.38
2025-02-19,Standing Desk,Furniture,South,5,288.47,1442.35,722.38
2025-02-19,Mechanical Keyboard,Electronics,East,6,65.12,390.72,224.32
2025-02-19,Mechanical Keyboard,Electronics,South,6,118.18,709.08,383.58
2025-02-19,Desk Lamp,Furniture,North,4,130.24,520.96,345.48
2025-02-19,USB-C Hub,Electronics,South,3,44.27,132.81,81.52
2025-02-19,Ballpoint Pens (Pack),Stationery,Central,7,9.17,64.19,43.48
2025-02-19,Desk Lamp,Furniture,North,1,135.12,135.12,87.03
2025-02-19,Wireless Mouse,Electronics,East,3,79.38,238.14,126.65
2025-02-19,Notebook Set,Stationery,South,6,11.73,70.38,47.4
2025-02-20,Ballpoint Pens (Pack),Stationery,North,7,10.32,72.24,49.87
2025-02-20,Office Chair,Furniture,West,1,166.49,166.49,87.77
2025-02-20,USB-C Hub,Electronics,South,2,117.06,234.12,121.01
2025-02-20,Office Chair,Furniture,South,8,346.58,2772.64,1439.25
2025-02-20,Standing Desk,Furniture,West,8,279.56,2236.48,1429.82
2025-02-20,Notebook Set,Stationery,South,8,14.84,118.72,70.58
2025-02-20,Sticky Notes,Stationery,North,6,14.16,84.96,59.41
2025-02-21,USB-C Hub,Electronics,South,4,118.37,473.48,279.63
2025-02-21,Desk Lamp,Furniture,South,8,172.79,1382.32,734.99
2025-02-21,Desk Lamp,Furniture,West,3,104.43,313.29,169.52
2025-02-21,Standing Desk,Furniture,West,5,291.99,1459.95,944.24
2025-02-21,Mechanical Keyboard,Electronics,South,1,61.99,61.99,42.35
2025-02-21,Notebook Set,Stationery,Central,4,2.97,11.88,7.5
2025-02-21,Sticky Notes,Stationery,South,3,3.89,11.67,8.17
2025-02-21,Notebook Set,Stationery,North,5,6.85,34.25,22.6
2025-02-21,Wireless Mouse,Electronics,South,7,83.35,583.45,367.73
2025-02-21,Water Bottle,Home & Kitchen,West,3,21.5,64.5,33.2
2025-02-21,Office Chair,Furniture,East,3,218.43,655.29,327.86
2025-02-21,Sticky Notes,Stationery,Central,7,3.19,22.33,13.22
2025-02-21,Standing Desk,Furniture,Central,3,119.26,357.78,248.53
2025-02-21,Sticky Notes,Stationery,North,6,5.72,34.32,19.03
2025-02-22,Ballpoint Pens (Pack),Stationery,South,2,13.17,26.34,15.77
2025-02-22,Ballpoint Pens (Pack),Stationery,West,4,4.91,19.64,12.63
2025-02-22,Mechanical Keyboard,Electronics,Central,1,99.11,99.11,50.48
2025-02-22,Coffee Mug,Home & Kitchen,West,8,25.32,202.56,108.43
2025-02-22,Sticky Notes,Stationery,North,1,11.71,11.71,6.24
2025-02-22,Mechanical Keyboard,Electronics,South,2,27.92,55.84,31.37
2025-02-22,Wireless Mouse,Electronics,South,1,28.77,28.77,15.04
2025-02-22,Wireless Mouse,Electronics,East,3,88.84,266.52,162.28
2025-02-22,Mechanical Keyboard,Electronics,North,6,79.16,474.96,262.34
2025-02-22,Notebook Set,Stationery,East,3,7.15,21.45,13.15
2025-02-22,Wireless Mouse,Electronics,Central,6,38.65,231.9,119.17
2025-02-22,Coffee Mug,Home & Kitchen,South,6,11.43,68.58,41.74
2025-02-23,Wireless Mouse,Electronics,North,4,84.56,338.24,213.27
2025-02-23,Sticky Notes,Stationery,North,5,11.82,59.1,34.13
2025-02-23,Office Chair,Furniture,West,1,203.65,203.65,127.6
2025-02-23,Standing Desk,Furniture,East,1,225.71,225.71,150.89
2025-02-23,Office Chair,Furniture,East,4,119.97,479.88,308.11
2025-02-24,Notebook Set,Stationery,South,6,12.96,77.76,44.76
2025-02-24,Mechanical Keyboard,Electronics,West,4,18.73,74.92,51.66
2025-02-24,Mechanical Keyboard,Electronics,South,4,84.04,336.16,226.23
2025-02-24,Coffee Mug,Home & Kitchen,South,5,26.53,132.65,75.29
2025-02-24,Water Bottle,Home & Kitchen,West,7,25.5,178.5,97.29
2025-02-24,Sticky Notes,Stationery,East,8,3.32,26.56,15.96
2025-02-24,Wireless Mouse,Electronics,North,5,25.71,128.55,66.65
2025-02-24,Standing Desk,Furniture,West,4,137.72,550.88,361.55
2025-02-24,Office Chair,Furniture,Central,5,322.17,1610.85,970.01
2025-02-24,Water Bottle,Home & Kitchen,East,7,10.15,71.05,37.02
2025-02-24,Water Bottle,Home & Kitchen,Central,1,29.51,29.51,15.38
2025-02-24,Sticky Notes,Stationery,Central,1,9.72,9.72,6.35
2025-02-24,Wireless Mouse,Electronics,West,6,27.6,165.6,109.78
2025-02-24,Ballpoint Pens (Pack),Stationery,West,6,3.22,19.32,10.28
2025-02-24,USB-C Hub,Electronics,Central,5,119.12,595.6,361.88
2025-02-24,Water Bottle,Home & Kitchen,Central,8,8.08,64.64,43.25
2025-02-24,Sticky Notes,Stationery,West,2,6.98,13.96,7.62
2025-02-24,Ballpoint Pens (Pack),Stationery,West,5,3.85,19.25,12.94
2025-02-25,Ballpoint Pens (Pack),Stationery,North,8,2.84,22.72,14.0
2025-02-25,Desk Lamp,Furniture,North,1,242.16,242.16,155.9
2025-02-25,Desk Lamp,Furniture,East,8,151.39,1211.12,802.11
2025-02-25,USB-C Hub,Electronics,Central,5,36.33,181.65,91.73
2025-02-25,Sticky Notes,Stationery,South,5,3.51,17.55,11.11
2025-02-25,Ballpoint Pens (Pack),Stationery,North,3,7.72,23.16,11.85
2025-02-25,Notebook Set,Stationery,North,3,6.2,18.6,11.76
2025-02-25,Mechanical Keyboard,Electronics,South,5,93.02,465.1,235.17
2025-02-25,Coffee Mug,Home & Kitchen,East,5,8.69,43.45,25.1
2025-02-25,Ballpoint Pens (Pack),Stationery,Central,1,9.21,9.21,5.43
2025-02-25,Coffee Mug,Home & Kitchen,South,4,21.87,87.48,45.55
2025-02-25,Sticky Notes,Stationery,South,7,7.64,53.48,35.43
2025-02-25,Notebook Set,Stationery,East,7,14.25,99.75,55.06
2025-02-25,Sticky Notes,Stationery,East,7,9.22,64.54,33.02
2025-02-25,Water Bottle,Home & Kitchen,North,5,20.77,103.85,55.15
2025-02-25,Ballpoint Pens (Pack),Stationery,North,3,3.88,11.64,6.6
2025-02-25,Mechanical Keyboard,Electronics,East,4,70.51,282.04,141.65
2025-02-25,USB-C Hub,Electronics,Central,7,50.42,352.94,237.25
2025-02-25,Coffee Mug,Home & Kitchen,Central,1,25.81,25.81,16.89
2025-02-25,Wireless Mouse,Electronics,East,4,16.59,66.36,42.08
2025-02-26,Office Chair,Furniture,North,4,212.92,851.68,534.4
2025-02-26,Ballpoint Pens (Pack),Stationery,West,3,9.56,28.68,18.55
2025-02-26,Desk Lamp,Furniture,North,8,227.81,1822.48,1088.03
2025-02-26,Standing Desk,Furniture,East,5,186.58,932.9,632.44
2025-02-26,Office Chair,Furniture,Central,8,196.54,1572.32,822.78
2025-02-26,Water Bottle,Home & Kitchen,East,6,28.12,168.72,105.45
2025-02-26,Coffee Mug,Home & Kitchen,West,3,12.81,38.43,26.62
2025-02-26,Office Chair,Furniture,West,1,309.9,309.9,216.2
2025-02-26,Desk Lamp,Furniture,West,7,258.14,1806.98,999.46
2025-02-26,Water Bottle,Home & Kitchen,South,5,22.34,111.7,61.0
2025-02-26,Coffee Mug,Home & Kitchen,Central,8,21.93,175.44,102.86
2025-02-26,Desk Lamp,Furniture,North,2,62.16,124.32,68.07
2025-02-26,Office Chair,Furniture,West,5,122.36,611.8,332.56
2025-02-26,Mechanical Keyboard,Electronics,Central,5,35.24,176.2,113.32
2025-02-26,Notebook Set,Stationery,Central,3,11.63,34.89,20.11
2025-02-27,USB-C Hub,Electronics,North,8,36.52,292.16,159.46
2025-02-27,Desk Lamp,Furniture,East,2,339.61,679.22,396.33
2025-02-27,Standing Desk,Furniture,West,4,88.34,353.36,218.55
2025-02-27,Notebook Set,Stationery,West,4,2.18,8.72,5.27
2025-02-27,Coffee Mug,Home & Kitchen,East,4,22.69,90.76,53.98
2025-02-27,Mechanical Keyboard,Electronics,West,6,109.71,658.26,418.37
2025-02-27,Standing Desk,Furniture,North,1,254.59,254.59,168.36
2025-02-27,USB-C Hub,Electronics,Central,3,60.38,181.14,124.17
2025-02-27,Sticky Notes,Stationery,West,4,4.62,18.48,9.96
2025-02-27,Mechanical Keyboard,Electronics,Central,2,34.95,69.9,37.77
2025-02-27,Wireless Mouse,Electronics,East,6,15.71,94.26,61.97
2025-02-27,Office Chair,Furniture,East,2,176.53,353.06,189.59
2025-02-27,Ballpoint Pens (Pack),Stationery,South,7,13.41,93.87,55.85
2025-02-27,USB-C Hub,Electronics,South,8,100.03,800.24,455.39
2025-02-27,Office Chair,Furniture,Central,3,206.12,618.36,320.11
2025-02-27,Notebook Set,Stationery,West,2,5.18,10.36,7.07
2025-02-27,Ballpoint Pens (Pack),Stationery,Central,8,8.41,67.28,33.83
2025-02-27,USB-C Hub,Electronics,West,5,70.73,353.65,218.39
2025-02-27,Notebook Set,Stationery,West,2,5.16,10.32,5.62
2025-02-27,Water Bottle,Home & Kitchen,Central,6,29.9,179.4,117.58
2025-02-28,USB-C Hub,Electronics,South,8,82.86,662.88,364.57
2025-02-28,Desk Lamp,Furniture,South,7,271.45,1900.15,1016.33
2025-02-28,Ballpoint Pens (Pack),Stationery,South,5,13.18,65.9,38.64
2025-02-28,Water Bottle,Home & Kitchen,South,4,20.16,80.64,41.36
2025-02-28,Coffee Mug,Home & Kitchen,East,7,29.64,207.48,138.96
2025-02-28,Sticky Notes,Stationery,North,5,14.8,74.0,37.55
2025-02-28,Sticky Notes,Stationery,South,7,6.0,42.0,22.56
2025-02-28,Ballpoint Pens (Pack),Stationery,Central,7,4.88,34.16,22.53
2025-02-28,Ballpoint Pens (Pack),Stationery,West,1,4.45,4.45,2.84
2025-02-28,Water Bottle,Home & Kitchen,North,4,17.39,69.56,45.53
2025-02-28,Standing Desk,Furniture,North,7,132.79,929.53,539.99
2025-02-28,Office Chair,Furniture,South,8,301.51,2412.08,1621.22
2025-02-28,Standing Desk,Furniture,East,4,191.34,765.36,438.12
2025-02-28,USB-C Hub,Electronics,Central,5,116.28,581.4,369.9
2025-02-28,Sticky Notes,Stationery,South,8,9.35,74.8,48.75
2025-02-28,Notebook Set,Stationery,North,5,2.06,10.3,6.9
2025-02-28,Ballpoint Pens (Pack),Stationery,North,3,8.72,26.16,17.21
2025-02-28,Coffee Mug,Home & Kitchen,Central,2,29.18,58.36,34.29
2025-03-01,Notebook Set,Stationery,South,3,12.84,38.52,25.57
2025-03-01,Wireless Mouse,Electronics,East,4,66.54,266.16,176.84
2025-03-01,Wireless Mouse,Electronics,Central,7,48.48,339.36,227.59
2025-03-01,Coffee Mug,Home & Kitchen,Central,8,23.96,191.68,115.1
2025-03-01,Coffee Mug,Home & Kitchen,South,2,22.88,45.76,30.15
2025-03-01,Coffee Mug,Home & Kitchen,East,3,16.88,50.64,29.86
2025-03-01,Desk Lamp,Furniture,East,8,169.63,1357.04,942.48
2025-03-01,Water Bottle,Home & Kitchen,West,1,15.42,15.42,8.68
2025-03-01,Office Chair,Furniture,Central,5,225.95,1129.75,662.39
2025-03-01,Notebook Set,Stationery,North,7,13.2,92.4,49.78
2025-03-01,Mechanical Keyboard,Electronics,West,7,57.62,403.34,231.88
2025-03-01,Coffee Mug,Home & Kitchen,West,2,23.19,46.38,31.34
2025-03-01,Notebook Set,Stationery,Central,8,12.3,98.4,64.65
2025-03-02,Notebook Set,Stationery,Central,4,7.43,29.72,16.26
2025-03-02,Sticky Notes,Stationery,Central,3,11.16,33.48,20.68
2025-03-02,Notebook Set,Stationery,North,2,8.73,17.46,9.11
2025-03-02,Water Bottle,Home & Kitchen,North,4,17.79,71.16,40.33
2025-03-02,USB-C Hub,Electronics,West,2,110.32,220.64,148.53
2025-03-02,USB-C Hub,Electronics,Central,4,107.31,429.24,295.64
2025-03-02,Mechanical Keyboard,Electronics,South,2,98.06,196.12,130.67
2025-03-02,Coffee Mug,Home & Kitchen,Central,1,16.52,16.52,11.07
2025-03-02,Sticky Notes,Stationery,West,3,10.33,30.99,17.65
2025-03-02,Sticky Notes,Stationery,South,8,6.81,54.48,27.81
2025-03-02,Mechanical Keyboard,Electronics,South,7,66.0,462.0,264.38
2025-03-02,Coffee Mug,Home & Kitchen,South,3,16.43,49.29,26.8
2025-03-03,Mechanical Keyboard,Electronics,Central,7,64.52,451.64,298.9
2025-03-03,Wireless Mouse,Electronics,Central,5,50.12,250.6,156.6
2025-03-03,Standing Desk,Furniture,East,4,273.66,1094.64,645.15
2025-03-03,Coffee Mug,Home & Kitchen,East,2,24.86,49.72,30.04
2025-03-03,Sticky Notes,Stationery,Central,7,11.96,83.72,45.74
2025-03-03,Mechanical Keyboard,Electronics,East,2,71.62,143.24,97.38
2025-03-03,Standing Desk,Furniture,Central,1,289.09,289.09,171.03
2025-03-03,Ballpoint Pens (Pack),Stationery,South,6,3.96,23.76,12.18
2025-03-03,Coffee Mug,Home & Kitchen,East,5,14.1,70.5,36.02
2025-03-03,Desk Lamp,Furniture,North,4,330.16,1320.64,778.87
2025-03-03,USB-C Hub,Electronics,Central,1,38.98,38.98,20.39
2025-03-03,Wireless Mouse,Electronics,Central,6,71.17,427.02,244.1
2025-03-03,Mechanical Keyboard,Electronics,South,4,102.99,411.96,285.77
2025-03-03,Ballpoint Pens (Pack),Stationery,Central,8,10.79,86.32,47.39
2025-03-03,Ballpoint Pens (Pack),Stationery,West,2,7.28,14.56,9.51
2025-03-03,Sticky Notes,Stationery,West,2,4.94,9.88,5.35
2025-03-04,Sticky Notes,Stationery,North,4,11.67,46.68,26.17
2025-03-04,Coffee Mug,Home & Kitchen,Central,7,16.06,112.42,74.76
2025-03-04,Coffee Mug,Home & Kitchen,West,8,13.92,111.36,76.96
2025-03-04,Office Chair,Furniture,East,6,98.27,589.62,300.52
2025-03-04,Sticky Notes,Stationery,North,2,10.0,20.0,13.67
2025-03-04,USB-C Hub,Electronics,Central,1,111.3,111.3,63.56
2025-03-04,Notebook Set,Stationery,East,1,8.82,8.82,5.47
2025-03-04,Wireless Mouse,Electronics,North,3,107.04,321.12,212.33
2025-03-04,Wireless Mouse,Electronics,East,2,112.42,224.84,143.68
2025-03-04,USB-C Hub,Electronics,West,7,69.31,485.17,289.2
2025-03-04,Coffee Mug,Home & Kitchen,South,4,26.51,106.04,59.61
2025-03-04,USB-C Hub,Electronics,North,2,72.9,145.8,83.93
2025-03-04,Notebook Set,Stationery,South,6,2.85,17.1,10.38
2025-03-04,Mechanical Keyboard,Electronics,West,4,85.18,340.72,187.78
2025-03-04,Notebook Set,Stationery,East,6,3.66,21.96,11.25
2025-03-04,Sticky Notes,Stationery,East,7,5.38,37.66,19.4
2025-03-04,Coffee Mug,Home & Kitchen,Central,3,27.64,82.92,52.73
2025-03-04,Desk Lamp,Furniture,South,6,245.78,1474.68,948.24
2025-03-04,Notebook Set,Stationery,South,7,8.45,59.15,30.58
2025-03-04,Office Chair,Furniture,Central,5,191.84,959.2,621.36
2025-03-04,Standing Desk,Furniture,North,8,239.35,1914.8,964.47
2025-03-05,Sticky Notes,Stationery,South,5,14.14,70.7,41.26
2025-03-05,Desk Lamp,Furniture,North,3,238.88,716.64,373.89
2025-03-05,Coffee Mug,Home & Kitchen,East,8,25.39,203.12,110.99
2025-03-05,Desk Lamp,Furniture,Central,5,126.09,630.45,349.45
2025-03-05,USB-C Hub,Electronics,Central,1,87.24,87.24,46.5
2025-03-05,Office Chair,Furniture,North,6,73.87,443.22,222.95
2025-03-05,Desk Lamp,Furniture,South,1,129.57,129.57,81.17
2025-03-05,USB-C Hub,Electronics,Central,3,107.39,322.17,210.63
2025-03-05,Desk Lamp,Furniture,East,7,317.55,2222.85,1282.39
2025-03-05,Desk Lamp,Furniture,West,4,294.98,1179.92,772.35
2025-03-05,Office Chair,Furniture,North,1,161.82,161.82,92.35
2025-03-05,Ballpoint Pens (Pack),Stationery,Central,8,13.45,107.6,54.13
2025-03-05,Coffee Mug,Home & Kitchen,East,8,21.29,170.32,102.82
2025-03-05,Wireless Mouse,Electronics,North,7,100.43,703.01,424.99
2025-03-05,Notebook Set,Stationery,North,8,7.45,59.6,37.89
2025-03-05,Notebook Set,Stationery,West,1,7.82,7.82,5.17
2025-03-05,Sticky Notes,Stationery,West,6,2.69,16.14,10.88
2025-03-05,Water Bottle,Home & Kitchen,South,1,10.79,10.79,5.94
2025-03-05,Coffee Mug,Home & Kitchen,North,8,16.78,134.24,74.09
2025-03-05,Sticky Notes,Stationery,East,8,4.18,33.44,20.93
2025-03-06,Standing Desk,Furniture,East,1,128.3,128.3,87.47
2025-03-06,Water Bottle,Home & Kitchen,Central,1,24.66,24.66,14.74
2025-03-06,USB-C Hub,Electronics,Central,2,92.17,184.34,125.1
2025-03-06,Mechanical Keyboard,Electronics,West,7,84.54,591.78,378.07
2025-03-06,Office Chair,Furniture,East,3,181.89,545.67,275.56
2025-03-06,Office Chair,Furniture,North,4,61.5,246.0,165.6
2025-03-06,Office Chair,Furniture,South,2,346.86,693.72,479.33
2025-03-06,Standing Desk,Furniture,North,7,266.29,1864.03,1137.0
2025-03-06,Wireless Mouse,Electronics,East,3,73.4,220.2,119.45
2025-03-06,Standing Desk,Furniture,West,5,197.52,987.6,571.52
2025-03-06,Notebook Set,Stationery,West,4,8.91,35.64,18.34
2025-03-06,Mechanical Keyboard,Electronics,Central,2,19.13,38.26,24.19
2025-03-07,Ballpoint Pens (Pack),Stationery,Central,1,7.93,7.93,5.18
2025-03-07,Standing Desk,Furniture,West,7,216.41,1514.87,893.73
2025-03-07,Wireless Mouse,Electronics,South,4,56.84,227.36,147.8
2025-03-07,Standing Desk,Furniture,West,2,66.01,132.02,82.35
2025-03-07,Water Bottle,Home & Kitchen,South,8,14.92,119.36,64.87
2025-03-07,Wireless Mouse,Electronics,Central,1,45.35,45.35,22.9
2025-03-07,Coffee Mug,Home & Kitchen,Central,3,8.52,25.56,14.79
2025-03-07,Ballpoint Pens (Pack),Stationery,East,6,12.56,75.36,44.22
2025-03-07,Standing Desk,Furniture,North,7,100.46,703.22,466.74
2025-03-07,Water Bottle,Home & Kitchen,South,1,9.97,9.97,6.58
2025-03-08,USB-C Hub,Electronics,West,4,86.94,347.76,228.32
2025-03-08,Standing Desk,Furniture,Central,1,260.5,260.5,134.37
2025-03-08,USB-C Hub,Electronics,East,1,46.77,46.77,26.36
2025-03-08,Ballpoint Pens (Pack),Stationery,West,3,3.39,10.17,5.3
2025-03-08,Coffee Mug,Home & Kitchen,Central,2,29.98,59.96,40.78
2025-03-08,Office Chair,Furniture,East,3,104.15,312.45,197.06
2025-03-08,Mechanical Keyboard,Electronics,North,1,62.46,62.46,39.28
2025-03-08,Standing Desk,Furniture,West,5,197.07,985.35,658.2
2025-03-08,Notebook Set,Stationery,Central,6,14.7,88.2,49.7
2025-03-08,Ballpoint Pens (Pack),Stationery,West,8,4.87,38.96,22.39
2025-03-08,Notebook Set,Stationery,West,1,10.68,10.68,6.37
2025-03-08,Wireless Mouse,Electronics,North,5,86.02,430.1,298.17
2025-03-08,Water Bottle,Home & Kitchen,West,2,21.42,42.84,24.68
2025-03-08,Water Bottle,Home & Kitchen,South,3,18.81,56.43,32.02
2025-03-09,Coffee Mug,Home & Kitchen,West,2,21.39,42.78,27.42
2025-03-09,Water Bottle,Home & Kitchen,South,4,16.66,66.64,45.64
2025-03-09,Water Bottle,Home & Kitchen,Central,1,9.92,9.92,6.39
2025-03-09,Notebook Set,Stationery,West,1,4.51,4.51,2.77
2025-03-09,Wireless Mouse,Electronics,East,2,82.08,164.16,100.71
2025-03-09,Notebook Set,Stationery,South,6,14.95,89.7,52.8
2025-03-09,Water Bottle,Home & Kitchen,South,5,10.07,50.35,29.45
2025-03-09,Notebook Set,Stationery,South,2,5.77,11.54,6.71
2025-03-09,Ballpoint Pens (Pack),Stationery,East,3,7.08,21.24,11.9
2025-03-09,Ballpoint Pens (Pack),Stationery,North,3,7.47,22.41,14.39
2025-03-09,Wireless Mouse,Electronics,Central,5,51.59,257.95,153.57
2025-03-10,Office Chair,Furniture,South,2,114.3,228.6,149.44
2025-03-10,Sticky Notes,Stationery,West,7,2.09,14.63,9.14
2025-03-10,Standing Desk,Furniture,East,8,267.36,2138.88,1240.95
2025-03-10,Coffee Mug,Home & Kitchen,West,6,9.46,56.76,32.59
2025-03-10,Ballpoint Pens (Pack),Stationery,North,4,10.18,40.72,22.48
2025-03-10,Ballpoint Pens (Pack),Stationery,North,6,12.47,74.82,47.63
2025-03-10,Sticky Notes,Stationery,North,8,7.98,63.84,34.8
2025-03-10,Water Bottle,Home & Kitchen,South,2,25.01,50.02,26.98
2025-03-10,Coffee Mug,Home & Kitchen,East,3,13.63,40.89,21.48
2025-03-10,Sticky Notes,Stationery,Central,2,4.46,8.92,4.9
2025-03-10,Mechanical Keyboard,Electronics,West,7,88.52,619.64,322.05
2025-03-10,Water Bottle,Home & Kitchen,Central,2,18.17,36.34,19.79
2025-03-10,Water Bottle,Home & Kitchen,North,3,28.69,86.07,48.43
2025-03-10,Standing Desk,Furniture,East,1,99.05,99.05,58.29
2025-03-10,Ballpoint Pens (Pack),Stationery,North,6,6.4,38.4,23.82
2025-03-10,Coffee Mug,Home & Kitchen,North,8,13.55,108.4,73.98
2025-03-11,Wireless Mouse,Electronics,South,1,98.3,98.3,52.3
2025-03-11,Coffee Mug,Home & Kitchen,North,7,16.56,115.92,70.85
2025-03-11,Standing Desk,Furniture,North,3,131.08,393.24,261.22
2025-03-11,Water Bottle,Home & Kitchen,East,8,13.24,105.92,71.57
2025-03-11,Desk Lamp,Furniture,West,3,72.69,218.07,134.31
2025-03-11,Wireless Mouse,Electronics,North,1,15.73,15.73,9.3
2025-03-11,USB-C Hub,Electronics,Central,7,105.85,740.95,467.64
2025-03-11,Water Bottle,Home & Kitchen,South,1,9.55,9.55,6.66
2025-03-11,Sticky Notes,Stationery,North,7,4.16,29.12,18.0
2025-03-11,Notebook Set,Stationery,West,3,6.53,19.59,10.06
2025-03-11,Coffee Mug,Home & Kitchen,Central,1,10.79,10.79,6.98
2025-03-11,Coffee Mug,Home & Kitchen,South,5,17.0,85.0,48.15
2025-03-11,Office Chair,Furniture,East,3,173.23,519.69,326.03
2025-03-11,Sticky Notes,Stationery,West,5,3.15,15.75,10.3
2025-03-11,Office Chair,Furniture,South,6,212.1,1272.6,674.1
2025-03-11,Sticky Notes,Stationery,South,5,8.7,43.5,29.47
2025-03-11,Mechanical Keyboard,Electronics,Central,1,51.77,51.77,26.08
2025-03-11,Water Bottle,Home & Kitchen,South,7,24.68,172.76,120.27
2025-03-11,Water Bottle,Home & Kitchen,Central,5,22.49,112.45,70.89
2025-03-12,USB-C Hub,Electronics,West,2,43.86,87.72,45.11
2025-03-12,Coffee Mug,Home & Kitchen,North,8,19.35,154.8,94.0
2025-03-12,Ballpoint Pens (Pack),Stationery,East,5,13.29,66.45,40.57
2025-03-12,Sticky Notes,Stationery,West,6,14.74,88.44,47.5
2025-03-12,Wireless Mouse,Electronics,North,1,52.33,52.33,29.15
2025-03-12,Office Chair,Furniture,East,8,102.59,820.72,466.8
2025-03-12,Desk Lamp,Furniture,West,1,218.7,218.7,109.93
2025-03-12,Mechanical Keyboard,Electronics,East,2,28.41,56.82,30.54
2025-03-12,Coffee Mug,Home & Kitchen,East,8,15.59,124.72,76.63
2025-03-12,Wireless Mouse,Electronics,West,8,109.94,879.52,549.08
2025-03-12,Desk Lamp,Furniture,West,8,302.91,2423.28,1433.65
2025-03-12,Office Chair,Furniture,North,4,98.29,393.16,245.17
2025-03-12,Water Bottle,Home & Kitchen,North,1,22.1,22.1,12.41
2025-03-12,Water Bottle,Home & Kitchen,North,1,22.92,22.92,12.18
2025-03-12,Wireless Mouse,Electronics,East,8,106.94,855.52,501.8
2025-03-12,Sticky Notes,Stationery,South,8,6.68,53.44,28.2
2025-03-12,Sticky Notes,Stationery,West,6,6.68,40.08,23.46
2025-03-12,Notebook Set,Stationery,East,8,6.03,48.24,28.68
2025-03-12,Office Chair,Furniture,North,1,159.59,159.59,90.67
2025-03-13,Office Chair,Furniture,South,5,207.82,1039.1,649.79
2025-03-13,Sticky Notes,Stationery,East,5,3.54,17.7,10.17
2025-03-13,Desk Lamp,Furniture,West,4,199.89,799.56,503.52
2025-03-13,Mechanical Keyboard,Electronics,Central,2,77.01,154.02,103.36
2025-03-13,Desk Lamp,Furniture,Central,6,141.03,846.18,440.55
2025-03-13,Office Chair,Furniture,South,3,238.64,715.92,485.45
2025-03-13,Mechanical Keyboard,Electronics,North,1,105.38,105.38,62.4
2025-03-13,Office Chair,Furniture,West,1,218.2,218.2,131.78
2025-03-13,Coffee Mug,Home & Kitchen,South,8,20.62,164.96,91.43
2025-03-13,Standing Desk,Furniture,Central,4,148.67,594.68,358.8
2025-03-13,Coffee Mug,Home & Kitchen,South,7,28.3,198.1,125.41
2025-03-13,Ballpoint Pens (Pack),Stationery,West,5,10.76,53.8,28.93
2025-03-13,Coffee Mug,Home & Kitchen,West,6,26.42,158.52,102.6
2025-03-13,Water Bottle,Home & Kitchen,North,6,8.44,50.64,28.55
2025-03-13,Ballpoint Pens (Pack),Stationery,East,1,12.4,12.4,6.95
2025-03-13,Desk Lamp,Furniture,Central,6,340.87,2045.22,1175.73
2025-03-13,Mechanical Keyboard,Electronics,South,7,69.16,484.12,325.99
2025-03-13,Mechanical Keyboard,Electronics,Central,4,51.6,206.4,134.78
2025-03-13,Standing Desk,Furniture,East,3,295.16,885.48,575.41
2025-03-13,Standing Desk,Furniture,East,6,82.49,494.94,265.2
2025-03-13,Ballpoint Pens (Pack),Stationery,East,4,5.68,22.72,15.09
2025-03-13,Office Chair,Furniture,South,8,104.62,836.96,569.6
2025-03-13,Wireless Mouse,Electronics,South,2,19.67,39.34,22.72
2025-03-13,Standing Desk,Furniture,East,4,257.12,1028.48,713.03
2025-03-13,Notebook Set,Stationery,South,4,2.96,11.84,6.34
2025-03-13,Sticky Notes,Stationery,West,1,3.23,3.23,2.18
2025-03-13,Standing Desk,Furniture,South,6,87.64,525.84,303.02
2025-03-14,Sticky Notes,Stationery,East,1,10.57,10.57,5.64
2025-03-14,Wireless Mouse,Electronics,South,4,50.05,200.2,101.52
2025-03-14,Desk Lamp,Furniture,East,4,177.63,710.52,387.33
2025-03-14,Wireless Mouse,Electronics,North,5,53.38,266.9,178.59
2025-03-14,USB-C Hub,Electronics,South,5,20.41,102.05,67.25
2025-03-14,Water Bottle,Home & Kitchen,South,4,19.2,76.8,47.46
2025-03-14,Mechanical Keyboard,Electronics,Central,3,73.44,220.32,123.25
2025-03-14,Notebook Set,Stationery,Central,1,6.67,6.67,3.61
2025-03-14,Office Chair,Furniture,Central,1,342.34,342.34,197.76
2025-03-14,Coffee Mug,Home & Kitchen,East,1,8.58,8.58,5.07
2025-03-14,Desk Lamp,Furniture,North,6,303.24,1819.44,1126.33
2025-03-14,Coffee Mug,Home & Kitchen,North,7,18.93,132.51,87.17
2025-03-14,USB-C Hub,Electronics,South,4,32.77,131.08,76.01
2025-03-14,Mechanical Keyboard,Electronics,Central,2,106.08,212.16,141.97
2025-03-14,Office Chair,Furniture,West,4,82.77,331.08,221.5
2025-03-14,USB-C Hub,Electronics,North,3,72.5,217.5,132.84
2025-03-14,Water Bottle,Home & Kitchen,North,5,28.46,142.3,79.63
2025-03-14,USB-C Hub,Electronics,East,3,32.93,98.79,64.69
2025-03-15,Wireless Mouse,Electronics,North,1,25.13,25.13,15.3
2025-03-15,Water Bottle,Home & Kitchen,South,5,26.4,132.0,80.97
2025-03-15,Office Chair,Furniture,East,4,235.21,940.84,647.48
2025-03-15,Notebook Set,Stationery,South,5,5.57,27.85,18.38
2025-03-15,Standing Desk,Furniture,North,8,330.84,2646.72,1468.97
2025-03-15,Sticky Notes,Stationery,South,1,2.7,2.7,1.85
2025-03-15,Notebook Set,Stationery,North,3,3.59,10.77,6.3
2025-03-15,USB-C Hub,Electronics,West,2,66.44,132.88,82.06
2025-03-15,Standing Desk,Furniture,East,8,310.84,2486.72,1334.03
2025-03-16,Standing Desk,Furniture,South,3,185.33,555.99,388.26
2025-03-16,Sticky Notes,Stationery,South,4,4.56,18.24,10.31
2025-03-16,USB-C Hub,Electronics,South,6,78.15,468.9,306.79
2025-03-16,Standing Desk,Furniture,North,2,146.8,293.6,156.22
2025-03-16,Coffee Mug,Home & Kitchen,South,5,19.49,97.45,64.79
2025-03-16,Coffee Mug,Home & Kitchen,South,4,14.15,56.6,38.59
2025-03-16,Coffee Mug,Home & Kitchen,South,4,28.31,113.24,76.08
2025-03-16,Sticky Notes,Stationery,South,4,10.37,41.48,27.28
2025-03-16,Mechanical Keyboard,Electronics,Central,1,50.74,50.74,28.82
2025-03-17,Ballpoint Pens (Pack),Stationery,East,6,4.41,26.46,15.75
2025-03-17,Office Chair,Furniture,South,4,199.8,799.2,410.79
2025-03-17,Notebook Set,Stationery,Central,5,10.86,54.3,34.96
2025-03-17,Desk Lamp,Furniture,South,2,132.39,264.78,178.43
2025-03-17,Wireless Mouse,Electronics,Central,7,74.99,524.93,353.23
2025-03-17,Water Bottle,Home & Kitchen,North,3,25.66,76.98,48.27
2025-03-17,Standing Desk,Furniture,North,2,78.01,156.02,101.07
2025-03-17,USB-C Hub,Electronics,East,2,30.0,60.0,36.09
2025-03-17,Water Bottle,Home & Kitchen,Central,5,14.65,73.25,37.14
2025-03-17,Office Chair,Furniture,West,5,143.83,719.15,500.3
2025-03-17,USB-C Hub,Electronics,North,7,48.62,340.34,197.94
2025-03-17,Mechanical Keyboard,Electronics,East,4,46.33,185.32,121.07
2025-03-17,Office Chair,Furniture,West,2,317.99,635.98,333.22
2025-03-17,Coffee Mug,Home & Kitchen,North,6,22.31,133.86,67.74
2025-03-17,Desk Lamp,Furniture,South,2,114.04,228.08,153.27
2025-03-17,Notebook Set,Stationery,East,8,2.8,22.4,14.0
2025-03-17,Notebook Set,Stationery,East,5,14.17,70.85,42.04
2025-03-17,Water Bottle,Home & Kitchen,North,8,24.13,193.04,100.73
2025-03-17,Standing Desk,Furniture,East,1,235.74,235.74,123.17
2025-03-18,Sticky Notes,Stationery,West,5,2.33,11.65,5.99
2025-03-18,Wireless Mouse,Electronics,North,8,32.8,262.4,146.6
2025-03-18,Coffee Mug,Home & Kitchen,South,1,29.07,29.07,16.22
2025-03-18,Standing Desk,Furniture,North,3,192.94,578.82,401.44
2025-03-18,Mechanical Keyboard,Electronics,North,6,53.9,323.4,194.92
2025-03-18,Sticky Notes,Stationery,East,1,7.6,7.6,4.34
2025-03-18,Mechanical Keyboard,Electronics,East,2,42.81,85.62,43.17
2025-03-18,Desk Lamp,Furniture,North,5,330.09,1650.45,846.69
2025-03-18,Office Chair,Furniture,Central,7,339.74,2378.18,1526.48
2025-03-18,USB-C Hub,Electronics,West,2,41.89,83.78,42.49
2025-03-18,Mechanical Keyboard,Electronics,West,6,16.09,96.54,66.56
2025-03-18,Desk Lamp,Furniture,South,2,70.45,140.9,75.72
2025-03-18,Wireless Mouse,Electronics,West,3,48.8,146.4,97.02
2025-03-18,USB-C Hub,Electronics,East,1,72.62,72.62,42.53
2025-03-18,Coffee Mug,Home & Kitchen,South,6,8.86,53.16,33.73
2025-03-18,Coffee Mug,Home & Kitchen,Central,4,10.16,40.64,26.6
2025-03-18,Standing Desk,Furniture,North,1,237.24,237.24,152.73
2025-03-18,Coffee Mug,Home & Kitchen,West,2,26.6,53.2,33.44
2025-03-18,Sticky Notes,Stationery,Central,8,3.0,24.0,16.15
2025-03-19,Standing Desk,Furniture,Central,3,136.76,410.28,272.49
2025-03-19,USB-C Hub,Electronics,West,7,42.36,296.52,173.97
2025-03-19,Coffee Mug,Home & Kitchen,West,7,8.83,61.81,31.77
2025-03-19,USB-C Hub,Electronics,Central,3,88.38,265.14,171.59
2025-03-19,Ballpoint Pens (Pack),Stationery,West,8,7.01,56.08,28.79
2025-03-19,Ballpoint Pens (Pack),Stationery,North,3,9.93,29.79,17.03
2025-03-19,Office Chair,Furniture,South,2,191.78,383.56,243.32
2025-03-19,Notebook Set,Stationery,West,2,4.13,8.26,5.49
2025-03-19,USB-C Hub,Electronics,Central,6,92.02,552.12,320.36
2025-03-19,Water Bottle,Home & Kitchen,Central,7,9.92,69.44,48.11
2025-03-19,Sticky Notes,Stationery,East,1,11.65,11.65,7.35
2025-03-19,Ballpoint Pens (Pack),Stationery,West,8,12.07,96.56,65.43
2025-03-19,Office Chair,Furniture,South,6,173.4,1040.4,609.3
2025-03-19,Desk Lamp,Furniture,East,1,67.69,67.69,34.5
2025-03-19,Coffee Mug,Home & Kitchen,North,4,9.06,36.24,23.26
2025-03-20,Sticky Notes,Stationery,North,6,13.58,81.48,45.82
2025-03-20,Mechanical Keyboard,Electronics,Central,5,96.36,481.8,278.72
2025-03-20,Desk Lamp,Furniture,North,3,277.96,833.88,490.36
2025-03-20,Mechanical Keyboard,Electronics,Central,2,95.04,190.08,118.28
2025-03-20,Sticky Notes,Stationery,South,7,2.19,15.33,10.56
2025-03-20,Ballpoint Pens (Pack),Stationery,West,5,3.22,16.1,9.59
2025-03-20,Ballpoint Pens (Pack),Stationery,East,6,10.68,64.08,34.45
2025-03-20,Ballpoint Pens (Pack),Stationery,East,4,12.64,50.56,34.78
2025-03-20,USB-C Hub,Electronics,South,6,20.51,123.06,83.86
2025-03-20,Coffee Mug,Home & Kitchen,North,4,26.71,106.84,72.28
2025-03-20,Ballpoint Pens (Pack),Stationery,East,4,2.98,11.92,6.58
2025-03-20,Ballpoint Pens (Pack),Stationery,East,4,2.01,8.04,4.11
2025-03-20,Sticky Notes,Stationery,North,1,13.13,13.13,7.22
2025-03-20,USB-C Hub,Electronics,North,3,103.94,311.82,156.51
2025-03-20,Water Bottle,Home & Kitchen,Central,1,19.76,19.76,13.03
2025-03-20,Mechanical Keyboard,Electronics,West,7,23.86,167.02,92.39
2025-03-20,Coffee Mug,Home & Kitchen,North,5,23.53,117.65,79.69
2025-03-20,Mechanical Keyboard,Electronics,West,3,28.14,84.42,49.7
2025-03-21,Notebook Set,Stationery,North,1,12.29,12.29,6.56
2025-03-21,Notebook Set,Stationery,North,3,12.34,37.02,20.96
2025-03-21,USB-C Hub,Electronics,North,6,55.22,331.32,230.46
2025-03-21,Coffee Mug,Home & Kitchen,South,4,12.18,48.72,30.27
2025-03-21,Mechanical Keyboard,Electronics,Central,1,33.5,33.5,22.01
2025-03-21,Standing Desk,Furniture,East,5,267.67,1338.35,787.26
2025-03-21,Office Chair,Furniture,West,1,305.25,305.25,166.22
2025-03-21,Ballpoint Pens (Pack),Stationery,Central,5,3.36,16.8,10.6
2025-03-21,USB-C Hub,Electronics,Central,1,16.37,16.37,9.94
2025-03-21,Desk Lamp,Furniture,South,4,270.09,1080.36,710.77
2025-03-21,USB-C Hub,Electronics,North,7,66.65,466.55,271.43
2025-03-21,Mechanical Keyboard,Electronics,North,7,114.27,799.89,471.26
2025-03-21,Water Bottle,Home & Kitchen,South,5,20.15,100.75,65.6
2025-03-21,Office Chair,Furniture,Central,6,245.2,1471.2,948.01
2025-03-22,Water Bottle,Home & Kitchen,East,1,12.26,12.26,8.3
2025-03-22,Office Chair,Furniture,East,7,347.13,2429.91,1273.18
2025-03-22,Standing Desk,Furniture,East,7,99.86,699.02,487.67
2025-03-22,USB-C Hub,Electronics,Central,4,105.91,423.64,213.23
2025-03-22,Coffee Mug,Home & Kitchen,North,1,19.36,19.36,13.33
2025-03-22,Mechanical Keyboard,Electronics,East,1,69.14,69.14,37.87
2025-03-22,Standing Desk,Furniture,East,2,213.07,426.14,234.5
2025-03-23,Standing Desk,Furniture,North,4,203.89,815.56,487.94
2025-03-23,Standing Desk,Furniture,South,6,292.8,1756.8,925.09
2025-03-23,Office Chair,Furniture,Central,6,77.28,463.68,278.98
2025-03-23,Ballpoint Pens (Pack),Stationery,West,6,6.17,37.02,20.87
2025-03-23,Water Bottle,Home & Kitchen,West,1,12.78,12.78,7.38
2025-03-23,Standing Desk,Furniture,South,5,84.52,422.6,281.53
2025-03-23,Office Chair,Furniture,South,6,265.55,1593.3,1041.81
2025-03-23,USB-C Hub,Electronics,East,4,58.74,234.96,150.16
2025-03-23,Water Bottle,Home & Kitchen,East,8,13.73,109.84,74.96
2025-03-23,Wireless Mouse,Electronics,North,8,85.32,682.56,463.89
2025-03-23,Wireless Mouse,Electronics,North,3,49.38,148.14,94.12
2025-03-23,Coffee Mug,Home & Kitchen,West,3,20.25,60.75,36.18
2025-03-24,Notebook Set,Stationery,East,5,14.21,71.05,37.25
2025-03-24,Desk Lamp,Furniture,North,4,251.02,1004.08,632.07
2025-03-24,USB-C Hub,Electronics,West,6,98.75,592.5,363.8
2025-03-24,Water Bottle,Home & Kitchen,West,8,13.54,108.32,68.77
2025-03-24,Standing Desk,Furniture,North,4,229.4,917.6,636.88
2025-03-24,Office Chair,Furniture,Central,8,163.83,1310.64,820.04
2025-03-24,USB-C Hub,Electronics,South,1,104.88,104.88,57.89
2025-03-25,Notebook Set,Stationery,East,4,11.2,44.8,23.01
2025-03-25,Sticky Notes,Stationery,West,7,4.14,28.98,16.07
2025-03-25,Office Chair,Furniture,Central,6,102.56,615.36,412.45
2025-03-25,Desk Lamp,Furniture,Central,4,342.0,1368.0,719.97
2025-03-25,Coffee Mug,Home & Kitchen,Central,8,13.95,111.6,74.71
2025-03-25,Standing Desk,Furniture,North,3,348.68,1046.04,682.99
2025-03-25,Standing Desk,Furniture,West,7,318.06,2226.42,1396.53
2025-03-25,Wireless Mouse,Electronics,Central,8,57.06,456.48,244.13
2025-03-25,USB-C Hub,Electronics,East,8,99.55,796.4,429.03
2025-03-25,Sticky Notes,Stationery,North,6,13.48,80.88,52.42
2025-03-25,Office Chair,Furniture,West,8,128.02,1024.16,525.0
2025-03-25,Wireless Mouse,Electronics,South,2,74.76,149.52,97.93
2025-03-25,Mechanical Keyboard,Electronics,West,3,47.63,142.89,86.38
2025-03-25,Coffee Mug,Home & Kitchen,West,8,9.67,77.36,40.82
2025-03-25,Standing Desk,Furniture,West,3,203.27,609.81,372.23
2025-03-25,Ballpoint Pens (Pack),Stationery,North,8,3.2,25.6,16.21
2025-03-25,Desk Lamp,Furniture,West,3,215.67,647.01,364.32
2025-03-25,USB-C Hub,Electronics,Central,1,118.01,118.01,60.66
2025-03-26,Ballpoint Pens (Pack),Stationery,South,5,5.72,28.6,18.98
2025-03-26,Mechanical Keyboard,Electronics,North,6,106.96,641.76,329.38
2025-03-26,Mechanical Keyboard,Electronics,Central,6,23.85,143.1,95.1
2025-03-26,Notebook Set,Stationery,West,8,9.87,78.96,41.33
2025-03-26,Mechanical Keyboard,Electronics,West,5,47.83,239.15,127.29
2025-03-26,Desk Lamp,Furniture,North,4,131.0,524.0,337.92
2025-03-26,USB-C Hub,Electronics,North,1,25.52,25.52,14.43
2025-03-26,Coffee Mug,Home & Kitchen,North,5,20.56,102.8,68.93
2025-03-26,Ballpoint Pens (Pack),Stationery,West,1,8.24,8.24,5.0
2025-03-26,USB-C Hub,Electronics,East,4,34.59,138.36,78.3
2025-03-26,Desk Lamp,Furniture,West,4,313.69,1254.76,829.03
2025-03-26,Office Chair,Furniture,West,7,243.48,1704.36,958.5
2025-03-26,Standing Desk,Furniture,Central,2,177.1,354.2,232.64
2025-03-26,Ballpoint Pens (Pack),Stationery,South,3,11.23,33.69,17.79
2025-03-26,Coffee Mug,Home & Kitchen,East,3,9.97,29.91,19.92
2025-03-26,Standing Desk,Furniture,West,5,246.27,1231.35,721.78
2025-03-26,Water Bottle,Home & Kitchen,West,3,18.56,55.68,37.58
2025-03-26,Mechanical Keyboard,Electronics,South,1,37.63,37.63,23.24
2025-03-26,Coffee Mug,Home & Kitchen,North,2,25.17,50.34,35.0
2025-03-26,Coffee Mug,Home & Kitchen,East,5,29.73,148.65,76.14
2025-03-26,Water Bottle,Home & Kitchen,West,1,26.81,26.81,13.44
2025-03-26,Desk Lamp,Furniture,East,7,82.98,580.86,385.7
2025-03-26,Standing Desk,Furniture,South,4,325.56,1302.24,677.78
2025-03-26,Mechanical Keyboard,Electronics,North,6,42.94,257.64,160.94
2025-03-26,Coffee Mug,Home & Kitchen,North,8,26.53,212.24,148.26
2025-03-26,Coffee Mug,Home & Kitchen,North,2,17.16,34.32,23.71
2025-03-27,Coffee Mug,Home & Kitchen,South,1,14.66,14.66,9.19
2025-03-27,Notebook Set,Stationery,North,1,7.47,7.47,3.9
2025-03-27,Mechanical Keyboard,Electronics,East,4,118.95,475.8,295.8
2025-03-27,Desk Lamp,Furniture,South,5,202.94,1014.7,625.74
2025-03-27,Wireless Mouse,Electronics,North,6,35.63,213.78,108.13
2025-03-27,Office Chair,Furniture,South,6,276.06,1656.36,1158.64
2025-03-27,Sticky Notes,Stationery,Central,1,9.75,9.75,5.68
2025-03-27,Sticky Notes,Stationery,East,6,10.88,65.28,35.39
2025-03-27,Standing Desk,Furniture,North,6,245.2,1471.2,1016.13
2025-03-27,Standing Desk,Furniture,North,2,224.07,448.14,280.25
2025-03-27,Office Chair,Furniture,Central,2,296.15,592.3,299.3
2025-03-27,Water Bottle,Home & Kitchen,East,3,22.88,68.64,46.0
2025-03-27,Notebook Set,Stationery,Central,1,9.88,9.88,4.97
2025-03-27,Sticky Notes,Stationery,Central,3,9.02,27.06,16.15
2025-03-28,Office Chair,Furniture,Central,1,66.88,66.88,34.54
2025-03-28,Wireless Mouse,Electronics,East,7,74.52,521.64,267.24
2025-03-28,Standing Desk,Furniture,Central,8,82.52,660.16,425.51
2025-03-28,Desk Lamp,Furniture,North,5,76.62,383.1,245.98
2025-03-28,Notebook Set,Stationery,North,8,14.59,116.72,66.71
2025-03-28,Water Bottle,Home & Kitchen,North,3,10.28,30.84,20.82
2025-03-28,Coffee Mug,Home & Kitchen,East,6,20.59,123.54,65.38
2025-03-28,Desk Lamp,Furniture,West,2,89.33,178.66,116.6
2025-03-28,Coffee Mug,Home & Kitchen,Central,8,12.2,97.6,51.32
2025-03-28,Desk Lamp,Furniture,South,5,293.83,1469.15,984.63
2025-03-28,Sticky Notes,Stationery,South,3,9.79,29.37,20.14
2025-03-28,USB-C Hub,Electronics,West,2,28.83,57.66,35.33
2025-03-28,Sticky Notes,Stationery,North,1,11.22,11.22,7.17
2025-03-28,Mechanical Keyboard,Electronics,West,8,75.87,606.96,350.85
2025-03-29,Ballpoint Pens (Pack),Stationery,South,3,12.38,37.14,21.45
2025-03-29,Standing Desk,Furniture,North,5,141.65,708.25,425.7
2025-03-29,Ballpoint Pens (Pack),Stationery,East,1,10.76,10.76,6.61
2025-03-29,Water Bottle,Home & Kitchen,North,6,27.88,167.28,108.04
2025-03-29,Standing Desk,Furniture,South,2,127.12,254.24,152.13
2025-03-29,Mechanical Keyboard,Electronics,North,8,34.43,275.44,183.59
2025-03-29,Desk Lamp,Furniture,Central,2,324.84,649.68,399.24
2025-03-29,Mechanical Keyboard,Electronics,East,6,50.3,301.8,198.59
2025-03-29,USB-C Hub,Electronics,Central,7,41.88,293.16,158.2
2025-03-29,Sticky Notes,Stationery,East,3,14.04,42.12,25.83
2025-03-29,Wireless Mouse,Electronics,South,1,108.57,108.57,58.03
2025-03-29,Desk Lamp,Furniture,North,4,102.23,408.92,244.59
2025-03-29,Mechanical Keyboard,Electronics,South,2,45.56,91.12,52.36
2025-03-29,Wireless Mouse,Electronics,South,1,107.79,107.79,56.39
2025-03-29,Office Chair,Furniture,North,5,301.52,1507.6,894.0
2025-03-30,Ballpoint Pens (Pack),Stationery,Central,1,10.63,10.63,6.89
2025-03-30,Ballpoint Pens (Pack),Stationery,West,1,2.69,2.69,1.6
2025-03-30,Coffee Mug,Home & Kitchen,West,8,17.59,140.72,92.31
2025-03-30,Mechanical Keyboard,Electronics,North,4,51.5,206.0,128.47
2025-03-30,Notebook Set,Stationery,West,3,4.47,13.41,8.06
2025-03-30,Wireless Mouse,Electronics,West,2,110.63,221.26,139.76
2025-03-30,Desk Lamp,Furniture,South,3,79.15,237.45,141.69
2025-03-30,Wireless Mouse,Electronics,East,3,28.5,85.5,46.78
2025-03-31,USB-C Hub,Electronics,South,2,99.86,199.72,137.81
2025-03-31,Notebook Set,Stationery,West,8,13.41,107.28,54.49
2025-03-31,Mechanical Keyboard,Electronics,North,6,109.24,655.44,446.04
2025-03-31,USB-C Hub,Electronics,South,1,110.92,110.92,75.92
2025-03-31,Notebook Set,Stationery,North,3,7.24,21.72,14.51
2025-03-31,Desk Lamp,Furniture,Central,5,274.82,1374.1,910.33
2025-03-31,Ballpoint Pens (Pack),Stationery,Central,8,10.71,85.68,54.73
2025-03-31,Water Bottle,Home & Kitchen,North,2,13.68,27.36,15.36
2025-03-31,Wireless Mouse,Electronics,North,3,92.0,276.0,147.38
2025-03-31,Standing Desk,Furniture,South,8,119.42,955.36,532.44
2025-03-31,Sticky Notes,Stationery,West,8,2.99,23.92,12.77
2025-03-31,Ballpoint Pens (Pack),Stationery,West,4,5.75,23.0,15.97
2025-03-31,Standing Desk,Furniture,East,3,128.17,384.51,241.48
2025-03-31,Water Bottle,Home & Kitchen,Central,2,10.66,21.32,11.57
2025-03-31,Desk Lamp,Furniture,East,6,187.07,1122.42,723.71
2025-03-31,Coffee Mug,Home & Kitchen,North,8,21.88,175.04,100.59
2025-03-31,Office Chair,Furniture,North,1,116.79,116.79,61.93
2025-03-31,USB-C Hub,Electronics,East,3,26.39,79.17,46.68
2025-04-01,USB-C Hub,Electronics,East,1,53.51,53.51,30.25
2025-04-01,Mechanical Keyboard,Electronics,West,8,45.32,362.56,228.42
2025-04-01,Standing Desk,Furniture,South,5,149.26,746.3,396.13
2025-04-01,USB-C Hub,Electronics,South,1,43.9,43.9,22.32
2025-04-01,USB-C Hub,Electronics,West,6,31.42,188.52,121.56
2025-04-01,Sticky Notes,Stationery,West,7,14.36,100.52,57.78
2025-04-01,Wireless Mouse,Electronics,Central,4,119.09,476.36,306.84
2025-04-01,Coffee Mug,Home & Kitchen,South,3,15.64,46.92,27.19
2025-04-01,Coffee Mug,Home & Kitchen,West,2,19.9,39.8,21.92
2025-04-01,Water Bottle,Home & Kitchen,East,3,9.59,28.77,19.6
2025-04-01,Wireless Mouse,Electronics,North,3,18.48,55.44,31.02
2025-04-01,Notebook Set,Stationery,South,4,6.71,26.84,17.88
2025-04-01,Desk Lamp,Furniture,North,7,289.88,2029.16,1151.48
2025-04-01,Notebook Set,Stationery,East,4,12.36,49.44,26.48
2025-04-01,Wireless Mouse,Electronics,West,1,109.72,109.72,64.85
2025-04-01,USB-C Hub,Electronics,South,3,73.94,221.82,125.66
2025-04-01,Sticky Notes,Stationery,Central,4,5.81,23.24,13.47
2025-04-01,Mechanical Keyboard,Electronics,West,7,118.37,828.59,488.9
2025-04-01,Office Chair,Furniture,Central,1,78.48,78.48,41.94
2025-04-01,Coffee Mug,Home & Kitchen,South,4,11.25,45.0,26.69
2025-04-02,Desk Lamp,Furniture,North,5,212.04,1060.2,663.51
2025-04-02,Standing Desk,Furniture,East,7,178.83,1251.81,859.99
2025-04-02,USB-C Hub,Electronics,West,2,56.58,113.16,67.15
2025-04-02,Office Chair,Furniture,South,8,95.02,760.16,391.85
2025-04-02,Notebook Set,Stationery,Central,1,2.95,2.95,1.84
2025-04-02,Notebook Set,Stationery,East,5,2.58,12.9,6.96
2025-04-02,Ballpoint Pens (Pack),Stationery,North,3,14.02,42.06,21.12
2025-04-02,Desk Lamp,Furniture,West,3,190.82,572.46,331.68
2025-04-02,Standing Desk,Furniture,East,7,215.81,1510.67,781.45
2025-04-02,Coffee Mug,Home & Kitchen,Central,1,13.18,13.18,8.86
2025-04-02,Water Bottle,Home & Kitchen,West,8,18.81,150.48,85.38
2025-04-02,USB-C Hub,Electronics,East,3,86.56,259.68,160.84
2025-04-02,USB-C Hub,Electronics,South,3,107.44,322.32,177.74
2025-04-02,Sticky Notes,Stationery,West,6,14.08,84.48,49.09
2025-04-02,Water Bottle,Home & Kitchen,West,3,16.01,48.03,29.02
2025-04-02,Sticky Notes,Stationery,South,7,9.28,64.96,41.09
2025-04-02,Wireless Mouse,Electronics,Central,4,91.97,367.88,246.5
2025-04-02,Mechanical Keyboard,Electronics,East,3,104.45,313.35,158.15
2025-04-02,Wireless Mouse,Electronics,West,6,58.79,352.74,186.47
2025-04-02,Desk Lamp,Furniture,North,4,251.11,1004.44,503.37
2025-04-02,USB-C Hub,Electronics,Central,1,39.66,39.66,25.24
2025-04-02,Office Chair,Furniture,West,5,111.2,556.0,297.51
2025-04-02,USB-C Hub,Electronics,West,5,106.77,533.85,346.09
2025-04-02,USB-C Hub,Electronics,Central,4,91.54,366.16,246.95
2025-04-02,Sticky Notes,Stationery,South,3,8.13,24.39,14.71
2025-04-02,Coffee Mug,Home & Kitchen,East,2,22.63,45.26,22.86
2025-04-02,Sticky Notes,Stationery,North,1,5.0,5.0,2.94
2025-04-02,Standing Desk,Furniture,East,6,113.85,683.1,394.79
2025-04-03,Office Chair,Furniture,South,8,319.74,2557.92,1457.15
2025-04-03,USB-C Hub,Electronics,East,1,96.6,96.6,65.18
2025-04-03,Coffee Mug,Home & Kitchen,West,5,15.44,77.2,49.44
2025-04-03,Mechanical Keyboard,Electronics,West,1,72.4,72.4,47.54
2025-04-03,Mechanical Keyboard,Electronics,South,4,76.01,304.04,209.81
2025-04-03,Ballpoint Pens (Pack),Stationery,East,3,11.67,35.01,20.86
2025-04-03,Water Bottle,Home & Kitchen,North,2,17.98,35.96,19.37
2025-04-03,Coffee Mug,Home & Kitchen,North,2,16.03,32.06,16.38
2025-04-03,Notebook Set,Stationery,South,7,8.61,60.27,39.63
2025-04-03,Notebook Set,Stationery,West,7,10.06,70.42,43.39
2025-04-03,Coffee Mug,Home & Kitchen,West,7,11.03,77.21,44.45
2025-04-03,Standing Desk,Furniture,Central,6,305.79,1834.74,1188.16
2025-04-03,Office Chair,Furniture,East,3,90.04,270.12,141.52
2025-04-03,Ballpoint Pens (Pack),Stationery,West,5,4.35,21.75,11.68
2025-04-03,Standing Desk,Furniture,South,2,290.25,580.5,349.83
2025-04-03,Water Bottle,Home & Kitchen,Central,1,17.98,17.98,9.35
2025-04-03,Water Bottle,Home & Kitchen,South,6,19.13,114.78,62.11
2025-04-03,USB-C Hub,Electronics,West,2,17.56,35.12,24.34
2025-04-03,Desk Lamp,Furniture,West,4,265.6,1062.4,624.58
2025-04-04,Mechanical Keyboard,Electronics,Central,2,108.85,217.7,124.01
2025-04-04,Ballpoint Pens (Pack),Stationery,North,6,4.75,28.5,17.86
2025-04-04,USB-C Hub,Electronics,East,5,26.31,131.55,83.91
2025-04-04,USB-C Hub,Electronics,North,7,111.92,783.44,505.45
2025-04-04,Desk Lamp,Furniture,Central,1,208.54,208.54,132.39
2025-04-04,Notebook Set,Stationery,Central,2,8.68,17.36,11.26
2025-04-04,Desk Lamp,Furniture,East,4,147.71,590.84,307.21
2025-04-04,Office Chair,Furniture,Central,7,124.68,872.76,503.76
2025-04-04,Notebook Set,Stationery,North,7,5.13,35.91,18.1
2025-04-05,Water Bottle,Home & Kitchen,South,7,18.65,130.55,76.18
2025-04-05,Desk Lamp,Furniture,South,2,191.49,382.98,214.67
2025-04-05,Wireless Mouse,Electronics,West,8,29.74,237.92,121.46
2025-04-05,Mechanical Keyboard,Electronics,Central,7,32.82,229.74,144.5
2025-04-05,Ballpoint Pens (Pack),Stationery,Central,8,9.26,74.08,44.32
2025-04-05,Standing Desk,Furniture,North,2,101.71,203.42,106.62
2025-04-05,Desk Lamp,Furniture,East,1,303.0,303.0,165.68
2025-04-05,Standing Desk,Furniture,North,4,195.16,780.64,434.25
2025-04-05,Ballpoint Pens (Pack),Stationery,West,1,3.68,3.68,2.39
2025-04-05,Coffee Mug,Home & Kitchen,East,7,19.21,134.47,84.62
2025-04-05,USB-C Hub,Electronics,Central,3,34.93,104.79,61.35
2025-04-05,Sticky Notes,Stationery,South,5,11.09,55.45,34.57
2025-04-05,Mechanical Keyboard,Electronics,Central,8,107.61,860.88,590.77
2025-04-05,Water Bottle,Home & Kitchen,Central,3,13.93,41.79,24.97
2025-04-05,Notebook Set,Stationery,South,7,3.26,22.82,11.94
2025-04-05,Notebook Set,Stationery,East,4,11.85,47.4,25.55
2025-04-06,Standing Desk,Furniture,East,1,224.75,224.75,141.92
2025-04-06,Coffee Mug,Home & Kitchen,East,7,24.08,168.56,108.01
2025-04-06,Sticky Notes,Stationery,East,6,7.81,46.86,31.23
2025-04-06,Coffee Mug,Home & Kitchen,East,4,13.79,55.16,37.63
2025-04-06,Desk Lamp,Furniture,East,5,343.85,1719.25,1149.36
2025-04-06,USB-C Hub,Electronics,East,3,72.78,218.34,110.16
2025-04-06,Desk Lamp,Furniture,South,8,194.92,1559.36,894.51
2025-04-06,Ballpoint Pens (Pack),Stationery,West,7,5.01,35.07,23.07
2025-04-06,Water Bottle,Home & Kitchen,West,8,8.62,68.96,44.19
2025-04-06,Desk Lamp,Furniture,North,5,109.18,545.9,376.74
2025-04-06,Notebook Set,Stationery,North,6,11.26,67.56,34.45
2025-04-06,USB-C Hub,Electronics,Central,3,29.61,88.83,56.85
2025-04-06,Coffee Mug,Home & Kitchen,North,1,25.23,25.23,13.09
2025-04-07,Ballpoint Pens (Pack),Stationery,East,8,11.21,89.68,50.62
2025-04-07,Office Chair,Furniture,West,4,68.1,272.4,154.99
2025-04-07,Standing Desk,Furniture,East,7,142.13,994.91,536.37
2025-04-07,Office Chair,Furniture,Central,5,311.29,1556.45,791.31
2025-04-07,Standing Desk,Furniture,Central,4,222.15,888.6,465.18
2025-04-07,Wireless Mouse,Electronics,West,5,84.46,422.3,242.07
2025-04-07,Coffee Mug,Home & Kitchen,South,5,18.65,93.25,63.11
2025-04-07,Office Chair,Furniture,South,5,248.91,1244.55,632.85
2025-04-07,Ballpoint Pens (Pack),Stationery,North,3,13.06,39.18,25.87
2025-04-08,Water Bottle,Home & Kitchen,North,7,9.47,66.29,45.46
2025-04-08,Ballpoint Pens (Pack),Stationery,Central,2,12.71,25.42,17.53
2025-04-08,Wireless Mouse,Electronics,South,4,111.43,445.72,283.47
2025-04-08,Wireless Mouse,Electronics,South,6,62.22,373.32,209.78
2025-04-08,Water Bottle,Home & Kitchen,North,2,28.02,56.04,33.08
2025-04-08,USB-C Hub,Electronics,Central,7,41.15,288.05,190.53
2025-04-08,Water Bottle,Home & Kitchen,South,4,9.27,37.08,19.06
2025-04-08,Water Bottle,Home & Kitchen,East,2,22.14,44.28,27.94
2025-04-08,Coffee Mug,Home & Kitchen,East,8,21.53,172.24,94.23
2025-04-08,Water Bottle,Home & Kitchen,North,1,12.69,12.69,7.66
2025-04-08,Ballpoint Pens (Pack),Stationery,West,6,5.84,35.04,23.54
2025-04-08,Standing Desk,Furniture,Central,7,238.56,1669.92,1021.1
2025-04-08,Sticky Notes,Stationery,East,6,2.02,12.12,8.44
2025-04-08,Water Bottle,Home & Kitchen,East,5,18.81,94.05,49.68
2025-04-08,Ballpoint Pens (Pack),Stationery,East,1,12.71,12.71,8.82
2025-04-08,Wireless Mouse,Electronics,South,3,32.86,98.58,61.36
2025-04-08,USB-C Hub,Electronics,East,5,93.56,467.8,287.62
2025-04-08,Wireless Mouse,Electronics,South,3,15.65,46.95,28.05
2025-04-09,Sticky Notes,Stationery,North,1,13.46,13.46,8.33
2025-04-09,Ballpoint Pens (Pack),Stationery,East,6,7.61,45.66,28.71
2025-04-09,Ballpoint Pens (Pack),Stationery,Central,7,11.68,81.76,41.26
2025-04-09,USB-C Hub,Electronics,South,6,25.86,155.16,96.55
2025-04-09,Mechanical Keyboard,Electronics,South,8,45.0,360.0,206.24
2025-04-09,Desk Lamp,Furniture,Central,3,334.62,1003.86,581.79
2025-04-09,Mechanical Keyboard,Electronics,Central,3,77.78,233.34,158.49
2025-04-09,Coffee Mug,Home & Kitchen,East,5,12.58,62.9,36.97
2025-04-09,Office Chair,Furniture,West,3,181.05,543.15,330.6
2025-04-09,Standing Desk,Furniture,West,7,163.85,1146.95,684.98
2025-04-10,Wireless Mouse,Electronics,East,2,73.88,147.76,87.59
2025-04-10,Coffee Mug,Home & Kitchen,West,5,22.11,110.55,62.2
2025-04-10,USB-C Hub,Electronics,East,7,67.82,474.74,273.25
2025-04-10,Coffee Mug,Home & Kitchen,West,6,25.09,150.54,96.0
2025-04-10,Notebook Set,Stationery,North,7,12.65,88.55,50.85
2025-04-10,Standing Desk,Furniture,North,7,194.76,1363.32,855.95
2025-04-10,Wireless Mouse,Electronics,Central,3,33.95,101.85,55.49
2025-04-10,Wireless Mouse,Electronics,South,5,42.87,214.35,112.94
2025-04-10,Ballpoint Pens (Pack),Stationery,West,4,13.53,54.12,32.08
2025-04-10,Coffee Mug,Home & Kitchen,West,2,28.85,57.7,32.03
2025-04-10,Sticky Notes,Stationery,Central,4,4.91,19.64,13.22
2025-04-11,Desk Lamp,Furniture,Central,5,241.92,1209.6,786.8
2025-04-11,Notebook Set,Stationery,Central,6,11.9,71.4,45.87
2025-04-11,USB-C Hub,Electronics,South,8,83.49,667.92,426.53
2025-04-11,Mechanical Keyboard,Electronics,Central,2,67.14,134.28,68.84
2025-04-11,Mechanical Keyboard,Electronics,East,7,40.08,280.56,180.57
2025-04-11,Wireless Mouse,Electronics,East,1,44.59,44.59,27.96
2025-04-11,Mechanical Keyboard,Electronics,Central,8,109.49,875.92,501.4
2025-04-11,Ballpoint Pens (Pack),Stationery,East,4,5.78,23.12,12.82
2025-04-11,Mechanical Keyboard,Electronics,North,5,32.11,160.55,108.42
2025-04-11,USB-C Hub,Electronics,Central,7,48.66,340.62,182.17
2025-04-11,Desk Lamp,Furniture,North,6,157.03,942.18,579.21
2025-04-11,Ballpoint Pens (Pack),Stationery,East,8,14.77,118.16,78.66
2025-04-11,Coffee Mug,Home & Kitchen,West,1,22.75,22.75,14.05
2025-04-12,Mechanical Keyboard,Electronics,South,6,100.71,604.26,369.4
2025-04-12,Notebook Set,Stationery,Central,6,9.64,57.84,40.13
2025-04-12,Ballpoint Pens (Pack),Stationery,West,1,13.01,13.01,7.59
2025-04-12,Water Bottle,Home & Kitchen,North,6,21.16,126.96,74.52
2025-04-12,Wireless Mouse,Electronics,Central,3,67.22,201.66,115.11
2025-04-12,Mechanical Keyboard,Electronics,South,1,111.9,111.9,71.81
2025-04-12,Notebook Set,Stationery,Central,2,4.67,9.34,5.16
2025-04-12,Office Chair,Furniture,Central,6,251.53,1509.18,925.76
2025-04-12,Sticky Notes,Stationery,East,2,8.16,16.32,9.79
2025-04-12,Wireless Mouse,Electronics,North,2,81.14,162.28,85.03
2025-04-13,Office Chair,Furniture,South,8,314.45,2515.6,1304.97
2025-04-13,Office Chair,Furniture,South,5,322.52,1612.6,1050.91
2025-04-13,Mechanical Keyboard,Electronics,South,8,67.84,542.72,326.71
2025-04-13,Coffee Mug,Home & Kitchen,North,2,9.11,18.22,10.96
2025-04-13,USB-C Hub,Electronics,South,1,47.05,47.05,31.63
2025-04-13,Mechanical Keyboard,Electronics,Central,8,69.07,552.56,304.51
2025-04-13,Desk Lamp,Furniture,West,2,69.97,139.94,94.33
2025-04-13,Coffee Mug,Home & Kitchen,Central,1,19.25,19.25,10.26
2025-04-13,Standing Desk,Furniture,North,8,96.08,768.64,529.8
2025-04-13,Office Chair,Furniture,North,4,256.03,1024.12,714.21
2025-04-13,Wireless Mouse,Electronics,East,8,75.27,602.16,327.96
2025-04-13,Office Chair,Furniture,East,2,205.24,410.48,256.81
2025-04-14,Desk Lamp,Furniture,South,8,220.38,1763.04,910.2
2025-04-14,Notebook Set,Stationery,West,1,2.57,2.57,1.34
2025-04-14,USB-C Hub,Electronics,East,1,62.99,62.99,39.52
2025-04-14,Desk Lamp,Furniture,South,7,226.76,1587.32,1075.77
2025-04-14,Desk Lamp,Furniture,North,2,138.55,277.1,189.48
2025-04-14,Coffee Mug,Home & Kitchen,East,1,26.16,26.16,14.57
2025-04-14,Coffee Mug,Home & Kitchen,Central,5,14.12,70.6,43.68
2025-04-14,USB-C Hub,Electronics,East,5,63.95,319.75,191.18
2025-04-14,Standing Desk,Furniture,South,2,164.61,329.22,164.73
2025-04-14,Standing Desk,Furniture,West,6,142.22,853.32,563.36
2025-04-14,Ballpoint Pens (Pack),Stationery,East,2,4.08,8.16,5.53
2025-04-14,Sticky Notes,Stationery,Central,7,2.22,15.54,8.48
2025-04-14,Wireless Mouse,Electronics,East,4,118.03,472.12,258.49
2025-04-14,Coffee Mug,Home & Kitchen,North,4,18.98,75.92,41.92
2025-04-14,Office Chair,Furniture,Central,4,200.28,801.12,560.22
2025-04-14,Mechanical Keyboard,Electronics,East,5,102.76,513.8,356.65
2025-04-14,Wireless Mouse,Electronics,South,4,43.88,175.52,95.82
2025-04-14,Ballpoint Pens (Pack),Stationery,South,1,9.79,9.79,6.51
2025-04-14,Wireless Mouse,Electronics,North,7,39.8,278.6,176.3
2025-04-15,Sticky Notes,Stationery,West,8,4.07,32.56,19.74
2025-04-15,Sticky Notes,Stationery,South,8,9.1,72.8,39.01
2025-04-15,Notebook Set,Stationery,South,3,5.65,16.95,11.07
2025-04-15,Mechanical Keyboard,Electronics,North,6,95.35,572.1,367.29
2025-04-15,Mechanical Keyboard,Electronics,Central,2,110.75,221.5,135.62
2025-04-15,Ballpoint Pens (Pack),Stationery,Central,4,2.03,8.12,4.39
2025-04-15,Coffee Mug,Home & Kitchen,East,6,20.4,122.4,72.31
2025-04-15,Mechanical Keyboard,Electronics,Central,8,28.4,227.2,139.28
2025-04-15,Office Chair,Furniture,South,5,284.8,1424.0,950.2
2025-04-15,Wireless Mouse,Electronics,North,2,86.47,172.94,93.14
2025-04-15,USB-C Hub,Electronics,East,4,15.4,61.6,42.64
2025-04-15,Standing Desk,Furniture,East,8,303.31,2426.48,1270.91
2025-04-15,USB-C Hub,Electronics,North,3,53.41,160.23,110.06
2025-04-15,Mechanical Keyboard,Electronics,North,3,46.85,140.55,88.8
2025-04-15,Ballpoint Pens (Pack),Stationery,South,5,4.29,21.45,12.37
2025-04-16,Coffee Mug,Home & Kitchen,North,6,9.98,59.88,39.21
2025-04-16,Ballpoint Pens (Pack),Stationery,West,6,13.11,78.66,41.01
2025-04-16,Sticky Notes,Stationery,North,1,2.27,2.27,1.33
2025-04-16,Wireless Mouse,Electronics,North,3,38.34,115.02,59.63
2025-04-16,Wireless Mouse,Electronics,North,4,55.52,222.08,124.91
2025-04-16,Coffee Mug,Home & Kitchen,West,4,22.06,88.24,58.14
2025-04-16,Sticky Notes,Stationery,East,6,4.95,29.7,15.9
2025-04-16,USB-C Hub,Electronics,Central,2,71.28,142.56,99.0
2025-04-16,Desk Lamp,Furniture,North,2,252.49,504.98,273.25
2025-04-16,Mechanical Keyboard,Electronics,North,3,54.97,164.91,108.26
2025-04-17,Water Bottle,Home & Kitchen,East,3,20.67,62.01,35.05
2025-04-17,Notebook Set,Stationery,East,5,3.0,15.0,8.39
2025-04-17,Desk Lamp,Furniture,Central,1,158.11,158.11,106.04
2025-04-17,Standing Desk,Furniture,South,4,346.57,1386.28,933.5
2025-04-17,USB-C Hub,Electronics,South,7,110.71,774.97,455.72
2025-04-17,Wireless Mouse,Electronics,East,6,119.48,716.88,462.25
2025-04-17,USB-C Hub,Electronics,North,6,77.72,466.32,260.11
2025-04-17,Ballpoint Pens (Pack),Stationery,Central,1,3.08,3.08,2.13
2025-04-17,Notebook Set,Stationery,North,4,8.65,34.6,23.84
2025-04-17,Mechanical Keyboard,Electronics,North,7,19.87,139.09,94.14
2025-04-17,Coffee Mug,Home & Kitchen,East,3,24.08,72.24,45.97
2025-04-17,Standing Desk,Furniture,South,5,160.71,803.55,536.87
2025-04-17,Ballpoint Pens (Pack),Stationery,Central,1,9.12,9.12,5.49
2025-04-17,Desk Lamp,Furniture,Central,6,345.95,2075.7,1215.18
2025-04-17,Desk Lamp,Furniture,East,8,237.75,1902.0,1221.58
2025-04-17,Standing Desk,Furniture,South,6,327.37,1964.22,1004.83
2025-04-17,Standing Desk,Furniture,South,7,291.21,2038.47,1257.81
2025-04-18,Ballpoint Pens (Pack),Stationery,Central,6,13.98,83.88,52.69
2025-04-18,Notebook Set,Stationery,West,3,11.87,35.61,21.58
2025-04-18,Sticky Notes,Stationery,West,8,13.52,108.16,56.42
2025-04-18,Coffee Mug,Home & Kitchen,South,3,23.71,71.13,43.57
2025-04-18,Coffee Mug,Home & Kitchen,South,8,8.45,67.6,33.91
2025-04-18,USB-C Hub,Electronics,Central,6,106.19,637.14,416.23
2025-04-18,Ballpoint Pens (Pack),Stationery,East,8,4.35,34.8,19.11
2025-04-18,Mechanical Keyboard,Electronics,South,1,21.84,21.84,11.39
2025-04-18,Ballpoint Pens (Pack),Stationery,South,5,7.56,37.8,26.1
2025-04-18,Notebook Set,Stationery,Central,4,12.05,48.2,29.8
2025-04-18,Wireless Mouse,Electronics,North,2,62.89,125.78,86.78
2025-04-18,Ballpoint Pens (Pack),Stationery,North,8,12.84,102.72,62.7
2025-04-18,Ballpoint Pens (Pack),Stationery,South,8,14.67,117.36,77.33
2025-04-18,Ballpoint Pens (Pack),Stationery,East,3,2.62,7.86,5.45
2025-04-18,Water Bottle,Home & Kitchen,Central,8,18.16,145.28,74.47
2025-04-18,Office Chair,Furniture,South,6,259.83,1558.98,801.74
2025-04-18,Wireless Mouse,Electronics,West,2,15.34,30.68,15.59
2025-04-19,Ballpoint Pens (Pack),Stationery,North,1,11.75,11.75,6.15
2025-04-19,Notebook Set,Stationery,Central,4,2.54,10.16,6.59
2025-04-19,Mechanical Keyboard,Electronics,North,2,92.06,184.12,96.18
2025-04-19,Notebook Set,Stationery,West,7,12.96,90.72,63.15
2025-04-19,Standing Desk,Furniture,Central,5,289.53,1447.65,790.24
2025-04-19,USB-C Hub,Electronics,Central,3,93.09,279.27,147.18
2025-04-19,Coffee Mug,Home & Kitchen,East,7,27.76,194.32,116.0
2025-04-19,USB-C Hub,Electronics,East,5,104.65,523.25,265.4
2025-04-19,USB-C Hub,Electronics,East,3,109.61,328.83,173.75
2025-04-20,Desk Lamp,Furniture,East,1,195.32,195.32,110.5
2025-04-20,USB-C Hub,Electronics,East,3,116.68,350.04,242.57
2025-04-20,USB-C Hub,Electronics,South,2,84.24,168.48,116.02
2025-04-20,Water Bottle,Home & Kitchen,South,3,12.54,37.62,24.84
2025-04-20,USB-C Hub,Electronics,North,4,26.12,104.48,68.66
2025-04-21,Ballpoint Pens (Pack),Stationery,East,5,8.63,43.15,21.67
2025-04-21,Office Chair,Furniture,Central,1,301.88,301.88,152.83
2025-04-21,Coffee Mug,Home & Kitchen,West,7,11.84,82.88,47.71
2025-04-21,Water Bottle,Home & Kitchen,South,7,9.54,66.78,46.49
2025-04-21,Wireless Mouse,Electronics,East,8,27.92,223.36,150.32
2025-04-21,Desk Lamp,Furniture,Central,5,323.69,1618.45,1115.63
2025-04-21,Office Chair,Furniture,West,2,133.85,267.7,145.2
2025-04-21,USB-C Hub,Electronics,Central,8,95.82,766.56,455.1
2025-04-21,Notebook Set,Stationery,West,6,10.21,61.26,41.18
2025-04-21,Coffee Mug,Home & Kitchen,East,7,9.29,65.03,44.12
2025-04-21,Wireless Mouse,Electronics,North,3,82.54,247.62,161.29
2025-04-21,Coffee Mug,Home & Kitchen,East,6,11.79,70.74,49.21
2025-04-21,USB-C Hub,Electronics,South,5,97.89,489.45,285.57
2025-04-21,USB-C Hub,Electronics,South,7,100.68,704.76,479.47
2025-04-22,USB-C Hub,Electronics,North,4,103.33,413.32,273.57
2025-04-22,Ballpoint Pens (Pack),Stationery,West,2,6.75,13.5,9.37
2025-04-22,Mechanical Keyboard,Electronics,East,2,27.1,54.2,34.0
2025-04-22,USB-C Hub,Electronics,South,2,52.13,104.26,59.6
2025-04-22,Ballpoint Pens (Pack),Stationery,West,6,6.89,41.34,24.38
2025-04-22,Water Bottle,Home & Kitchen,East,1,24.57,24.57,16.02
2025-04-22,Mechanical Keyboard,Electronics,East,2,19.04,38.08,19.27
2025-04-22,Coffee Mug,Home & Kitchen,East,5,12.96,64.8,42.12
2025-04-22,Water Bottle,Home & Kitchen,West,6,17.09,102.54,55.14
2025-04-22,Wireless Mouse,Electronics,Central,3,55.18,165.54,97.51
2025-04-22,Office Chair,Furniture,North,2,82.96,165.92,111.48
2025-04-22,Sticky Notes,Stationery,West,2,14.7,29.4,18.94
2025-04-22,Standing Desk,Furniture,South,4,169.15,676.6,389.92
2025-04-22,Mechanical Keyboard,Electronics,East,4,68.15,272.6,176.97
2025-04-22,Notebook Set,Stationery,West,5,9.02,45.1,25.37
2025-04-22,Standing Desk,Furniture,North,6,250.43,1502.58,926.78
2025-04-22,Ballpoint Pens (Pack),Stationery,East,3,8.3,24.9,15.7
2025-04-23,Desk Lamp,Furniture,Central,8,221.2,1769.6,1212.45
2025-04-23,Standing Desk,Furniture,East,6,67.65,405.9,212.86
2025-04-23,Wireless Mouse,Electronics,North,5,81.8,409.0,272.95
2025-04-23,Ballpoint Pens (Pack),Stationery,Central,6,9.36,56.16,28.43
2025-04-23,Desk Lamp,Furniture,West,7,97.14,679.98,455.53
2025-04-23,Office Chair,Furniture,South,6,328.65,1971.9,1280.18
2025-04-23,Water Bottle,Home & Kitchen,South,6,26.93,161.58,86.71
2025-04-23,Water Bottle,Home & Kitchen,East,7,22.7,158.9,86.38
2025-04-23,USB-C Hub,Electronics,East,3,47.7,143.1,75.07
2025-04-23,Mechanical Keyboard,Electronics,North,2,61.72,123.44,75.48
2025-04-23,Notebook Set,Stationery,South,5,3.62,18.1,10.6
2025-04-23,Standing Desk,Furniture,East,4,316.91,1267.64,651.17
2025-04-23,Desk Lamp,Furniture,Central,4,261.93,1047.72,715.17
2025-04-23,Desk Lamp,Furniture,East,3,106.12,318.36,186.21
2025-04-23,Standing Desk,Furniture,South,4,184.83,739.32,458.3
2025-04-23,USB-C Hub,Electronics,Central,7,84.4,590.8,313.5
2025-04-23,Ballpoint Pens (Pack),Stationery,West,6,10.55,63.3,32.25
2025-04-23,Coffee Mug,Home & Kitchen,West,6,10.28,61.68,42.35
2025-04-23,USB-C Hub,Electronics,Central,6,116.41,698.46,387.69
2025-04-24,Mechanical Keyboard,Electronics,West,5,101.27,506.35,262.0
2025-04-24,Notebook Set,Stationery,Central,6,7.03,42.18,21.93
2025-04-24,Wireless Mouse,Electronics,West,1,90.16,90.16,57.43
2025-04-24,Mechanical Keyboard,Electronics,Central,6,106.03,636.18,363.14
2025-04-24,Mechanical Keyboard,Electronics,South,1,102.83,102.83,71.05
2025-04-24,Mechanical Keyboard,Electronics,East,5,86.57,432.85,218.99
2025-04-24,Ballpoint Pens (Pack),Stationery,East,6,14.57,87.42,51.91
2025-04-24,Standing Desk,Furniture,North,5,298.33,1491.65,1004.72
2025-04-24,Sticky Notes,Stationery,South,2,4.28,8.56,5.75
2025-04-24,Office Chair,Furniture,West,4,192.46,769.84,510.19
2025-04-25,Notebook Set,Stationery,North,8,13.78,110.24,65.18
2025-04-25,Notebook Set,Stationery,West,7,10.33,72.31,43.61
2025-04-25,Desk Lamp,Furniture,South,7,73.7,515.9,293.66
2025-04-25,Office Chair,Furniture,South,7,133.85,936.95,601.36
2025-04-25,Mechanical Keyboard,Electronics,South,5,16.47,82.35,49.75
2025-04-25,Sticky Notes,Stationery,South,6,2.65,15.9,8.16
2025-04-25,Water Bottle,Home & Kitchen,South,1,12.77,12.77,8.65
2025-04-25,Mechanical Keyboard,Electronics,Central,4,89.65,358.6,219.92
2025-04-25,Sticky Notes,Stationery,Central,4,14.4,57.6,38.88
2025-04-25,USB-C Hub,Electronics,North,7,49.91,349.37,226.18
2025-04-25,Ballpoint Pens (Pack),Stationery,West,1,8.76,8.76,5.58
2025-04-25,Desk Lamp,Furniture,South,3,148.8,446.4,284.46
2025-04-25,Coffee Mug,Home & Kitchen,South,3,16.88,50.64,29.74
2025-04-25,Mechanical Keyboard,Electronics,West,8,36.1,288.8,171.02
2025-04-25,Standing Desk,Furniture,Central,4,154.59,618.36,369.64
2025-04-25,Notebook Set,Stationery,South,6,8.39,50.34,25.8
2025-04-25,Sticky Notes,Stationery,South,6,10.14,60.84,35.08
2025-04-26,Coffee Mug,Home & Kitchen,North,8,19.77,158.16,85.23
2025-04-26,USB-C Hub,Electronics,Central,2,106.19,212.38,139.5
2025-04-26,Wireless Mouse,Electronics,South,4,44.74,178.96,104.36
2025-04-26,Water Bottle,Home & Kitchen,Central,8,17.41,139.28,78.42
2025-04-26,Standing Desk,Furniture,Central,3,305.73,917.19,571.37
2025-04-26,Sticky Notes,Stationery,South,2,13.77,27.54,18.94
2025-04-26,Ballpoint Pens (Pack),Stationery,East,1,4.83,4.83,2.48
2025-04-26,Standing Desk,Furniture,West,6,264.34,1586.04,989.58
2025-04-26,Notebook Set,Stationery,South,8,13.5,108.0,60.65
2025-04-26,USB-C Hub,Electronics,East,4,82.33,329.32,206.82
2025-04-26,Standing Desk,Furniture,North,1,285.2,285.2,184.26
2025-04-26,Coffee Mug,Home & Kitchen,West,7,28.88,202.16,132.35
2025-04-26,Notebook Set,Stationery,West,1,5.03,5.03,2.96
2025-04-27,Water Bottle,Home & Kitchen,West,8,24.18,193.44,135.09
2025-04-27,Sticky Notes,Stationery,East,4,11.74,46.96,28.36
2025-04-27,Wireless Mouse,Electronics,North,4,85.48,341.92,193.89
2025-04-27,Sticky Notes,Stationery,South,8,13.48,107.84,69.66
2025-04-27,USB-C Hub,Electronics,North,4,23.37,93.48,54.88
2025-04-27,Desk Lamp,Furniture,North,5,289.3,1446.5,903.25
2025-04-27,Sticky Notes,Stationery,Central,5,11.16,55.8,36.07
2025-04-27,Desk Lamp,Furniture,West,8,144.76,1158.08,801.84
2025-04-27,Standing Desk,Furniture,West,2,237.52,475.04,323.78
2025-04-28,USB-C Hub,Electronics,South,6,25.13,150.78,98.95
2025-04-28,Office Chair,Furniture,South,8,339.03,2712.24,1650.13
2025-04-28,Water Bottle,Home & Kitchen,Central,5,16.48,82.4,54.55
2025-04-28,Wireless Mouse,Electronics,South,1,107.21,107.21,69.79
2025-04-28,Wireless Mouse,Electronics,West,7,54.26,379.82,203.41
2025-04-28,Coffee Mug,Home & Kitchen,East,6,21.87,131.22,80.56
2025-04-28,Mechanical Keyboard,Electronics,North,5,97.59,487.95,314.09
2025-04-28,Ballpoint Pens (Pack),Stationery,North,5,14.44,72.2,41.85
2025-04-28,USB-C Hub,Electronics,Central,8,58.17,465.36,312.48
2025-04-28,Desk Lamp,Furniture,East,6,79.79,478.74,320.83
2025-04-28,Desk Lamp,Furniture,South,4,148.21,592.84,399.31
2025-04-28,Desk Lamp,Furniture,South,2,345.59,691.18,391.45
2025-04-28,Wireless Mouse,Electronics,East,1,117.1,117.1,74.41
2025-04-28,Wireless Mouse,Electronics,South,7,90.22,631.54,347.13
2025-04-28,Mechanical Keyboard,Electronics,South,5,100.81,504.05,296.36
2025-04-29,Sticky Notes,Stationery,Central,8,12.99,103.92,68.25
2025-04-29,Ballpoint Pens (Pack),Stationery,Central,5,10.34,51.7,26.21
2025-04-29,Mechanical Keyboard,Electronics,West,3,67.05,201.15,114.28
2025-04-29,Mechanical Keyboard,Electronics,West,6,118.38,710.28,388.66
2025-04-29,Office Chair,Furniture,South,5,252.11,1260.55,728.47
2025-04-29,Mechanical Keyboard,Electronics,Central,7,88.41,618.87,357.98
2025-04-29,Ballpoint Pens (Pack),Stationery,North,5,7.51,37.55,22.76
2025-04-29,Notebook Set,Stationery,Central,7,13.02,91.14,52.35
2025-04-29,Ballpoint Pens (Pack),Stationery,West,2,3.6,7.2,4.45
2025-04-29,Office Chair,Furniture,Central,2,269.18,538.36,350.16
2025-04-29,Ballpoint Pens (Pack),Stationery,North,1,9.51,9.51,5.06
2025-04-29,Standing Desk,Furniture,East,6,206.67,1240.02,620.03
2025-04-29,Wireless Mouse,Electronics,South,8,67.57,540.56,301.29
2025-04-29,Desk Lamp,Furniture,Central,5,85.43,427.15,259.95
2025-04-30,Standing Desk,Furniture,Central,8,234.64,1877.12,1017.22
2025-04-30,Coffee Mug,Home & Kitchen,South,3,18.36,55.08,34.68
2025-04-30,Office Chair,Furniture,West,6,346.61,2079.66,1366.81
2025-04-30,Standing Desk,Furniture,East,8,320.13,2561.04,1577.6
2025-04-30,Standing Desk,Furniture,West,5,324.2,1621.0,866.69
2025-04-30,Ballpoint Pens (Pack),Stationery,East,1,7.48,7.48,4.1
2025-04-30,Desk Lamp,Furniture,North,5,151.41,757.05,445.68
2025-04-30,Mechanical Keyboard,Electronics,East,3,84.25,252.75,139.18
2025-04-30,Ballpoint Pens (Pack),Stationery,West,1,12.47,12.47,6.38
2025-04-30,Mechanical Keyboard,Electronics,North,1,30.17,30.17,19.17
2025-04-30,Notebook Set,Stationery,East,2,5.11,10.22,5.91
2025-04-30,Ballpoint Pens (Pack),Stationery,Central,4,12.26,49.04,32.32
2025-04-30,Office Chair,Furniture,South,4,212.82,851.28,461.44
2025-04-30,Notebook Set,Stationery,Central,3,7.82,23.46,15.11
2025-04-30,Sticky Notes,Stationery,North,7,5.24,36.68,24.27
2025-05-01,Water Bottle,Home & Kitchen,Central,4,21.9,87.6,46.13
2025-05-01,Coffee Mug,Home & Kitchen,Central,1,21.13,21.13,10.69
2025-05-01,Office Chair,Furniture,South,5,323.52,1617.6,827.41
2025-05-01,Notebook Set,Stationery,West,3,10.61,31.83,19.32
2025-05-01,Wireless Mouse,Electronics,West,7,61.24,428.68,287.5
2025-05-01,Ballpoint Pens (Pack),Stationery,South,8,14.78,118.24,74.54
2025-05-01,Ballpoint Pens (Pack),Stationery,East,7,13.63,95.41,48.33
2025-05-02,Office Chair,Furniture,West,5,183.1,915.5,479.24
2025-05-02,Office Chair,Furniture,South,3,221.27,663.81,378.4
2025-05-02,Sticky Notes,Stationery,Central,5,8.97,44.85,25.95
2025-05-02,Office Chair,Furniture,South,5,129.08,645.4,356.83
2025-05-02,Notebook Set,Stationery,South,6,7.16,42.96,24.25
2025-05-02,Wireless Mouse,Electronics,West,3,73.04,219.12,137.97
2025-05-02,Desk Lamp,Furniture,Central,1,240.36,240.36,141.03
2025-05-02,Water Bottle,Home & Kitchen,Central,3,27.28,81.84,46.04
2025-05-02,Wireless Mouse,Electronics,East,2,106.48,212.96,138.32
2025-05-02,Desk Lamp,Furniture,Central,8,125.45,1003.6,548.94
2025-05-02,Notebook Set,Stationery,East,7,8.49,59.43,36.91
2025-05-02,Ballpoint Pens (Pack),Stationery,West,3,7.58,22.74,13.09
2025-05-03,Water Bottle,Home & Kitchen,North,6,11.25,67.5,33.9
2025-05-03,Ballpoint Pens (Pack),Stationery,East,1,7.45,7.45,5.2
2025-05-03,Ballpoint Pens (Pack),Stationery,West,4,13.66,54.64,31.24
2025-05-03,Sticky Notes,Stationery,West,1,13.58,13.58,8.86
2025-05-03,Wireless Mouse,Electronics,West,6,106.6,639.6,435.55
2025-05-03,Water Bottle,Home & Kitchen,North,6,20.5,123.0,82.82
2025-05-03,Water Bottle,Home & Kitchen,South,3,17.59,52.77,28.31
2025-05-03,USB-C Hub,Electronics,South,2,46.89,93.78,61.27
2025-05-03,Office Chair,Furniture,Central,6,323.88,1943.28,1052.72
2025-05-03,Wireless Mouse,Electronics,South,2,48.27,96.54,48.53
2025-05-03,Water Bottle,Home & Kitchen,West,6,25.98,155.88,90.76
2025-05-03,Mechanical Keyboard,Electronics,North,3,69.48,208.44,131.24
2025-05-03,Mechanical Keyboard,Electronics,West,4,118.06,472.24,314.78
2025-05-03,USB-C Hub,Electronics,North,5,47.97,239.85,147.89
2025-05-03,Coffee Mug,Home & Kitchen,Central,7,8.16,57.12,35.89
2025-05-04,Sticky Notes,Stationery,East,1,6.67,6.67,4.49
2025-05-04,Sticky Notes,Stationery,South,2,7.31,14.62,9.44
2025-05-04,Desk Lamp,Furniture,Central,7,237.85,1664.95,922.99
2025-05-04,Wireless Mouse,Electronics,Central,4,72.08,288.32,170.63
2025-05-04,Coffee Mug,Home & Kitchen,South,8,16.2,129.6,78.03
2025-05-04,Standing Desk,Furniture,Central,8,175.74,1405.92,923.93
2025-05-04,Wireless Mouse,Electronics,East,7,119.64,837.48,484.29
2025-05-04,Mechanical Keyboard,Electronics,East,1,105.2,105.2,68.98
2025-05-04,Office Chair,Furniture,East,1,242.23,242.23,123.79
2025-05-04,Desk Lamp,Furniture,North,6,301.98,1811.88,1158.24
2025-05-04,Notebook Set,Stationery,East,8,12.74,101.92,65.22
2025-05-04,Office Chair,Furniture,Central,2,149.43,298.86,201.81
2025-05-04,Coffee Mug,Home & Kitchen,North,4,24.87,99.48,61.01
2025-05-05,Notebook Set,Stationery,North,2,13.78,27.56,14.17
2025-05-05,Standing Desk,Furniture,South,5,126.08,630.4,394.93
2025-05-05,Wireless Mouse,Electronics,South,7,83.04,581.28,312.98
2025-05-05,Water Bottle,Home & Kitchen,Central,2,8.16,16.32,11.12
2025-05-05,Sticky Notes,Stationery,South,2,4.11,8.22,5.62
2025-05-05,Wireless Mouse,Electronics,South,5,55.52,277.6,163.39
2025-05-05,Water Bottle,Home & Kitchen,South,6,20.15,120.9,70.46
2025-05-05,Sticky Notes,Stationery,North,6,2.65,15.9,9.72
2025-05-05,Water Bottle,Home & Kitchen,East,4,27.03,108.12,55.21
2025-05-05,Mechanical Keyboard,Electronics,East,5,38.19,190.95,108.19
2025-05-05,Sticky Notes,Stationery,North,1,14.57,14.57,8.08
2025-05-05,Mechanical Keyboard,Electronics,East,2,51.49,102.98,53.84
2025-05-05,Standing Desk,Furniture,East,7,317.7,2223.9,1161.11
2025-05-05,Mechanical Keyboard,Electronics,North,1,106.11,106.11,72.38
2025-05-05,Notebook Set,Stationery,West,6,10.67,64.02,43.2
2025-05-05,Water Bottle,Home & Kitchen,West,4,15.93,63.72,39.77
2025-05-05,Desk Lamp,Furniture,Central,1,126.3,126.3,66.5
2025-05-06,Sticky Notes,Stationery,North,7,14.64,102.48,57.59
2025-05-06,Water Bottle,Home & Kitchen,North,7,19.37,135.59,78.75
2025-05-06,Desk Lamp,Furniture,Central,1,278.04,278.04,143.58
2025-05-06,Office Chair,Furniture,North,4,92.97,371.88,186.3
2025-05-06,Ballpoint Pens (Pack),Stationery,Central,5,7.93,39.65,26.08
2025-05-06,Ballpoint Pens (Pack),Stationery,South,3,12.48,37.44,24.44
2025-05-06,Mechanical Keyboard,Electronics,Central,7,73.54,514.78,325.99
2025-05-06,Sticky Notes,Stationery,East,4,11.77,47.08,29.95
2025-05-06,Standing Desk,Furniture,North,8,139.42,1115.36,664.01
2025-05-06,Coffee Mug,Home & Kitchen,West,2,18.67,37.34,22.94
2025-05-07,Wireless Mouse,Electronics,West,2,68.21,136.42,71.6
2025-05-07,Sticky Notes,Stationery,North,6,9.61,57.66,30.28
2025-05-07,Mechanical Keyboard,Electronics,East,3,68.96,206.88,106.2
2025-05-07,Notebook Set,Stationery,North,8,10.68,85.44,58.27
2025-05-07,Standing Desk,Furniture,East,6,131.18,787.08,421.75
2025-05-07,Mechanical Keyboard,Electronics,East,7,79.37,555.59,353.9
2025-05-07,Standing Desk,Furniture,North,6,126.09,756.54,456.6
2025-05-07,Wireless Mouse,Electronics,Central,2,36.17,72.34,45.12
2025-05-08,Ballpoint Pens (Pack),Stationery,North,6,14.44,86.64,45.08
2025-05-08,Coffee Mug,Home & Kitchen,East,2,15.19,30.38,19.9
2025-05-08,Sticky Notes,Stationery,West,4,13.34,53.36,30.89
2025-05-08,Mechanical Keyboard,Electronics,Central,1,71.19,71.19,41.04
2025-05-08,Sticky Notes,Stationery,East,3,14.73,44.19,22.3
2025-05-08,Coffee Mug,Home & Kitchen,Central,1,28.61,28.61,15.88
2025-05-08,Desk Lamp,Furniture,North,4,61.99,247.96,159.35
2025-05-08,Mechanical Keyboard,Electronics,Central,1,68.72,68.72,34.75
2025-05-08,Ballpoint Pens (Pack),Stationery,West,4,14.98,59.92,32.44
2025-05-08,Ballpoint Pens (Pack),Stationery,South,7,5.4,37.8,25.83
2025-05-08,Notebook Set,Stationery,North,6,5.04,30.24,20.22
2025-05-08,USB-C Hub,Electronics,West,6,42.32,253.92,144.43
2025-05-09,Office Chair,Furniture,Central,8,282.97,2263.76,1438.41
2025-05-09,Desk Lamp,Furniture,Central,7,182.03,1274.21,819.32
2025-05-09,Coffee Mug,Home & Kitchen,Central,8,14.91,119.28,65.8
2025-05-09,Office Chair,Furniture,North,7,289.43,2026.01,1297.13
2025-05-09,Notebook Set,Stationery,East,7,10.33,72.31,46.25
2025-05-09,Standing Desk,Furniture,South,7,179.69,1257.83,794.67
2025-05-09,USB-C Hub,Electronics,South,5,36.38,181.9,110.51
2025-05-09,Coffee Mug,Home & Kitchen,East,5,11.42,57.1,29.28
2025-05-09,Ballpoint Pens (Pack),Stationery,East,8,10.09,80.72,46.79
2025-05-09,Desk Lamp,Furniture,North,3,285.32,855.96,542.9
2025-05-09,Notebook Set,Stationery,South,4,6.51,26.04,14.11
2025-05-09,Wireless Mouse,Electronics,North,3,28.4,85.2,54.53
2025-05-09,Sticky Notes,Stationery,West,6,10.84,65.04,33.48
2025-05-09,Standing Desk,Furniture,Central,4,157.38,629.52,409.76
2025-05-09,Ballpoint Pens (Pack),Stationery,East,4,14.62,58.48,30.73
2025-05-09,USB-C Hub,Electronics,East,5,37.59,187.95,103.33
2025-05-09,Desk Lamp,Furniture,South,2,202.15,404.3,232.86
2025-05-09,Wireless Mouse,Electronics,West,3,117.07,351.21,230.36
2025-05-09,Notebook Set,Stationery,North,1,3.0,3.0,1.99
2025-05-09,USB-C Hub,Electronics,South,2,90.15,180.3,96.6
2025-05-10,Notebook Set,Stationery,Central,4,6.62,26.48,14.63
2025-05-10,USB-C Hub,Electronics,South,7,100.98,706.86,371.47
2025-05-10,Standing Desk,Furniture,East,6,197.69,1186.14,669.42
2025-05-10,Coffee Mug,Home & Kitchen,West,8,25.82,206.56,134.92
2025-05-10,Mechanical Keyboard,Electronics,North,6,94.96,569.76,306.1
2025-05-10,USB-C Hub,Electronics,West,4,50.46,201.84,109.3
2025-05-10,Notebook Set,Stationery,Central,4,13.09,52.36,32.12
2025-05-10,Office Chair,Furniture,South,4,89.06,356.24,210.47
2025-05-10,Sticky Notes,Stationery,West,7,6.95,48.65,32.88
2025-05-11,Desk Lamp,Furniture,West,5,256.01,1280.05,834.55
2025-05-11,Sticky Notes,Stationery,West,2,8.26,16.52,9.9
2025-05-11,Coffee Mug,Home & Kitchen,West,4,29.96,119.84,62.88
2025-05-11,Water Bottle,Home & Kitchen,Central,5,14.0,70.0,36.65
2025-05-11,Office Chair,Furniture,North,1,143.83,143.83,96.31
2025-05-11,Desk Lamp,Furniture,Central,7,320.61,2244.27,1213.87
2025-05-11,USB-C Hub,Electronics,West,1,28.71,28.71,19.88
2025-05-11,Sticky Notes,Stationery,West,6,5.49,32.94,19.01
2025-05-11,Mechanical Keyboard,Electronics,North,7,52.23,365.61,201.31
2025-05-11,Ballpoint Pens (Pack),Stationery,South,7,5.77,40.39,20.34
2025-05-11,Desk Lamp,Furniture,West,8,73.1,584.8,369.73
2025-05-11,USB-C Hub,Electronics,West,6,75.19,451.14,277.74
2025-05-11,Desk Lamp,Furniture,Central,7,236.29,1654.03,926.06
2025-05-11,Standing Desk,Furniture,South,4,224.54,898.16,467.3
2025-05-11,Desk Lamp,Furniture,Central,7,100.29,702.03,438.71
2025-05-12,Sticky Notes,Stationery,North,1,9.47,9.47,6.12
2025-05-12,Coffee Mug,Home & Kitchen,Central,2,10.28,20.56,10.29
2025-05-12,Wireless Mouse,Electronics,Central,6,16.5,99.0,61.96
2025-05-12,USB-C Hub,Electronics,Central,7,110.43,773.01,413.06
2025-05-12,Notebook Set,Stationery,East,8,10.96,87.68,56.81
2025-05-12,USB-C Hub,Electronics,East,6,37.25,223.5,117.4
2025-05-12,Wireless Mouse,Electronics,Central,2,62.62,125.24,68.56
2025-05-12,Coffee Mug,Home & Kitchen,West,6,28.84,173.04,101.49
2025-05-12,USB-C Hub,Electronics,North,2,72.55,145.1,100.97
2025-05-12,Notebook Set,Stationery,West,2,12.13,24.26,15.07
2025-05-12,Ballpoint Pens (Pack),Stationery,North,3,8.08,24.24,15.06
2025-05-12,Water Bottle,Home & Kitchen,South,6,15.0,90.0,46.39
2025-05-12,Ballpoint Pens (Pack),Stationery,East,4,3.76,15.04,10.21
2025-05-12,Office Chair,Furniture,West,8,172.89,1383.12,820.94
2025-05-13,Ballpoint Pens (Pack),Stationery,East,8,8.07,64.56,32.74
2025-05-13,Mechanical Keyboard,Electronics,East,4,40.21,160.84,91.25
2025-05-13,Notebook Set,Stationery,Central,7,13.91,97.37,66.68
2025-05-13,Office Chair,Furniture,North,2,232.51,465.02,324.3
2025-05-13,Standing Desk,Furniture,South,3,185.38,556.14,301.68
2025-05-13,Coffee Mug,Home & Kitchen,Central,1,14.85,14.85,9.11
2025-05-13,Office Chair,Furniture,North,6,245.77,1474.62,849.13
2025-05-13,Ballpoint Pens (Pack),Stationery,North,4,13.79,55.16,28.5
2025-05-13,Standing Desk,Furniture,East,3,278.91,836.73,472.77
2025-05-13,Office Chair,Furniture,East,6,298.92,1793.52,1100.55
2025-05-13,Standing Desk,Furniture,Central,7,187.06,1309.42,822.66
2025-05-13,Desk Lamp,Furniture,South,2,203.9,407.8,204.43
2025-05-13,Notebook Set,Stationery,East,2,14.29,28.58,14.73
2025-05-13,Standing Desk,Furniture,North,3,344.19,1032.57,711.76
2025-05-13,Desk Lamp,Furniture,North,2,101.1,202.2,127.42
2025-05-13,Coffee Mug,Home & Kitchen,North,5,16.37,81.85,50.83
2025-05-14,Notebook Set,Stationery,South,7,14.12,98.84,53.13
2025-05-14,Notebook Set,Stationery,East,6,8.32,49.92,34.39
2025-05-14,Ballpoint Pens (Pack),Stationery,Central,7,8.23,57.61,30.95
2025-05-14,Coffee Mug,Home & Kitchen,Central,7,23.2,162.4,87.89
2025-05-14,USB-C Hub,Electronics,West,3,100.24,300.72,175.44
2025-05-14,Ballpoint Pens (Pack),Stationery,North,7,5.68,39.76,24.17
2025-05-14,Mechanical Keyboard,Electronics,East,8,52.24,417.92,275.51
2025-05-14,Sticky Notes,Stationery,East,6,2.38,14.28,9.66
2025-05-14,USB-C Hub,Electronics,Central,8,74.46,595.68,387.59
2025-05-14,Coffee Mug,Home & Kitchen,West,7,21.65,151.55,81.53
2025-05-14,Desk Lamp,Furniture,West,1,206.36,206.36,126.64
2025-05-14,Office Chair,Furniture,North,4,277.05,1108.2,715.71
2025-05-14,Mechanical Keyboard,Electronics,North,3,20.17,60.51,31.94
2025-05-14,Office Chair,Furniture,Central,6,301.4,1808.4,1155.29
2025-05-14,USB-C Hub,Electronics,Central,3,118.06,354.18,233.01
2025-05-14,Office Chair,Furniture,East,3,227.14,681.42,355.1
2025-05-14,Mechanical Keyboard,Electronics,South,8,95.13,761.04,481.19
2025-05-14,Coffee Mug,Home & Kitchen,South,8,28.73,229.84,152.69
2025-05-14,Office Chair,Furniture,West,1,267.14,267.14,154.04
2025-05-14,Notebook Set,Stationery,East,2,12.35,24.7,14.62
2025-05-14,Office Chair,Furniture,North,7,66.73,467.11,296.73
2025-05-14,Sticky Notes,Stationery,East,2,3.84,7.68,4.75
2025-05-15,Mechanical Keyboard,Electronics,North,4,16.06,64.24,34.93
2025-05-15,Mechanical Keyboard,Electronics,East,2,75.82,151.64,104.94
2025-05-15,Ballpoint Pens (Pack),Stationery,Central,7,10.13,70.91,49.62
2025-05-15,Standing Desk,Furniture,Central,6,141.86,851.16,500.66
2025-05-15,Coffee Mug,Home & Kitchen,South,1,22.3,22.3,14.55
2025-05-15,Mechanical Keyboard,Electronics,West,2,85.79,171.58,113.55
2025-05-15,Standing Desk,Furniture,North,6,93.25,559.5,305.78
2025-05-15,Office Chair,Furniture,Central,2,64.04,128.08,82.28
2025-05-15,Standing Desk,Furniture,North,1,179.17,179.17,115.72
2025-05-15,Coffee Mug,Home & Kitchen,East,2,25.51,51.02,27.66
2025-05-15,Desk Lamp,Furniture,North,7,202.99,1420.93,827.37
2025-05-15,Standing Desk,Furniture,West,7,139.66,977.62,522.17
2025-05-16,Coffee Mug,Home & Kitchen,North,2,22.28,44.56,30.66
2025-05-16,Sticky Notes,Stationery,East,2,8.83,17.66,11.75
2025-05-16,Wireless Mouse,Electronics,North,5,55.32,276.6,187.53
2025-05-16,Water Bottle,Home & Kitchen,Central,7,25.26,176.82,122.42
2025-05-16,Sticky Notes,Stationery,North,3,4.96,14.88,8.91
2025-05-16,Notebook Set,Stationery,West,1,9.29,9.29,5.63
2025-05-16,Water Bottle,Home & Kitchen,Central,5,18.12,90.6,46.92
2025-05-16,Mechanical Keyboard,Electronics,Central,4,103.59,414.36,243.94
2025-05-16,Wireless Mouse,Electronics,East,2,16.33,32.66,17.85
2025-05-16,Wireless Mouse,Electronics,Central,1,34.4,34.4,22.05
2025-05-16,Standing Desk,Furniture,Central,3,316.93,950.79,615.73
2025-05-16,Wireless Mouse,Electronics,East,5,47.46,237.3,125.61
2025-05-16,Desk Lamp,Furniture,Central,7,228.1,1596.7,805.15
2025-05-16,Mechanical Keyboard,Electronics,Central,8,59.08,472.64,270.32
2025-05-16,Wireless Mouse,Electronics,East,2,79.94,159.88,86.8
2025-05-16,Ballpoint Pens (Pack),Stationery,West,7,11.14,77.98,49.68
2025-05-16,Notebook Set,Stationery,Central,5,10.97,54.85,28.91
2025-05-16,Water Bottle,Home & Kitchen,North,8,26.33,210.64,108.31
2025-05-16,Mechanical Keyboard,Electronics,Central,7,75.28,526.96,357.99
2025-05-16,Wireless Mouse,Electronics,East,6,61.19,367.14,196.14
2025-05-16,Office Chair,Furniture,Central,7,248.54,1739.78,1208.1
2025-05-16,Mechanical Keyboard,Electronics,West,1,114.79,114.79,79.25
2025-05-16,Ballpoint Pens (Pack),Stationery,South,4,2.81,11.24,7.42
2025-05-16,Notebook Set,Stationery,Central,7,3.3,23.1,13.23
2025-05-17,Sticky Notes,Stationery,Central,4,5.25,21.0,13.65
2025-05-17,Wireless Mouse,Electronics,East,8,19.14,153.12,101.88
2025-05-17,USB-C Hub,Electronics,West,6,55.77,334.62,174.06
2025-05-17,Notebook Set,Stationery,East,7,6.36,44.52,30.67
2025-05-17,Mechanical Keyboard,Electronics,North,3,19.09,57.27,28.84
2025-05-17,Desk Lamp,Furniture,Central,4,225.21,900.84,483.89
2025-05-17,Notebook Set,Stationery,South,6,6.49,38.94,22.19
2025-05-17,Office Chair,Furniture,South,6,236.15,1416.9,860.2
2025-05-17,Sticky Notes,Stationery,West,2,10.7,21.4,13.87
2025-05-17,Office Chair,Furniture,North,5,336.58,1682.9,1065.42
2025-05-17,Ballpoint Pens (Pack),Stationery,Central,6,3.61,21.66,11.11
2025-05-17,Office Chair,Furniture,South,4,63.97,255.88,175.65
2025-05-18,Notebook Set,Stationery,East,5,10.53,52.65,26.49
2025-05-18,Standing Desk,Furniture,North,6,273.38,1640.28,1000.0
2025-05-18,Wireless Mouse,Electronics,Central,1,79.12,79.12,51.2
2025-05-18,Coffee Mug,Home & Kitchen,North,5,25.11,125.55,81.93
2025-05-18,Mechanical Keyboard,Electronics,Central,4,95.68,382.72,205.73
2025-05-18,USB-C Hub,Electronics,West,7,23.35,163.45,113.33
2025-05-18,Mechanical Keyboard,Electronics,West,8,48.42,387.36,248.42
2025-05-18,Water Bottle,Home & Kitchen,South,7,19.89,139.23,86.72
2025-05-18,Sticky Notes,Stationery,Central,2,10.97,21.94,14.62
2025-05-18,Ballpoint Pens (Pack),Stationery,West,1,12.46,12.46,8.55
2025-05-18,Wireless Mouse,Electronics,East,7,32.12,224.84,145.82
2025-05-18,Sticky Notes,Stationery,Central,7,11.3,79.1,41.15
2025-05-18,Coffee Mug,Home & Kitchen,North,4,26.43,105.72,54.57
2025-05-18,USB-C Hub,Electronics,North,2,40.28,80.56,54.11
2025-05-19,Office Chair,Furniture,Central,3,281.64,844.92,425.27
2025-05-19,Notebook Set,Stationery,South,5,11.46,57.3,38.28
2025-05-19,USB-C Hub,Electronics,South,7,84.64,592.48,374.55
2025-05-19,Wireless Mouse,Electronics,South,5,48.44,242.2,160.02
2025-05-19,Office Chair,Furniture,South,2,333.08,666.16,375.96
2025-05-19,Coffee Mug,Home & Kitchen,West,7,12.14,84.98,55.78
2025-05-19,Ballpoint Pens (Pack),Stationery,Central,1,13.31,13.31,8.36
2025-05-19,Water Bottle,Home & Kitchen,Central,5,21.13,105.65,60.69
2025-05-19,Mechanical Keyboard,Electronics,North,4,90.05,360.2,214.85
2025-05-19,Notebook Set,Stationery,South,2,10.14,20.28,12.28
2025-05-20,Desk Lamp,Furniture,West,6,66.95,401.7,222.88
2025-05-20,Desk Lamp,Furniture,West,7,71.97,503.79,342.17
2025-05-20,Ballpoint Pens (Pack),Stationery,East,7,13.31,93.17,48.7
2025-05-20,Desk Lamp,Furniture,Central,3,222.79,668.37,360.1
2025-05-20,Wireless Mouse,Electronics,North,4,82.42,329.68,227.0
2025-05-20,Ballpoint Pens (Pack),Stationery,South,1,13.58,13.58,9.45
2025-05-20,Office Chair,Furniture,South,4,318.44,1273.76,762.1
2025-05-20,Coffee Mug,Home & Kitchen,East,7,12.1,84.7,44.33
2025-05-20,Standing Desk,Furniture,Central,5,248.37,1241.85,757.61
2025-05-20,Wireless Mouse,Electronics,West,8,52.7,421.6,239.85
2025-05-20,Desk Lamp,Furniture,West,6,146.8,880.8,472.02
2025-05-20,USB-C Hub,Electronics,West,4,42.86,171.44,108.64
2025-05-20,Desk Lamp,Furniture,North,7,113.24,792.68,429.28
2025-05-20,Mechanical Keyboard,Electronics,North,8,65.46,523.68,290.51
2025-05-20,Sticky Notes,Stationery,West,8,7.3,58.4,34.41
2025-05-20,Mechanical Keyboard,Electronics,North,4,22.07,88.28,60.99
2025-05-20,USB-C Hub,Electronics,West,8,106.74,853.92,540.94
2025-05-20,Sticky Notes,Stationery,Central,7,5.68,39.76,27.45
2025-05-20,Desk Lamp,Furniture,North,6,340.69,2044.14,1050.55
2025-05-20,Office Chair,Furniture,East,7,214.07,1498.49,783.2
2025-05-20,Office Chair,Furniture,North,3,318.73,956.19,577.78
2025-05-20,Water Bottle,Home & Kitchen,Central,8,17.46,139.68,84.06
2025-05-20,Desk Lamp,Furniture,North,5,178.86,894.3,535.53
2025-05-20,Desk Lamp,Furniture,Central,4,194.3,777.2,495.5
2025-05-20,Desk Lamp,Furniture,South,3,82.58,247.74,171.28
2025-05-20,Desk Lamp,Furniture,East,3,331.2,993.6,608.33
2025-05-20,Office Chair,Furniture,East,2,129.16,258.32,137.38
2025-05-20,Ballpoint Pens (Pack),Stationery,North,2,2.65,5.3,3.44
2025-05-20,Coffee Mug,Home & Kitchen,Central,1,17.74,17.74,11.3
2025-05-21,Desk Lamp,Furniture,East,8,131.51,1052.08,643.96
2025-05-21,Office Chair,Furniture,Central,2,348.33,696.66,458.68
2025-05-21,Water Bottle,Home & Kitchen,South,7,21.72,152.04,83.59
2025-05-21,Coffee Mug,Home & Kitchen,Central,1,24.59,24.59,13.31
2025-05-21,Coffee Mug,Home & Kitchen,West,6,18.43,110.58,75.21
2025-05-21,Office Chair,Furniture,West,1,135.23,135.23,81.82
2025-05-21,Desk Lamp,Furniture,Central,1,170.08,170.08,95.14
2025-05-21,Sticky Notes,Stationery,South,1,12.98,12.98,8.36
2025-05-21,Desk Lamp,Furniture,Central,8,137.6,1100.8,761.5
2025-05-21,Office Chair,Furniture,North,3,258.45,775.35,394.32
2025-05-21,USB-C Hub,Electronics,West,5,76.52,382.6,198.34
2025-05-21,Mechanical Keyboard,Electronics,South,3,19.0,57.0,39.76
2025-05-21,Water Bottle,Home & Kitchen,Central,6,15.14,90.84,60.69
2025-05-21,Notebook Set,Stationery,East,3,2.02,6.06,4.13
2025-05-21,Ballpoint Pens (Pack),Stationery,West,6,2.6,15.6,10.81
2025-05-21,Notebook Set,Stationery,North,8,8.04,64.32,35.25
2025-05-21,Notebook Set,Stationery,West,5,5.54,27.7,14.28
2025-05-21,Wireless Mouse,Electronics,South,3,37.92,113.76,75.33
2025-05-21,Office Chair,Furniture,West,7,199.52,1396.64,794.09
2025-05-21,USB-C Hub,Electronics,North,7,107.97,755.79,441.32
2025-05-21,USB-C Hub,Electronics,South,5,36.63,183.15,97.04
2025-05-22,Desk Lamp,Furniture,Central,4,108.84,435.36,228.08
2025-05-22,Mechanical Keyboard,Electronics,South,6,64.07,384.42,230.52
2025-05-22,Coffee Mug,Home & Kitchen,South,5,24.19,120.95,83.44
2025-05-22,Desk Lamp,Furniture,Central,8,126.86,1014.88,648.18
2025-05-22,Notebook Set,Stationery,Central,8,3.7,29.6,19.56
2025-05-22,Desk Lamp,Furniture,Central,7,225.85,1580.95,881.13
2025-05-22,Sticky Notes,Stationery,South,2,2.19,4.38,2.68
2025-05-22,Desk Lamp,Furniture,Central,8,115.22,921.76,525.4
2025-05-22,USB-C Hub,Electronics,West,2,78.62,157.24,84.06
2025-05-22,Sticky Notes,Stationery,West,3,12.94,38.82,21.35
2025-05-22,Notebook Set,Stationery,East,8,12.72,101.76,63.51
2025-05-22,Water Bottle,Home & Kitchen,North,7,22.57,157.99,101.47
2025-05-22,Desk Lamp,Furniture,West,3,156.66,469.98,242.26
2025-05-22,Mechanical Keyboard,Electronics,Central,8,15.56,124.48,65.73
2025-05-23,USB-C Hub,Electronics,North,6,39.76,238.56,146.76
2025-05-23,Desk Lamp,Furniture,West,1,213.22,213.22,142.83
2025-05-23,Mechanical Keyboard,Electronics,North,2,45.03,90.06,59.88
2025-05-23,Coffee Mug,Home & Kitchen,Central,2,8.97,17.94,10.38
2025-05-23,Desk Lamp,Furniture,North,7,242.58,1698.06,994.93
2025-05-23,Wireless Mouse,Electronics,South,8,114.56,916.48,639.22
2025-05-23,Wireless Mouse,Electronics,South,5,109.47,547.35,295.49
2025-05-23,Ballpoint Pens (Pack),Stationery,North,6,13.89,83.34,57.4
2025-05-23,Coffee Mug,Home & Kitchen,East,6,16.34,98.04,56.8
2025-05-23,Water Bottle,Home & Kitchen,East,7,23.71,165.97,93.11
2025-05-23,Wireless Mouse,Electronics,North,1,102.87,102.87,56.85
2025-05-23,Ballpoint Pens (Pack),Stationery,Central,5,11.85,59.25,39.24
2025-05-23,Office Chair,Furniture,South,3,269.83,809.49,440.85
2025-05-24,Ballpoint Pens (Pack),Stationery,West,3,14.95,44.85,24.83
2025-05-24,Wireless Mouse,Electronics,North,6,43.97,263.82,184.63
2025-05-24,Notebook Set,Stationery,North,1,2.25,2.25,1.16
2025-05-24,Mechanical Keyboard,Electronics,Central,7,32.08,224.56,140.27
2025-05-24,Water Bottle,Home & Kitchen,South,5,10.82,54.1,37.55
2025-05-24,Water Bottle,Home & Kitchen,West,4,21.93,87.72,55.72
2025-05-24,Wireless Mouse,Electronics,North,8,53.91,431.28,275.12
2025-05-25,Mechanical Keyboard,Electronics,Central,4,92.22,368.88,233.52
2025-05-25,Sticky Notes,Stationery,East,5,10.3,51.5,32.63
2025-05-25,Water Bottle,Home & Kitchen,Central,2,22.88,45.76,30.68
2025-05-25,Sticky Notes,Stationery,East,3,7.24,21.72,12.26
2025-05-25,Wireless Mouse,Electronics,North,8,105.49,843.92,563.9
2025-05-25,Ballpoint Pens (Pack),Stationery,North,2,7.22,14.44,9.5
2025-05-25,Coffee Mug,Home & Kitchen,West,2,8.84,17.68,9.39
2025-05-25,Notebook Set,Stationery,South,8,12.07,96.56,59.97
2025-05-25,Coffee Mug,Home & Kitchen,North,7,21.56,150.92,87.18
2025-05-25,Coffee Mug,Home & Kitchen,East,7,24.21,169.47,103.58
2025-05-25,Sticky Notes,Stationery,Central,3,14.83,44.49,26.08
2025-05-25,Office Chair,Furniture,East,4,202.98,811.92,467.25
2025-05-25,Mechanical Keyboard,Electronics,East,3,67.67,203.01,129.36
2025-05-25,Mechanical Keyboard,Electronics,West,6,82.91,497.46,314.35
2025-05-25,Coffee Mug,Home & Kitchen,West,5,25.8,129.0,84.31
2025-05-25,Coffee Mug,Home & Kitchen,South,6,8.24,49.44,32.63
2025-05-25,Desk Lamp,Furniture,Central,1,265.31,265.31,165.89
2025-05-25,Office Chair,Furniture,East,5,268.52,1342.6,764.74
2025-05-25,Office Chair,Furniture,East,4,319.16,1276.64,750.83
2025-05-25,USB-C Hub,Electronics,West,8,68.14,545.12,347.31
2025-05-26,Office Chair,Furniture,South,2,85.79,171.58,119.22
2025-05-26,Ballpoint Pens (Pack),Stationery,North,2,4.27,8.54,5.11
2025-05-26,Office Chair,Furniture,West,2,152.61,305.22,181.53
2025-05-26,Coffee Mug,Home & Kitchen,North,5,8.62,43.1,21.68
2025-05-26,Mechanical Keyboard,Electronics,South,4,21.19,84.76,47.06
2025-05-26,Sticky Notes,Stationery,Central,1,3.22,3.22,1.77
2025-05-26,Water Bottle,Home & Kitchen,Central,3,23.98,71.94,37.09
2025-05-26,USB-C Hub,Electronics,West,8,113.6,908.8,530.83
2025-05-26,Standing Desk,Furniture,East,7,272.12,1904.84,1114.82
2025-05-26,Coffee Mug,Home & Kitchen,North,6,12.31,73.86,50.4
2025-05-26,Desk Lamp,Furniture,Central,8,316.35,2530.8,1564.31
2025-05-26,Standing Desk,Furniture,Central,8,259.41,2075.28,1290.4
2025-05-26,Wireless Mouse,Electronics,Central,4,38.39,153.56,87.45
2025-05-26,Mechanical Keyboard,Electronics,Central,8,71.14,569.12,292.58
2025-05-26,Notebook Set,Stationery,West,7,7.01,49.07,32.82
2025-05-26,USB-C Hub,Electronics,West,8,85.78,686.24,438.65
2025-05-26,Notebook Set,Stationery,East,8,14.04,112.32,64.5
2025-05-26,Coffee Mug,Home & Kitchen,West,8,18.21,145.68,85.48
2025-05-27,Office Chair,Furniture,Central,1,194.09,194.09,117.4
2025-05-27,Office Chair,Furniture,South,8,321.26,2570.08,1682.03
2025-05-27,Mechanical Keyboard,Electronics,South,7,67.37,471.59,277.93
2025-05-27,Water Bottle,Home & Kitchen,Central,6,24.62,147.72,78.45
2025-05-27,Ballpoint Pens (Pack),Stationery,South,3,10.3,30.9,18.16
2025-05-27,Sticky Notes,Stationery,Central,3,13.53,40.59,28.28
2025-05-27,Water Bottle,Home & Kitchen,South,6,16.76,100.56,65.5
2025-05-27,Wireless Mouse,Electronics,Central,4,67.31,269.24,173.69
2025-05-27,Water Bottle,Home & Kitchen,Central,1,9.83,9.83,6.37
2025-05-27,Office Chair,Furniture,East,5,223.26,1116.3,659.54
2025-05-27,Water Bottle,Home & Kitchen,Central,5,23.47,117.35,76.38
2025-05-27,USB-C Hub,Electronics,East,6,102.02,612.12,407.72
2025-05-27,Wireless Mouse,Electronics,Central,5,25.96,129.8,84.95
2025-05-27,Ballpoint Pens (Pack),Stationery,South,5,4.13,20.65,10.56
2025-05-27,Office Chair,Furniture,South,2,307.38,614.76,390.61
2025-05-27,Coffee Mug,Home & Kitchen,North,8,15.34,122.72,76.33
2025-05-27,Coffee Mug,Home & Kitchen,South,1,21.38,21.38,14.68
2025-05-27,Wireless Mouse,Electronics,South,3,23.27,69.81,35.36
2025-05-27,Wireless Mouse,Electronics,South,5,55.4,277.0,154.86
2025-05-27,Ballpoint Pens (Pack),Stationery,East,2,6.49,12.98,6.71
2025-05-28,USB-C Hub,Electronics,South,4,113.03,452.12,315.37
2025-05-28,Standing Desk,Furniture,Central,2,179.09,358.18,206.44
2025-05-28,Office Chair,Furniture,Central,7,207.6,1453.2,999.0
2025-05-28,Standing Desk,Furniture,South,6,293.02,1758.12,1224.57
2025-05-28,Mechanical Keyboard,Electronics,West,6,39.26,235.56,138.28
2025-05-28,Notebook Set,Stationery,West,8,13.0,104.0,58.43
2025-05-28,Desk Lamp,Furniture,South,5,139.88,699.4,431.39
2025-05-28,Water Bottle,Home & Kitchen,East,4,13.84,55.36,38.35
2025-05-28,Mechanical Keyboard,Electronics,Central,5,19.12,95.6,59.29
2025-05-28,Standing Desk,Furniture,West,6,322.23,1933.38,985.7
2025-05-28,Standing Desk,Furniture,Central,2,184.49,368.98,205.17
2025-05-28,Office Chair,Furniture,Central,5,266.28,1331.4,819.04
2025-05-28,USB-C Hub,Electronics,North,6,20.11,120.66,66.1
2025-05-28,Water Bottle,Home & Kitchen,South,4,20.82,83.28,45.3
2025-05-28,Sticky Notes,Stationery,West,6,3.44,20.64,14.08
2025-05-28,USB-C Hub,Electronics,East,2,29.7,59.4,40.2
2025-05-28,Notebook Set,Stationery,South,4,4.75,19.0,11.99
2025-05-28,USB-C Hub,Electronics,East,6,27.17,163.02,85.5
2025-05-28,Coffee Mug,Home & Kitchen,West,1,11.09,11.09,7.65
2025-05-28,USB-C Hub,Electronics,South,4,114.32,457.28,247.81
2025-05-28,Office Chair,Furniture,North,6,185.21,1111.26,657.96
2025-05-28,USB-C Hub,Electronics,East,6,88.3,529.8,370.58
2025-05-28,Wireless Mouse,Electronics,Central,5,25.87,129.35,86.21
2025-05-28,Sticky Notes,Stationery,South,3,5.77,17.31,9.21
2025-05-28,Mechanical Keyboard,Electronics,West,4,54.42,217.68,145.99
2025-05-28,Standing Desk,Furniture,West,4,267.83,1071.32,565.26
2025-05-28,USB-C Hub,Electronics,West,4,62.56,250.24,162.46
2025-05-28,USB-C Hub,Electronics,East,5,25.92,129.6,77.37
2025-05-28,Sticky Notes,Stationery,East,8,5.36,42.88,22.21
2025-05-29,Notebook Set,Stationery,East,4,6.47,25.88,16.4
2025-05-29,Wireless Mouse,Electronics,West,6,34.16,204.96,107.74
2025-05-29,Standing Desk,Furniture,East,4,168.52,674.08,380.08
2025-05-29,Wireless Mouse,Electronics,Central,8,65.7,525.6,319.96
2025-05-29,Mechanical Keyboard,Electronics,East,8,17.9,143.2,71.62
2025-05-29,Notebook Set,Stationery,South,3,12.83,38.49,20.21
2025-05-29,Coffee Mug,Home & Kitchen,East,8,10.84,86.72,45.39
2025-05-29,USB-C Hub,Electronics,Central,4,15.61,62.44,41.96
2025-05-29,Sticky Notes,Stationery,North,3,8.53,25.59,15.36
2025-05-29,USB-C Hub,Electronics,South,1,75.93,75.93,47.79
2025-05-29,Coffee Mug,Home & Kitchen,East,3,20.43,61.29,33.24
2025-05-29,USB-C Hub,Electronics,West,3,76.69,230.07,116.08
2025-05-30,Water Bottle,Home & Kitchen,South,3,26.57,79.71,53.21
2025-05-30,Coffee Mug,Home & Kitchen,Central,4,22.68,90.72,62.2
2025-05-30,USB-C Hub,Electronics,West,1,39.36,39.36,26.42
2025-05-30,Ballpoint Pens (Pack),Stationery,West,1,8.94,8.94,5.88
2025-05-30,Wireless Mouse,Electronics,West,6,30.58,183.48,112.36
2025-05-30,Coffee Mug,Home & Kitchen,East,3,28.81,86.43,44.67
2025-05-30,USB-C Hub,Electronics,South,7,111.22,778.54,486.31
2025-05-30,Ballpoint Pens (Pack),Stationery,East,5,7.75,38.75,23.89
2025-05-30,Wireless Mouse,Electronics,South,7,46.05,322.35,169.29
2025-05-30,Desk Lamp,Furniture,Central,1,102.34,102.34,56.89
2025-05-31,Office Chair,Furniture,East,4,345.89,1383.56,841.48
2025-05-31,Water Bottle,Home & Kitchen,West,8,22.46,179.68,96.46
2025-05-31,Coffee Mug,Home & Kitchen,East,6,17.66,105.96,71.41
2025-05-31,Ballpoint Pens (Pack),Stationery,North,1,12.56,12.56,8.05
2025-05-31,Wireless Mouse,Electronics,South,6,34.81,208.86,110.64
2025-05-31,Water Bottle,Home & Kitchen,West,3,21.89,65.67,37.73
2025-05-31,Sticky Notes,Stationery,Central,7,3.43,24.01,13.31
2025-05-31,Office Chair,Furniture,Central,8,91.88,735.04,500.06
2025-05-31,Mechanical Keyboard,Electronics,North,6,79.24,475.44,306.68
2025-06-01,Notebook Set,Stationery,East,6,7.12,42.72,23.97
2025-06-01,Mechanical Keyboard,Electronics,East,4,24.26,97.04,63.36
2025-06-01,Wireless Mouse,Electronics,North,1,108.51,108.51,66.3
2025-06-01,USB-C Hub,Electronics,East,5,39.7,198.5,121.82
2025-06-01,Desk Lamp,Furniture,North,2,201.26,402.52,227.48
2025-06-01,Ballpoint Pens (Pack),Stationery,Central,2,7.21,14.42,9.49
2025-06-01,Water Bottle,Home & Kitchen,South,5,21.08,105.4,53.3
2025-06-01,Standing Desk,Furniture,Central,5,73.54,367.7,184.27
2025-06-01,Coffee Mug,Home & Kitchen,East,7,12.75,89.25,61.3
2025-06-01,Office Chair,Furniture,North,7,338.24,2367.68,1320.25
2025-06-02,Office Chair,Furniture,North,8,157.66,1261.28,795.99
2025-06-02,Notebook Set,Stationery,East,1,7.82,7.82,4.07
2025-06-02,Coffee Mug,Home & Kitchen,West,6,21.32,127.92,85.19
2025-06-02,Wireless Mouse,Electronics,Central,7,49.46,346.22,220.93
2025-06-02,Sticky Notes,Stationery,South,4,12.95,51.8,33.49
2025-06-02,Desk Lamp,Furniture,East,4,194.04,776.16,507.45
2025-06-02,Notebook Set,Stationery,Central,2,12.37,24.74,16.69
2025-06-02,Water Bottle,Home & Kitchen,South,3,25.94,77.82,39.27
2025-06-02,Water Bottle,Home & Kitchen,Central,2,23.8,47.6,26.91
2025-06-02,Sticky Notes,Stationery,Central,2,12.85,25.7,13.7
2025-06-02,Ballpoint Pens (Pack),Stationery,West,7,3.24,22.68,15.86
2025-06-02,Standing Desk,Furniture,East,3,195.81,587.43,296.0
2025-06-02,Standing Desk,Furniture,South,6,315.69,1894.14,1075.34
2025-06-02,Standing Desk,Furniture,East,5,187.73,938.65,485.79
2025-06-02,Notebook Set,Stationery,North,5,2.23,11.15,7.77
2025-06-02,Water Bottle,Home & Kitchen,East,1,14.68,14.68,9.23
2025-06-02,Standing Desk,Furniture,Central,7,275.63,1929.41,1127.16
2025-06-03,Office Chair,Furniture,Central,8,335.75,2686.0,1867.39
2025-06-03,Water Bottle,Home & Kitchen,North,8,15.85,126.8,67.25
2025-06-03,Standing Desk,Furniture,East,3,304.53,913.59,515.4
2025-06-03,Coffee Mug,Home & Kitchen,Central,8,20.26,162.08,84.36
2025-06-03,USB-C Hub,Electronics,East,6,94.5,567.0,308.87
2025-06-03,Wireless Mouse,Electronics,Central,7,92.17,645.19,341.47
2025-06-03,Mechanical Keyboard,Electronics,West,7,32.99,230.93,123.79
2025-06-03,Notebook Set,Stationery,North,2,7.82,15.64,8.89
2025-06-03,Sticky Notes,Stationery,North,4,3.28,13.12,8.64
2025-06-03,USB-C Hub,Electronics,West,1,23.63,23.63,12.83
2025-06-04,Water Bottle,Home & Kitchen,South,1,12.9,12.9,7.16
2025-06-04,Notebook Set,Stationery,West,5,9.08,45.4,29.22
2025-06-04,Desk Lamp,Furniture,South,4,82.48,329.92,179.47
2025-06-04,Notebook Set,Stationery,South,8,12.1,96.8,66.48
2025-06-04,Office Chair,Furniture,South,7,103.69,725.83,489.28
2025-06-04,Coffee Mug,Home & Kitchen,West,5,16.32,81.6,43.97
2025-06-04,Coffee Mug,Home & Kitchen,South,1,24.68,24.68,15.07
2025-06-04,Sticky Notes,Stationery,North,8,13.3,106.4,68.11
2025-06-04,Desk Lamp,Furniture,East,8,295.62,2364.96,1630.84
2025-06-04,Desk Lamp,Furniture,North,3,218.38,655.14,365.62
2025-06-04,Water Bottle,Home & Kitchen,North,8,13.86,110.88,70.9
2025-06-04,Desk Lamp,Furniture,East,8,273.69,2189.52,1259.77
2025-06-04,Desk Lamp,Furniture,South,7,89.95,629.65,320.27
2025-06-04,Standing Desk,Furniture,East,8,95.42,763.36,439.79
2025-06-04,Coffee Mug,Home & Kitchen,South,4,14.44,57.76,30.94
2025-06-04,Office Chair,Furniture,West,2,171.67,343.34,221.81
2025-06-04,Desk Lamp,Furniture,North,8,106.36,850.88,448.16
2025-06-04,Coffee Mug,Home & Kitchen,South,8,21.54,172.32,109.65
2025-06-05,Office Chair,Furniture,North,7,184.4,1290.8,890.96
2025-06-05,Mechanical Keyboard,Electronics,North,8,111.62,892.96,453.64
2025-06-05,Wireless Mouse,Electronics,Central,2,18.24,36.48,24.23
2025-06-05,USB-C Hub,Electronics,North,5,76.47,382.35,221.8
2025-06-05,Desk Lamp,Furniture,North,1,304.14,304.14,190.57
2025-06-05,USB-C Hub,Electronics,West,4,101.73,406.92,231.17
2025-06-05,Office Chair,Furniture,South,5,217.7,1088.5,712.52
2025-06-05,Notebook Set,Stationery,Central,7,7.19,50.33,30.92
2025-06-05,Coffee Mug,Home & Kitchen,South,2,27.22,54.44,35.62
2025-06-05,Desk Lamp,Furniture,South,5,228.77,1143.85,586.98
2025-06-05,Mechanical Keyboard,Electronics,West,1,91.34,91.34,63.0
2025-06-05,Sticky Notes,Stationery,South,3,5.47,16.41,10.09
2025-06-05,Standing Desk,Furniture,East,8,253.62,2028.96,1158.58
2025-06-05,Water Bottle,Home & Kitchen,West,5,11.9,59.5,37.24
2025-06-05,Ballpoint Pens (Pack),Stationery,South,2,2.72,5.44,2.94
2025-06-05,Coffee Mug,Home & Kitchen,North,5,25.29,126.45,80.0
2025-06-05,Mechanical Keyboard,Electronics,South,4,92.0,368.0,254.0
2025-06-06,USB-C Hub,Electronics,East,2,102.78,205.56,119.77
2025-06-06,Ballpoint Pens (Pack),Stationery,West,4,10.79,43.16,23.66
2025-06-06,Coffee Mug,Home & Kitchen,Central,4,23.72,94.88,53.96
2025-06-06,Office Chair,Furniture,Central,2,85.29,170.58,117.76
2025-06-06,Sticky Notes,Stationery,South,2,13.48,26.96,13.55
2025-06-06,Office Chair,Furniture,Central,5,332.41,1662.05,961.07
2025-06-06,Mechanical Keyboard,Electronics,East,2,86.89,173.78,98.49
2025-06-06,Water Bottle,Home & Kitchen,West,3,16.64,49.92,26.58
2025-06-06,Ballpoint Pens (Pack),Stationery,South,5,3.6,18.0,9.97
2025-06-06,Desk Lamp,Furniture,West,6,305.31,1831.86,1041.58
2025-06-06,Water Bottle,Home & Kitchen,North,2,19.97,39.94,22.54
2025-06-06,Standing Desk,Furniture,East,1,250.08,250.08,173.76
2025-06-07,Sticky Notes,Stationery,Central,5,3.67,18.35,10.49
2025-06-07,Coffee Mug,Home & Kitchen,South,1,8.52,8.52,5.22
2025-06-07,USB-C Hub,Electronics,South,3,89.79,269.37,138.41
2025-06-07,Ballpoint Pens (Pack),Stationery,West,7,2.59,18.13,12.03
2025-06-07,Notebook Set,Stationery,Central,4,4.14,16.56,9.76
2025-06-07,Wireless Mouse,Electronics,North,1,77.83,77.83,49.67
2025-06-07,Standing Desk,Furniture,Central,7,253.06,1771.42,1144.59
2025-06-07,USB-C Hub,Electronics,North,4,53.25,213.0,115.95
2025-06-08,Water Bottle,Home & Kitchen,South,7,18.23,127.61,74.68
2025-06-08,Water Bottle,Home & Kitchen,East,7,13.89,97.23,52.03
2025-06-09,Mechanical Keyboard,Electronics,North,5,110.52,552.6,296.25
2025-06-09,Desk Lamp,Furniture,East,6,107.19,643.14,416.24
2025-06-09,Water Bottle,Home & Kitchen,Central,6,16.53,99.18,67.93
2025-06-09,Standing Desk,Furniture,East,1,211.63,211.63,125.39
2025-06-09,USB-C Hub,Electronics,Central,5,97.08,485.4,319.72
2025-06-09,Sticky Notes,Stationery,Central,7,8.87,62.09,36.01
2025-06-09,Water Bottle,Home & Kitchen,East,3,12.3,36.9,20.77
2025-06-09,Water Bottle,Home & Kitchen,South,7,10.1,70.7,47.07
2025-06-09,Office Chair,Furniture,West,1,106.94,106.94,72.64
2025-06-09,Wireless Mouse,Electronics,East,1,34.24,34.24,23.59
2025-06-09,Coffee Mug,Home & Kitchen,Central,4,19.28,77.12,39.85
2025-06-09,Standing Desk,Furniture,Central,6,332.12,1992.72,1139.35
2025-06-09,Standing Desk,Furniture,South,5,189.66,948.3,494.02
2025-06-10,Standing Desk,Furniture,West,2,257.17,514.34,310.48
2025-06-10,Ballpoint Pens (Pack),Stationery,Central,6,11.08,66.48,41.07
2025-06-10,USB-C Hub,Electronics,South,2,113.18,226.36,141.64
2025-06-10,Notebook Set,Stationery,Central,5,8.21,41.05,22.46
2025-06-11,Wireless Mouse,Electronics,Central,5,64.45,322.25,181.39
2025-06-11,Coffee Mug,Home & Kitchen,South,5,18.79,93.95,62.79
2025-06-11,Standing Desk,Furniture,North,7,285.8,2000.6,1150.37
2025-06-11,Ballpoint Pens (Pack),Stationery,Central,6,7.76,46.56,25.48
2025-06-11,Mechanical Keyboard,Electronics,North,2,115.52,231.04,161.29
2025-06-11,USB-C Hub,Electronics,East,2,110.08,220.16,134.19
2025-06-11,Desk Lamp,Furniture,West,4,274.49,1097.96,575.89
2025-06-11,Mechanical Keyboard,Electronics,North,3,84.09,252.27,132.05
2025-06-11,Standing Desk,Furniture,Central,2,75.44,150.88,99.78
2025-06-11,Water Bottle,Home & Kitchen,West,5,14.89,74.45,44.3
2025-06-11,Notebook Set,Stationery,North,5,8.51,42.55,21.85
2025-06-11,Standing Desk,Furniture,East,3,286.1,858.3,433.45
2025-06-11,Ballpoint Pens (Pack),Stationery,North,3,6.72,20.16,10.86
2025-06-11,Standing Desk,Furniture,South,6,256.29,1537.74,821.84
2025-06-11,Coffee Mug,Home & Kitchen,North,6,17.6,105.6,66.02
2025-06-11,Wireless Mouse,Electronics,West,3,75.03,225.09,144.09
2025-06-11,Sticky Notes,Stationery,West,1,11.0,11.0,7.64
2025-06-12,Standing Desk,Furniture,East,4,334.34,1337.36,714.79
2025-06-12,Water Bottle,Home & Kitchen,North,4,23.41,93.64,57.97
2025-06-12,Wireless Mouse,Electronics,South,5,44.24,221.2,129.18
2025-06-12,USB-C Hub,Electronics,West,5,79.88,399.4,223.13
2025-06-12,Ballpoint Pens (Pack),Stationery,Central,1,3.07,3.07,1.84
2025-06-12,Coffee Mug,Home & Kitchen,South,7,8.46,59.22,36.0
2025-06-12,USB-C Hub,Electronics,South,3,16.19,48.57,30.06
2025-06-12,Sticky Notes,Stationery,North,7,9.18,64.26,37.55
2025-06-12,Water Bottle,Home & Kitchen,East,4,11.74,46.96,24.68
2025-06-12,Sticky Notes,Stationery,North,7,14.37,100.59,66.78
2025-06-12,USB-C Hub,Electronics,South,4,32.47,129.88,66.79
2025-06-12,Notebook Set,Stationery,North,4,10.68,42.72,26.0
2025-06-12,Water Bottle,Home & Kitchen,Central,5,11.61,58.05,36.99
2025-06-12,Office Chair,Furniture,South,3,270.91,812.73,470.6
2025-06-13,Coffee Mug,Home & Kitchen,Central,8,19.2,153.6,82.85
2025-06-13,Mechanical Keyboard,Electronics,South,4,61.84,247.36,166.0
2025-06-13,Mechanical Keyboard,Electronics,East,6,84.51,507.06,302.01
2025-06-13,Wireless Mouse,Electronics,East,8,99.22,793.76,451.37
2025-06-13,Water Bottle,Home & Kitchen,West,4,25.73,102.92,64.79
2025-06-13,Sticky Notes,Stationery,South,8,3.89,31.12,21.19
2025-06-13,Wireless Mouse,Electronics,West,1,102.23,102.23,60.41
2025-06-13,Office Chair,Furniture,West,7,165.39,1157.73,681.15
2025-06-13,Ballpoint Pens (Pack),Stationery,North,6,5.02,30.12,18.08
2025-06-13,Ballpoint Pens (Pack),Stationery,Central,1,14.09,14.09,9.62
2025-06-13,Standing Desk,Furniture,North,6,272.11,1632.66,1065.17
2025-06-13,Coffee Mug,Home & Kitchen,South,8,24.35,194.8,132.52
2025-06-13,Ballpoint Pens (Pack),Stationery,Central,7,13.43,94.01,53.65
2025-06-13,USB-C Hub,Electronics,East,3,94.21,282.63,155.19
2025-06-13,Ballpoint Pens (Pack),Stationery,South,1,11.01,11.01,5.65
2025-06-13,Ballpoint Pens (Pack),Stationery,East,6,7.98,47.88,26.31
2025-06-14,Mechanical Keyboard,Electronics,North,7,62.6,438.2,288.29
2025-06-14,Sticky Notes,Stationery,Central,1,3.62,3.62,2.26
2025-06-14,Sticky Notes,Stationery,Central,1,14.7,14.7,9.04
2025-06-14,USB-C Hub,Electronics,South,1,117.72,117.72,80.01
2025-06-14,Ballpoint Pens (Pack),Stationery,North,6,2.24,13.44,8.38
2025-06-14,Office Chair,Furniture,North,4,308.25,1233.0,682.95
2025-06-15,Mechanical Keyboard,Electronics,South,8,92.24,737.92,486.44
2025-06-15,Wireless Mouse,Electronics,East,2,95.97,191.94,133.93
2025-06-15,Ballpoint Pens (Pack),Stationery,South,3,3.73,11.19,6.77
2025-06-15,Coffee Mug,Home & Kitchen,Central,3,22.58,67.74,45.3
2025-06-15,Notebook Set,Stationery,South,2,2.41,4.82,3.21
2025-06-15,Sticky Notes,Stationery,West,4,9.06,36.24,22.32
2025-06-15,Coffee Mug,Home & Kitchen,East,7,21.47,150.29,91.31
2025-06-15,Notebook Set,Stationery,East,5,3.56,17.8,9.05
2025-06-15,Desk Lamp,Furniture,East,3,341.84,1025.52,559.64
2025-06-16,Mechanical Keyboard,Electronics,Central,1,70.17,70.17,38.23
2025-06-16,USB-C Hub,Electronics,South,8,112.39,899.12,599.07
2025-06-16,USB-C Hub,Electronics,North,6,103.47,620.82,426.26
2025-06-16,Water Bottle,Home & Kitchen,South,4,14.32,57.28,36.98
2025-06-16,Notebook Set,Stationery,South,3,6.75,20.25,10.66
2025-06-16,Ballpoint Pens (Pack),Stationery,West,2,5.58,11.16,6.0
2025-06-16,Standing Desk,Furniture,West,6,187.71,1126.26,701.38
2025-06-16,Sticky Notes,Stationery,South,5,7.68,38.4,23.07
2025-06-16,Mechanical Keyboard,Electronics,West,5,94.45,472.25,244.94
2025-06-16,Ballpoint Pens (Pack),Stationery,West,4,5.14,20.56,10.29
2025-06-16,Sticky Notes,Stationery,North,2,8.27,16.54,10.06
2025-06-16,Mechanical Keyboard,Electronics,Central,3,91.91,275.73,167.64
2025-06-17,Water Bottle,Home & Kitchen,North,4,19.33,77.32,48.32
2025-06-17,Office Chair,Furniture,Central,3,342.11,1026.33,588.94
2025-06-17,Water Bottle,Home & Kitchen,East,5,17.76,88.8,60.63
2025-06-17,Coffee Mug,Home & Kitchen,South,5,23.09,115.45,79.02
2025-06-17,Mechanical Keyboard,Electronics,West,5,17.49,87.45,57.2
2025-06-17,Standing Desk,Furniture,South,1,169.02,169.02,117.42
2025-06-17,USB-C Hub,Electronics,South,8,54.46,435.68,270.56
2025-06-17,Office Chair,Furniture,North,8,283.72,2269.76,1215.13
2025-06-17,Mechanical Keyboard,Electronics,South,2,113.97,227.94,157.92
2025-06-17,Sticky Notes,Stationery,North,6,4.25,25.5,13.62
2025-06-17,Desk Lamp,Furniture,North,4,181.59,726.36,488.87
2025-06-17,Standing Desk,Furniture,South,8,291.29,2330.32,1283.61
2025-06-17,Mechanical Keyboard,Electronics,South,6,108.0,648.0,330.04
2025-06-17,Mechanical Keyboard,Electronics,Central,3,67.53,202.59,126.33
2025-06-17,Water Bottle,Home & Kitchen,West,7,8.57,59.99,41.65
2025-06-17,Ballpoint Pens (Pack),Stationery,South,5,13.38,66.9,34.53
2025-06-17,Ballpoint Pens (Pack),Stationery,West,5,10.49,52.45,33.95
2025-06-17,Ballpoint Pens (Pack),Stationery,Central,2,2.89,5.78,3.48
2025-06-17,Standing Desk,Furniture,Central,7,288.91,2022.37,1117.31
2025-06-17,Desk Lamp,Furniture,West,5,160.63,803.15,435.97
2025-06-17,Standing Desk,Furniture,North,2,193.92,387.84,248.83
2025-06-17,Coffee Mug,Home & Kitchen,Central,8,18.4,147.2,95.05
2025-06-17,Desk Lamp,Furniture,North,3,157.53,472.59,247.42
2025-06-17,USB-C Hub,Electronics,South,8,32.72,261.76,173.24
2025-06-17,Desk Lamp,Furniture,North,4,191.35,765.4,421.18
2025-06-17,Notebook Set,Stationery,West,8,7.74,61.92,33.33
2025-06-17,Wireless Mouse,Electronics,West,6,108.86,653.16,350.23
2025-06-17,Ballpoint Pens (Pack),Stationery,Central,5,12.87,64.35,38.08
2025-06-17,Ballpoint Pens (Pack),Stationery,South,3,8.49,25.47,12.81
2025-06-17,Notebook Set,Stationery,North,5,5.95,29.75,19.15
2025-06-18,Coffee Mug,Home & Kitchen,North,6,24.44,146.64,81.55
2025-06-18,Standing Desk,Furniture,North,5,294.28,1471.4,945.56
2025-06-18,Wireless Mouse,Electronics,South,3,102.93,308.79,195.35
2025-06-18,Standing Desk,Furniture,Central,7,240.28,1681.96,958.76
2025-06-18,Standing Desk,Furniture,West,1,251.72,251.72,142.84
2025-06-18,Mechanical Keyboard,Electronics,West,6,78.65,471.9,242.13
2025-06-18,Wireless Mouse,Electronics,Central,5,49.29,246.45,135.59
2025-06-18,Water Bottle,Home & Kitchen,Central,7,19.61,137.27,88.17
2025-06-18,Coffee Mug,Home & Kitchen,West,6,27.53,165.18,102.1
2025-06-18,Water Bottle,Home & Kitchen,West,2,21.73,43.46,24.6
2025-06-18,Mechanical Keyboard,Electronics,Central,8,45.01,360.08,186.05
2025-06-18,Water Bottle,Home & Kitchen,West,6,28.32,169.92,100.67
2025-06-18,Notebook Set,Stationery,North,6,8.6,51.6,31.38
2025-06-18,Desk Lamp,Furniture,West,5,268.54,1342.7,860.95
2025-06-18,Standing Desk,Furniture,North,2,153.31,306.62,156.45
2025-06-18,Mechanical Keyboard,Electronics,East,7,31.99,223.93,115.6
2025-06-18,Wireless Mouse,Electronics,East,3,62.31,186.93,105.64
2025-06-18,Notebook Set,Stationery,South,2,5.61,11.22,6.53
2025-06-18,Notebook Set,Stationery,West,5,4.09,20.45,11.57
2025-06-19,Sticky Notes,Stationery,South,4,10.5,42.0,23.09
2025-06-19,USB-C Hub,Electronics,East,5,68.68,343.4,235.98
2025-06-19,Water Bottle,Home & Kitchen,South,1,15.08,15.08,8.32
2025-06-19,Coffee Mug,Home & Kitchen,West,2,19.81,39.62,20.46
2025-06-19,Wireless Mouse,Electronics,North,4,109.07,436.28,258.84
2025-06-19,Wireless Mouse,Electronics,Central,7,98.6,690.2,468.34
2025-06-19,Notebook Set,Stationery,South,8,6.49,51.92,33.56
2025-06-19,Standing Desk,Furniture,South,6,84.67,508.02,265.84
2025-06-19,Office Chair,Furniture,East,4,346.16,1384.64,825.56
2025-06-19,Coffee Mug,Home & Kitchen,West,7,14.35,100.45,62.4
2025-06-19,Office Chair,Furniture,South,1,254.01,254.01,161.66
2025-06-19,Mechanical Keyboard,Electronics,West,8,94.22,753.76,410.2
2025-06-19,Sticky Notes,Stationery,West,5,6.2,31.0,20.21
2025-06-19,Office Chair,Furniture,North,3,124.56,373.68,203.75
2025-06-19,Coffee Mug,Home & Kitchen,West,7,22.05,154.35,103.1
2025-06-19,Water Bottle,Home & Kitchen,South,8,20.34,162.72,105.34
2025-06-19,Notebook Set,Stationery,Central,3,11.34,34.02,22.98
2025-06-19,Water Bottle,Home & Kitchen,South,8,14.38,115.04,71.89
2025-06-19,Notebook Set,Stationery,South,6,10.66,63.96,33.79
2025-06-19,Water Bottle,Home & Kitchen,Central,2,15.66,31.32,17.67
2025-06-19,Desk Lamp,Furniture,Central,6,62.19,373.14,206.84
2025-06-19,Ballpoint Pens (Pack),Stationery,North,6,5.77,34.62,22.0
2025-06-19,Coffee Mug,Home & Kitchen,Central,2,8.1,16.2,8.22
2025-06-20,Office Chair,Furniture,Central,8,191.09,1528.72,895.69
2025-06-20,Standing Desk,Furniture,South,2,326.15,652.3,363.5
2025-06-20,Sticky Notes,Stationery,West,8,13.67,109.36,66.74
2025-06-20,Desk Lamp,Furniture,East,3,333.08,999.24,602.98
2025-06-20,USB-C Hub,Electronics,South,3,79.82,239.46,133.29
2025-06-20,Mechanical Keyboard,Electronics,West,2,16.86,33.72,21.8
2025-06-20,Coffee Mug,Home & Kitchen,South,7,8.2,57.4,33.06
2025-06-20,Water Bottle,Home & Kitchen,Central,8,29.19,233.52,163.05
2025-06-20,Office Chair,Furniture,Central,6,314.19,1885.14,1117.75
2025-06-20,Wireless Mouse,Electronics,North,5,69.71,348.55,183.32
2025-06-20,Office Chair,Furniture,South,6,218.39,1310.34,711.77
2025-06-20,Office Chair,Furniture,South,7,106.77,747.39,504.04
2025-06-20,Office Chair,Furniture,East,4,321.41,1285.64,887.29
2025-06-20,Wireless Mouse,Electronics,North,5,109.06,545.3,357.58
2025-06-20,Wireless Mouse,Electronics,South,1,98.36,98.36,50.85
2025-06-20,Desk Lamp,Furniture,South,1,203.55,203.55,106.7
2025-06-20,Wireless Mouse,Electronics,East,5,37.72,188.6,96.31
2025-06-20,Coffee Mug,Home & Kitchen,Central,4,17.0,68.0,34.27
2025-06-20,Sticky Notes,Stationery,West,7,7.1,49.7,31.52
2025-06-20,USB-C Hub,Electronics,South,6,34.43,206.58,117.15
2025-06-20,Notebook Set,Stationery,East,5,8.43,42.15,21.8
2025-06-20,Office Chair,Furniture,South,6,178.27,1069.62,564.25
2025-06-20,USB-C Hub,Electronics,South,2,59.56,119.12,64.11
2025-06-20,Mechanical Keyboard,Electronics,East,8,22.95,183.6,117.52
2025-06-20,Water Bottle,Home & Kitchen,East,8,11.89,95.12,48.52
2025-06-21,Coffee Mug,Home & Kitchen,South,7,13.04,91.28,46.88
2025-06-21,Ballpoint Pens (Pack),Stationery,East,6,4.6,27.6,16.47
2025-06-21,Ballpoint Pens (Pack),Stationery,West,4,14.41,57.64,35.0
2025-06-21,Sticky Notes,Stationery,South,8,6.63,53.04,33.2
2025-06-21,Notebook Set,Stationery,Central,2,9.2,18.4,11.54
2025-06-21,Water Bottle,Home & Kitchen,South,8,28.48,227.84,155.83
2025-06-21,Water Bottle,Home & Kitchen,East,3,16.98,50.94,30.23
2025-06-21,Mechanical Keyboard,Electronics,Central,1,63.3,63.3,40.72
2025-06-21,Desk Lamp,Furniture,East,2,329.94,659.88,346.12
2025-06-21,Sticky Notes,Stationery,West,7,9.21,64.47,33.06
2025-06-21,Mechanical Keyboard,Electronics,Central,8,102.56,820.48,529.9
2025-06-22,Notebook Set,Stationery,Central,4,7.28,29.12,16.08
2025-06-22,Wireless Mouse,Electronics,West,1,54.3,54.3,33.94
2025-06-22,Ballpoint Pens (Pack),Stationery,West,1,11.93,11.93,8.06
2025-06-22,USB-C Hub,Electronics,North,5,89.58,447.9,283.62
2025-06-22,USB-C Hub,Electronics,West,2,18.38,36.76,20.88
2025-06-22,Ballpoint Pens (Pack),Stationery,East,3,12.55,37.65,20.35
2025-06-22,Standing Desk,Furniture,Central,1,266.72,266.72,185.14
2025-06-22,Mechanical Keyboard,Electronics,West,3,96.39,289.17,193.19
2025-06-22,Notebook Set,Stationery,South,2,7.02,14.04,8.3
2025-06-22,Wireless Mouse,Electronics,North,8,71.13,569.04,318.77
2025-06-22,Standing Desk,Furniture,East,4,90.91,363.64,203.08
2025-06-22,Ballpoint Pens (Pack),Stationery,North,8,5.07,40.56,26.78
2025-06-22,Desk Lamp,Furniture,East,1,307.72,307.72,160.6
2025-06-22,Sticky Notes,Stationery,West,3,7.32,21.96,11.81
2025-06-22,Standing Desk,Furniture,East,4,141.62,566.48,377.35
2025-06-22,Wireless Mouse,Electronics,West,5,91.59,457.95,278.04
2025-06-23,Wireless Mouse,Electronics,South,3,31.97,95.91,50.44
2025-06-23,Sticky Notes,Stationery,North,7,3.64,25.48,15.75
2025-06-23,Standing Desk,Furniture,East,5,332.27,1661.35,965.44
2025-06-23,Ballpoint Pens (Pack),Stationery,East,3,13.06,39.18,21.1
2025-06-23,Notebook Set,Stationery,South,5,8.37,41.85,26.53
2025-06-23,Standing Desk,Furniture,South,6,270.81,1624.86,1076.07
2025-06-23,Ballpoint Pens (Pack),Stationery,South,6,13.09,78.54,44.16
2025-06-23,Sticky Notes,Stationery,West,4,13.03,52.12,28.37
2025-06-23,Wireless Mouse,Electronics,South,3,61.96,185.88,93.21
2025-06-23,Office Chair,Furniture,Central,5,92.1,460.5,261.52
2025-06-23,Ballpoint Pens (Pack),Stationery,West,6,3.07,18.42,11.52
2025-06-23,USB-C Hub,Electronics,North,1,92.06,92.06,51.21
2025-06-23,Wireless Mouse,Electronics,South,4,86.18,344.72,198.07
2025-06-23,Office Chair,Furniture,East,1,96.33,96.33,52.79
2025-06-23,Office Chair,Furniture,West,7,141.15,988.05,560.98
2025-06-23,Notebook Set,Stationery,Central,5,8.24,41.2,23.25
2025-06-23,Mechanical Keyboard,Electronics,South,5,45.84,229.2,141.94
2025-06-23,Ballpoint Pens (Pack),Stationery,West,4,6.05,24.2,14.72
2025-06-23,Mechanical Keyboard,Electronics,Central,7,26.42,184.94,103.54
2025-06-24,Sticky Notes,Stationery,North,2,3.46,6.92,3.87
2025-06-24,Ballpoint Pens (Pack),Stationery,West,1,5.37,5.37,2.76
2025-06-24,Water Bottle,Home & Kitchen,East,1,29.72,29.72,17.22
2025-06-24,Mechanical Keyboard,Electronics,South,7,65.66,459.62,284.7
2025-06-24,Wireless Mouse,Electronics,West,6,99.36,596.16,409.68
2025-06-24,Notebook Set,Stationery,South,4,6.23,24.92,13.0
2025-06-24,Sticky Notes,Stationery,South,3,13.0,39.0,27.21
2025-06-24,Ballpoint Pens (Pack),Stationery,West,1,7.31,7.31,4.19
2025-06-24,Notebook Set,Stationery,North,3,10.88,32.64,22.33
2025-06-24,Standing Desk,Furniture,North,5,291.65,1458.25,944.46
2025-06-24,Office Chair,Furniture,Central,3,107.85,323.55,203.36
2025-06-24,Office Chair,Furniture,West,4,245.36,981.44,592.64
2025-06-25,Office Chair,Furniture,North,2,259.64,519.28,287.05
2025-06-25,Standing Desk,Furniture,West,7,325.88,2281.16,1169.46
2025-06-25,Mechanical Keyboard,Electronics,North,7,79.8,558.6,295.29
2025-06-25,Coffee Mug,Home & Kitchen,West,2,23.7,47.4,26.95
2025-06-25,Coffee Mug,Home & Kitchen,Central,8,13.98,111.84,68.84
2025-06-25,Coffee Mug,Home & Kitchen,Central,5,15.0,75.0,49.33
2025-06-25,Mechanical Keyboard,Electronics,West,5,32.71,163.55,91.92
2025-06-25,Standing Desk,Furniture,East,2,302.06,604.12,403.86
2025-06-25,Sticky Notes,Stationery,Central,4,3.5,14.0,7.97
2025-06-25,Water Bottle,Home & Kitchen,East,4,8.81,35.24,19.81
2025-06-25,Coffee Mug,Home & Kitchen,South,5,26.97,134.85,71.49
2025-06-25,Water Bottle,Home & Kitchen,East,5,29.02,145.1,85.83
2025-06-25,USB-C Hub,Electronics,West,4,25.52,102.08,59.92
2025-06-25,Ballpoint Pens (Pack),Stationery,North,5,11.59,57.95,36.94
2025-06-25,Coffee Mug,Home & Kitchen,North,4,16.52,66.08,35.02
2025-06-26,Water Bottle,Home & Kitchen,Central,3,14.16,42.48,25.77
2025-06-26,Ballpoint Pens (Pack),Stationery,West,2,5.67,11.34,6.85
2025-06-26,Standing Desk,Furniture,North,3,128.98,386.94,240.08
2025-06-26,Water Bottle,Home & Kitchen,South,8,12.97,103.76,54.77
2025-06-26,Standing Desk,Furniture,South,7,131.28,918.96,622.01
2025-06-26,Ballpoint Pens (Pack),Stationery,North,6,7.62,45.72,27.5
2025-06-26,Ballpoint Pens (Pack),Stationery,East,5,11.6,58.0,34.0
2025-06-26,Notebook Set,Stationery,North,5,8.69,43.45,28.6
2025-06-26,Water Bottle,Home & Kitchen,East,7,19.07,133.49,81.53
2025-06-27,Notebook Set,Stationery,West,8,11.53,92.24,54.43
2025-06-27,Desk Lamp,Furniture,South,4,246.02,984.08,604.36
2025-06-27,Office Chair,Furniture,South,7,131.89,923.23,598.21
2025-06-27,Mechanical Keyboard,Electronics,East,8,107.29,858.32,595.96
2025-06-27,Office Chair,Furniture,West,4,212.1,848.4,503.49
2025-06-27,Sticky Notes,Stationery,West,6,7.93,47.58,31.24
2025-06-27,USB-C Hub,Electronics,North,5,102.86,514.3,297.25
2025-06-27,Notebook Set,Stationery,South,7,10.68,74.76,51.08
2025-06-27,USB-C Hub,Electronics,South,3,37.13,111.39,57.85
2025-06-27,Office Chair,Furniture,West,3,147.65,442.95,284.95
2025-06-27,Office Chair,Furniture,West,1,86.83,86.83,51.18
2025-06-27,Coffee Mug,Home & Kitchen,South,8,8.15,65.2,34.93
2025-06-27,USB-C Hub,Electronics,Central,3,80.0,240.0,120.7
2025-06-27,Standing Desk,Furniture,East,8,266.91,2135.28,1088.72
2025-06-27,Ballpoint Pens (Pack),Stationery,East,2,4.94,9.88,5.21
2025-06-27,Notebook Set,Stationery,Central,7,9.1,63.7,37.36
2025-06-27,Office Chair,Furniture,North,4,259.44,1037.76,570.71
2025-06-28,Office Chair,Furniture,South,7,276.68,1936.76,1240.68
2025-06-28,Mechanical Keyboard,Electronics,East,1,44.8,44.8,25.67
2025-06-28,Notebook Set,Stationery,North,6,10.39,62.34,39.89
2025-06-28,Coffee Mug,Home & Kitchen,Central,5,25.45,127.25,68.32
2025-06-28,Office Chair,Furniture,North,8,228.03,1824.24,1158.96
2025-06-28,Coffee Mug,Home & Kitchen,South,3,22.96,68.88,42.69
2025-06-28,Sticky Notes,Stationery,North,1,11.46,11.46,7.78
2025-06-28,Water Bottle,Home & Kitchen,West,5,8.76,43.8,27.37
2025-06-28,Standing Desk,Furniture,East,2,334.49,668.98,370.54
2025-06-28,USB-C Hub,Electronics,East,4,66.0,264.0,174.63
2025-06-28,Sticky Notes,Stationery,East,5,4.02,20.1,12.09
2025-06-28,Water Bottle,Home & Kitchen,South,2,9.51,19.02,12.8
2025-06-28,Wireless Mouse,Electronics,East,4,92.59,370.36,253.97
2025-06-28,Office Chair,Furniture,East,2,276.76,553.52,292.74
2025-06-28,Wireless Mouse,Electronics,East,7,36.35,254.45,169.95
2025-06-28,Standing Desk,Furniture,East,2,195.88,391.76,261.22
2025-06-29,Sticky Notes,Stationery,Central,7,7.56,52.92,33.89
2025-06-29,Coffee Mug,Home & Kitchen,West,3,20.91,62.73,35.97
2025-06-29,Sticky Notes,Stationery,North,1,13.58,13.58,8.75
2025-06-29,Sticky Notes,Stationery,South,6,4.75,28.5,14.8
2025-06-29,Ballpoint Pens (Pack),Stationery,West,3,3.55,10.65,7.23
2025-06-29,Sticky Notes,Stationery,Central,1,13.82,13.82,9.19
2025-06-29,Standing Desk,Furniture,West,1,72.49,72.49,46.98
2025-06-29,Water Bottle,Home & Kitchen,North,8,25.76,206.08,134.35
2025-06-29,Ballpoint Pens (Pack),Stationery,South,1,9.27,9.27,5.25
2025-06-30,USB-C Hub,Electronics,West,4,31.91,127.64,66.77
2025-06-30,Office Chair,Furniture,South,6,75.8,454.8,232.82
2025-06-30,Ballpoint Pens (Pack),Stationery,West,1,4.79,4.79,2.58
2025-06-30,Wireless Mouse,Electronics,West,3,64.19,192.57,110.54
2025-06-30,Wireless Mouse,Electronics,Central,4,32.57,130.28,75.06
2025-06-30,Standing Desk,Furniture,South,6,123.75,742.5,387.93
2025-06-30,Water Bottle,Home & Kitchen,Central,3,17.96,53.88,30.03
2025-06-30,Notebook Set,Stationery,East,4,5.54,22.16,15.07
2025-06-30,Wireless Mouse,Electronics,East,2,67.59,135.18,76.87
2025-06-30,Notebook Set,Stationery,South,3,10.63,31.89,19.75
2025-06-30,Coffee Mug,Home & Kitchen,East,2,25.02,50.04,29.46
2025-06-30,Office Chair,Furniture,South,4,296.16,1184.64,757.5
2025-06-30,Notebook Set,Stationery,East,6,13.28,79.68,42.33
2025-06-30,USB-C Hub,Electronics,North,1,54.29,54.29,36.01
2025-06-30,Water Bottle,Home & Kitchen,Central,3,12.05,36.15,23.7
2025-06-30,Standing Desk,Furniture,West,6,114.77,688.62,358.0
2025-06-30,Notebook Set,Stationery,North,3,2.53,7.59,5.17
2025-06-30,Office Chair,Furniture,East,1,298.28,298.28,188.04
2025-06-30,Water Bottle,Home & Kitchen,North,2,12.85,25.7,13.41
2025-06-30,Ballpoint Pens (Pack),Stationery,South,5,7.6,38.0,21.8
2025-07-01,Office Chair,Furniture,South,8,152.93,1223.44,643.84
2025-07-01,Sticky Notes,Stationery,West,2,4.06,8.12,5.52
2025-07-01,Water Bottle,Home & Kitchen,North,1,23.59,23.59,15.84
2025-07-01,Mechanical Keyboard,Electronics,Central,4,51.08,204.32,141.11
2025-07-01,Standing Desk,Furniture,North,8,247.07,1976.56,1091.53
2025-07-01,USB-C Hub,Electronics,South,6,23.51,141.06,75.05
2025-07-01,Notebook Set,Stationery,East,3,3.81,11.43,6.88
2025-07-01,Mechanical Keyboard,Electronics,West,4,113.7,454.8,286.52
2025-07-01,USB-C Hub,Electronics,West,7,79.27,554.89,351.99
2025-07-01,USB-C Hub,Electronics,North,6,53.71,322.26,203.02
2025-07-01,Wireless Mouse,Electronics,East,6,106.08,636.48,346.13
2025-07-01,Coffee Mug,Home & Kitchen,East,2,26.25,52.5,33.5
2025-07-01,Sticky Notes,Stationery,West,5,8.4,42.0,21.94
2025-07-01,Standing Desk,Furniture,North,3,125.92,377.76,248.64
2025-07-01,Wireless Mouse,Electronics,South,2,22.37,44.74,31.09
2025-07-01,Ballpoint Pens (Pack),Stationery,Central,7,13.78,96.46,54.13
2025-07-01,Standing Desk,Furniture,South,1,147.33,147.33,100.28
2025-07-01,Desk Lamp,Furniture,East,1,102.87,102.87,64.5
2025-07-01,Sticky Notes,Stationery,North,7,10.49,73.43,41.52
2025-07-01,Sticky Notes,Stationery,Central,1,12.64,12.64,6.63
2025-07-02,Notebook Set,Stationery,South,6,5.97,35.82,23.76
2025-07-02,Office Chair,Furniture,Central,8,120.69,965.52,525.81
2025-07-02,USB-C Hub,Electronics,South,8,21.36,170.88,101.74
2025-07-02,Standing Desk,Furniture,North,3,159.43,478.29,274.22
2025-07-02,Wireless Mouse,Electronics,South,4,90.72,362.88,207.15
2025-07-02,Standing Desk,Furniture,Central,1,276.42,276.42,174.66
2025-07-02,Sticky Notes,Stationery,South,8,12.88,103.04,52.47
2025-07-02,Coffee Mug,Home & Kitchen,East,5,28.02,140.1,91.82
2025-07-02,Mechanical Keyboard,Electronics,South,3,46.1,138.3,77.03
2025-07-02,Notebook Set,Stationery,North,4,4.46,17.84,10.6
2025-07-02,USB-C Hub,Electronics,East,6,51.45,308.7,193.27
2025-07-02,Mechanical Keyboard,Electronics,East,2,104.75,209.5,109.39
2025-07-02,Sticky Notes,Stationery,North,8,3.87,30.96,21.23
2025-07-02,Office Chair,Furniture,Central,7,99.62,697.34,437.77
2025-07-02,Mechanical Keyboard,Electronics,Central,1,68.81,68.81,38.23
2025-07-02,Water Bottle,Home & Kitchen,West,5,22.31,111.55,69.25
2025-07-02,Desk Lamp,Furniture,North,8,115.19,921.52,607.83
2025-07-02,Notebook Set,Stationery,East,4,8.44,33.76,18.85
2025-07-02,Office Chair,Furniture,North,8,310.55,2484.4,1344.62
2025-07-02,Wireless Mouse,Electronics,East,3,96.01,288.03,152.61
2025-07-02,Mechanical Keyboard,Electronics,North,3,57.38,172.14,102.49
2025-07-02,Water Bottle,Home & Kitchen,East,4,11.16,44.64,25.89
2025-07-03,Sticky Notes,Stationery,South,5,8.6,43.0,23.9
2025-07-03,Wireless Mouse,Electronics,Central,4,95.3,381.2,237.34
2025-07-03,Notebook Set,Stationery,East,8,4.55,36.4,23.37
2025-07-03,Desk Lamp,Furniture,West,3,275.14,825.42,481.51
2025-07-03,Notebook Set,Stationery,West,2,12.76,25.52,17.51
2025-07-03,Ballpoint Pens (Pack),Stationery,North,2,3.2,6.4,3.48
2025-07-03,USB-C Hub,Electronics,North,8,83.17,665.36,440.65
2025-07-03,Standing Desk,Furniture,East,8,111.71,893.68,606.25
2025-07-03,Ballpoint Pens (Pack),Stationery,West,8,3.79,30.32,19.96
2025-07-03,Standing Desk,Furniture,South,7,74.5,521.5,363.74
2025-07-03,Coffee Mug,Home & Kitchen,Central,3,24.0,72.0,44.38
2025-07-03,Mechanical Keyboard,Electronics,West,8,94.25,754.0,470.81
2025-07-03,Mechanical Keyboard,Electronics,North,8,73.18,585.44,367.97
2025-07-03,Coffee Mug,Home & Kitchen,Central,8,28.43,227.44,129.79
2025-07-03,Water Bottle,Home & Kitchen,Central,8,19.51,156.08,103.19
2025-07-03,Wireless Mouse,Electronics,North,5,62.08,310.4,209.24
2025-07-04,USB-C Hub,Electronics,Central,4,104.56,418.24,217.42
2025-07-04,Notebook Set,Stationery,South,1,13.43,13.43,8.16
2025-07-04,Notebook Set,Stationery,South,7,12.76,89.32,51.36
2025-07-04,Office Chair,Furniture,East,3,176.88,530.64,303.66
2025-07-04,Wireless Mouse,Electronics,East,1,83.37,83.37,45.54
2025-07-04,Sticky Notes,Stationery,Central,1,13.91,13.91,8.75
2025-07-04,Wireless Mouse,Electronics,West,1,118.46,118.46,71.14
2025-07-04,Sticky Notes,Stationery,West,2,7.39,14.78,8.65
2025-07-04,Wireless Mouse,Electronics,South,1,28.77,28.77,19.93
2025-07-04,Water Bottle,Home & Kitchen,East,5,17.09,85.45,44.31
2025-07-04,Desk Lamp,Furniture,Central,7,347.92,2435.44,1460.23
2025-07-04,Wireless Mouse,Electronics,East,4,72.17,288.68,155.76
2025-07-04,Water Bottle,Home & Kitchen,Central,5,25.04,125.2,84.89
2025-07-05,Mechanical Keyboard,Electronics,West,7,95.45,668.15,451.9
2025-07-05,USB-C Hub,Electronics,West,4,103.01,412.04,261.98
2025-07-05,Water Bottle,Home & Kitchen,West,1,11.4,11.4,7.42
2025-07-05,USB-C Hub,Electronics,West,5,104.05,520.25,359.02
2025-07-05,Ballpoint Pens (Pack),Stationery,Central,5,9.85,49.25,31.54
2025-07-05,Notebook Set,Stationery,Central,1,3.49,3.49,1.77
2025-07-05,Mechanical Keyboard,Electronics,West,8,64.34,514.72,273.85
2025-07-05,Wireless Mouse,Electronics,South,7,47.34,331.38,188.47
2025-07-05,USB-C Hub,Electronics,South,1,78.25,78.25,49.37
2025-07-05,Notebook Set,Stationery,South,2,2.3,4.6,3.22
2025-07-06,Water Bottle,Home & Kitchen,North,5,16.86,84.3,46.55
2025-07-06,USB-C Hub,Electronics,East,6,25.24,151.44,92.7
2025-07-06,Notebook Set,Stationery,East,6,13.38,80.28,48.35
2025-07-06,Coffee Mug,Home & Kitchen,West,6,24.04,144.24,93.07
2025-07-06,Mechanical Keyboard,Electronics,East,4,104.79,419.16,252.35
2025-07-06,Desk Lamp,Furniture,Central,5,233.92,1169.6,681.77
2025-07-06,Coffee Mug,Home & Kitchen,Central,2,18.39,36.78,18.83
2025-07-06,Standing Desk,Furniture,Central,1,250.49,250.49,146.48
2025-07-06,Coffee Mug,Home & Kitchen,North,7,14.91,104.37,71.56
2025-07-06,Office Chair,Furniture,Central,2,292.64,585.28,384.85
2025-07-07,Desk Lamp,Furniture,South,8,268.49,2147.92,1220.39
2025-07-07,Standing Desk,Furniture,South,8,75.61,604.88,390.99
2025-07-07,Ballpoint Pens (Pack),Stationery,South,4,2.4,9.6,5.29
2025-07-07,Office Chair,Furniture,South,7,247.06,1729.42,968.75
2025-07-07,Wireless Mouse,Electronics,East,3,114.03,342.09,237.36
2025-07-07,Water Bottle,Home & Kitchen,Central,7,23.27,162.89,112.03
2025-07-07,Standing Desk,Furniture,Central,8,238.49,1907.92,989.55
2025-07-07,Standing Desk,Furniture,West,5,151.31,756.55,484.46
2025-07-07,Mechanical Keyboard,Electronics,East,2,50.0,100.0,51.72
2025-07-07,Standing Desk,Furniture,South,3,228.55,685.65,477.38
2025-07-07,Notebook Set,Stationery,North,8,10.28,82.24,41.74
2025-07-07,Desk Lamp,Furniture,West,5,190.19,950.95,549.84
2025-07-08,Ballpoint Pens (Pack),Stationery,East,5,4.37,21.85,14.03
2025-07-08,Water Bottle,Home & Kitchen,North,6,22.1,132.6,81.65
2025-07-08,USB-C Hub,Electronics,Central,4,19.71,78.84,53.27
2025-07-08,Wireless Mouse,Electronics,East,6,97.74,586.44,407.19
2025-07-08,Ballpoint Pens (Pack),Stationery,South,5,8.55,42.75,23.72
2025-07-08,Mechanical Keyboard,Electronics,South,6,101.76,610.56,370.85
2025-07-08,Desk Lamp,Furniture,East,7,269.0,1883.0,956.42
2025-07-08,USB-C Hub,Electronics,West,7,35.6,249.2,165.23
2025-07-08,Desk Lamp,Furniture,West,2,303.68,607.36,377.31
2025-07-08,Desk Lamp,Furniture,East,3,90.57,271.71,153.85
2025-07-08,Mechanical Keyboard,Electronics,West,2,50.09,100.18,56.85
2025-07-08,Ballpoint Pens (Pack),Stationery,North,4,14.3,57.2,30.29
2025-07-09,Sticky Notes,Stationery,Central,2,4.76,9.52,5.38
2025-07-09,USB-C Hub,Electronics,East,8,80.1,640.8,365.96
2025-07-09,Sticky Notes,Stationery,East,6,6.37,38.22,25.38
2025-07-09,Water Bottle,Home & Kitchen,North,7,20.07,140.49,84.72
2025-07-09,Sticky Notes,Stationery,Central,5,13.26,66.3,36.86
2025-07-09,Wireless Mouse,Electronics,West,1,30.34,30.34,19.03
2025-07-09,Coffee Mug,Home & Kitchen,East,1,20.44,20.44,12.57
2025-07-09,Wireless Mouse,Electronics,South,1,98.49,98.49,68.07
2025-07-09,Sticky Notes,Stationery,North,6,9.54,57.24,39.54
2025-07-09,Ballpoint Pens (Pack),Stationery,West,1,9.52,9.52,5.79
2025-07-09,Mechanical Keyboard,Electronics,South,8,76.73,613.84,420.02
2025-07-09,USB-C Hub,Electronics,East,5,95.9,479.5,247.32
2025-07-09,USB-C Hub,Electronics,West,5,33.62,168.1,109.08
2025-07-09,Desk Lamp,Furniture,East,5,326.95,1634.75,1038.81
2025-07-09,Notebook Set,Stationery,North,1,12.82,12.82,6.42
2025-07-09,Mechanical Keyboard,Electronics,South,8,65.88,527.04,362.64
2025-07-09,Water Bottle,Home & Kitchen,East,2,8.23,16.46,8.86
2025-07-10,Ballpoint Pens (Pack),Stationery,South,1,4.31,4.31,2.41
2025-07-10,Standing Desk,Furniture,East,1,81.84,81.84,56.68
2025-07-10,Water Bottle,Home & Kitchen,South,5,26.13,130.65,67.54
2025-07-10,Coffee Mug,Home & Kitchen,North,5,17.56,87.8,59.21
2025-07-10,Notebook Set,Stationery,West,8,13.64,109.12,72.37
2025-07-10,Water Bottle,Home & Kitchen,South,7,20.51,143.57,86.8
2025-07-10,Mechanical Keyboard,Electronics,West,6,35.01,210.06,105.1
2025-07-10,Sticky Notes,Stationery,West,1,3.47,3.47,2.35
2025-07-10,Wireless Mouse,Electronics,South,8,88.23,705.84,407.97
2025-07-10,Sticky Notes,Stationery,South,2,7.05,14.1,9.23
2025-07-10,Sticky Notes,Stationery,Central,3,10.22,30.66,20.45
2025-07-10,Notebook Set,Stationery,East,8,14.34,114.72,60.96
2025-07-10,Coffee Mug,Home & Kitchen,South,3,28.86,86.58,59.33
2025-07-10,Mechanical Keyboard,Electronics,Central,7,86.94,608.58,375.92
2025-07-10,USB-C Hub,Electronics,West,5,111.9,559.5,348.86
2025-07-10,Water Bottle,Home & Kitchen,Central,3,24.21,72.63,37.69
2025-07-10,Standing Desk,Furniture,South,2,158.3,316.6,213.05
2025-07-11,USB-C Hub,Electronics,North,8,43.37,346.96,194.11
2025-07-11,Standing Desk,Furniture,North,5,256.42,1282.1,659.08
2025-07-11,Notebook Set,Stationery,North,5,13.42,67.1,35.7
2025-07-11,Ballpoint Pens (Pack),Stationery,West,7,13.92,97.44,52.97
2025-07-11,Office Chair,Furniture,Central,8,120.83,966.64,636.67
2025-07-11,Coffee Mug,Home & Kitchen,South,8,14.71,117.68,76.38
2025-07-11,Standing Desk,Furniture,South,8,286.95,2295.6,1454.08
2025-07-11,Water Bottle,Home & Kitchen,West,2,29.45,58.9,31.33
2025-07-11,Coffee Mug,Home & Kitchen,Central,8,22.49,179.92,119.87
2025-07-11,Sticky Notes,Stationery,North,5,11.19,55.95,37.45
2025-07-11,Desk Lamp,Furniture,West,2,145.35,290.7,193.8
2025-07-11,Office Chair,Furniture,South,6,331.67,1990.02,1023.56
2025-07-11,Notebook Set,Stationery,South,5,7.03,35.15,21.9
2025-07-11,Water Bottle,Home & Kitchen,Central,7,15.4,107.8,56.29
2025-07-11,USB-C Hub,Electronics,Central,1,91.57,91.57,59.82
2025-07-12,Wireless Mouse,Electronics,North,7,114.31,800.17,519.29
2025-07-12,Water Bottle,Home & Kitchen,South,4,16.17,64.68,35.5
2025-07-12,Sticky Notes,Stationery,North,4,6.3,25.2,13.29
2025-07-12,Office Chair,Furniture,East,5,165.97,829.85,577.88
2025-07-12,Standing Desk,Furniture,East,7,219.88,1539.16,812.04
2025-07-12,Wireless Mouse,Electronics,East,1,21.0,21.0,14.48
2025-07-12,Notebook Set,Stationery,West,7,2.58,18.06,9.59
2025-07-12,Standing Desk,Furniture,South,2,212.7,425.4,293.26
2025-07-12,Ballpoint Pens (Pack),Stationery,North,3,11.74,35.22,22.29
2025-07-12,Wireless Mouse,Electronics,South,3,70.09,210.27,121.7
2025-07-12,Desk Lamp,Furniture,West,2,199.85,399.7,272.17
2025-07-13,Desk Lamp,Furniture,East,4,292.92,1171.68,642.39
2025-07-13,Office Chair,Furniture,South,7,245.41,1717.87,926.52
2025-07-13,Ballpoint Pens (Pack),Stationery,East,4,3.84,15.36,9.11
2025-07-13,Standing Desk,Furniture,East,7,340.69,2384.83,1637.65
2025-07-13,Notebook Set,Stationery,Central,2,9.75,19.5,12.37
2025-07-13,Desk Lamp,Furniture,West,8,181.08,1448.64,746.38
2025-07-13,Sticky Notes,Stationery,South,7,5.7,39.9,21.77
2025-07-13,Ballpoint Pens (Pack),Stationery,East,1,11.5,11.5,7.92
2025-07-13,Ballpoint Pens (Pack),Stationery,South,1,9.98,9.98,6.72
2025-07-13,Standing Desk,Furniture,West,6,293.54,1761.24,1011.62
2025-07-14,Notebook Set,Stationery,East,5,9.31,46.55,31.12
2025-07-14,Sticky Notes,Stationery,North,7,12.73,89.11,60.43
2025-07-14,Desk Lamp,Furniture,East,8,310.76,2486.08,1467.78
2025-07-14,Coffee Mug,Home & Kitchen,West,3,12.14,36.42,18.37
2025-07-14,Water Bottle,Home & Kitchen,South,3,21.09,63.27,32.78
2025-07-14,Water Bottle,Home & Kitchen,Central,5,26.09,130.45,76.99
2025-07-14,Sticky Notes,Stationery,West,7,5.84,40.88,21.33
2025-07-14,Mechanical Keyboard,Electronics,West,6,116.92,701.52,439.66
2025-07-14,Water Bottle,Home & Kitchen,Central,8,25.67,205.36,115.66
2025-07-14,Office Chair,Furniture,East,5,74.46,372.3,252.15
2025-07-14,USB-C Hub,Electronics,West,7,80.17,561.19,331.66
2025-07-14,Sticky Notes,Stationery,South,4,6.93,27.72,16.59
2025-07-14,Mechanical Keyboard,Electronics,Central,7,98.65,690.55,475.89
2025-07-14,USB-C Hub,Electronics,North,1,60.21,60.21,35.63
2025-07-14,Desk Lamp,Furniture,West,2,270.07,540.14,277.95
2025-07-14,Coffee Mug,Home & Kitchen,Central,4,13.62,54.48,31.13
2025-07-14,Mechanical Keyboard,Electronics,West,5,55.6,278.0,162.99
2025-07-15,Water Bottle,Home & Kitchen,West,6,9.1,54.6,30.14
2025-07-15,Desk Lamp,Furniture,West,7,292.12,2044.84,1375.07
2025-07-15,Wireless Mouse,Electronics,North,7,112.32,786.24,494.81
2025-07-15,Standing Desk,Furniture,North,5,245.18,1225.9,613.56
2025-07-15,Standing Desk,Furniture,South,1,349.88,349.88,239.49
2025-07-15,Mechanical Keyboard,Electronics,West,1,44.46,44.46,27.94
2025-07-15,Wireless Mouse,Electronics,Central,2,98.94,197.88,116.11
2025-07-15,Mechanical Keyboard,Electronics,South,4,19.28,77.12,52.17
2025-07-15,Desk Lamp,Furniture,Central,1,255.56,255.56,149.0
2025-07-15,Sticky Notes,Stationery,North,4,4.13,16.52,8.77
2025-07-15,Wireless Mouse,Electronics,Central,7,105.68,739.76,372.97
2025-07-15,Desk Lamp,Furniture,North,7,234.66,1642.62,1114.66
2025-07-15,Sticky Notes,Stationery,Central,2,11.84,23.68,14.49
2025-07-15,Standing Desk,Furniture,West,5,274.79,1373.95,941.29
2025-07-15,Standing Desk,Furniture,East,5,254.48,1272.4,745.43
2025-07-15,Notebook Set,Stationery,North,7,14.84,103.88,71.39
2025-07-15,Coffee Mug,Home & Kitchen,East,1,18.63,18.63,10.75
2025-07-16,Wireless Mouse,Electronics,South,3,99.31,297.93,149.24
2025-07-16,Sticky Notes,Stationery,West,3,2.44,7.32,4.62
2025-07-16,Mechanical Keyboard,Electronics,Central,4,103.73,414.92,209.0
2025-07-16,Desk Lamp,Furniture,Central,2,319.41,638.82,329.94
2025-07-16,Office Chair,Furniture,North,5,345.69,1728.45,1066.7
2025-07-16,Desk Lamp,Furniture,South,8,82.68,661.44,377.16
2025-07-16,Notebook Set,Stationery,West,3,8.64,25.92,16.73
2025-07-16,Office Chair,Furniture,Central,5,87.82,439.1,296.85
2025-07-16,Coffee Mug,Home & Kitchen,South,3,13.97,41.91,27.59
2025-07-16,Standing Desk,Furniture,North,7,322.28,2255.96,1412.03
2025-07-16,USB-C Hub,Electronics,South,1,106.95,106.95,71.0
2025-07-16,Notebook Set,Stationery,North,4,6.53,26.12,16.66
2025-07-16,Mechanical Keyboard,Electronics,East,4,33.54,134.16,74.58
2025-07-16,Notebook Set,Stationery,North,6,8.85,53.1,30.95
2025-07-16,Ballpoint Pens (Pack),Stationery,Central,1,4.6,4.6,2.78
2025-07-16,Standing Desk,Furniture,West,4,136.89,547.56,349.45
2025-07-16,Desk Lamp,Furniture,West,1,184.93,184.93,99.37
2025-07-16,Ballpoint Pens (Pack),Stationery,North,8,8.23,65.84,40.5
2025-07-16,Coffee Mug,Home & Kitchen,North,5,21.54,107.7,70.14
2025-07-16,Mechanical Keyboard,Electronics,North,8,30.06,240.48,128.95
2025-07-16,Notebook Set,Stationery,North,7,10.97,76.79,46.04
2025-07-16,USB-C Hub,Electronics,South,5,23.32,116.6,70.76
2025-07-16,Wireless Mouse,Electronics,Central,4,102.61,410.44,212.33
2025-07-16,Office Chair,Furniture,North,4,301.24,1204.96,681.89
2025-07-16,Office Chair,Furniture,North,2,209.68,419.36,278.63
2025-07-16,Mechanical Keyboard,Electronics,South,8,29.98,239.84,141.53
2025-07-16,Ballpoint Pens (Pack),Stationery,North,4,2.53,10.12,5.53
2025-07-17,Ballpoint Pens (Pack),Stationery,West,1,11.64,11.64,7.39
2025-07-17,Ballpoint Pens (Pack),Stationery,Central,7,13.39,93.73,58.23
2025-07-17,Ballpoint Pens (Pack),Stationery,Central,6,14.58,87.48,61.01
2025-07-17,Office Chair,Furniture,Central,6,335.07,2010.42,1190.39
2025-07-17,Water Bottle,Home & Kitchen,East,5,10.67,53.35,32.89
2025-07-17,Standing Desk,Furniture,East,3,119.5,358.5,230.71
2025-07-17,Water Bottle,Home & Kitchen,Central,6,19.55,117.3,62.22
2025-07-17,Mechanical Keyboard,Electronics,West,2,119.65,239.3,135.21
2025-07-17,Mechanical Keyboard,Electronics,East,7,45.18,316.26,186.5
2025-07-17,USB-C Hub,Electronics,East,5,67.44,337.2,203.09
2025-07-17,Sticky Notes,Stationery,North,8,6.79,54.32,32.28
2025-07-18,Mechanical Keyboard,Electronics,North,1,103.95,103.95,54.35
2025-07-18,Coffee Mug,Home & Kitchen,Central,8,24.9,199.2,107.63
2025-07-18,Notebook Set,Stationery,Central,2,12.86,25.72,16.33
2025-07-18,Notebook Set,Stationery,East,2,2.61,5.22,2.9
2025-07-18,Mechanical Keyboard,Electronics,Central,7,45.3,317.1,182.67
2025-07-18,Notebook Set,Stationery,North,1,12.16,12.16,8.19
2025-07-18,Standing Desk,Furniture,South,6,308.92,1853.52,971.0
2025-07-18,Office Chair,Furniture,North,7,341.51,2390.57,1428.42
2025-07-18,Office Chair,Furniture,Central,1,199.0,199.0,121.95
2025-07-18,Office Chair,Furniture,South,5,155.53,777.65,517.19
2025-07-18,Desk Lamp,Furniture,North,4,80.06,320.24,198.4
2025-07-18,Standing Desk,Furniture,South,3,140.0,420.0,220.36
2025-07-18,Coffee Mug,Home & Kitchen,West,4,18.6,74.4,39.55
2025-07-19,Wireless Mouse,Electronics,East,4,112.02,448.08,273.22
2025-07-19,Standing Desk,Furniture,South,8,273.82,2190.56,1277.65
2025-07-19,Desk Lamp,Furniture,East,4,309.07,1236.28,834.11
2025-07-19,Standing Desk,Furniture,West,7,176.42,1234.94,847.23
2025-07-19,Standing Desk,Furniture,North,7,337.04,2359.28,1340.1
2025-07-19,USB-C Hub,Electronics,Central,4,56.67,226.68,114.7
2025-07-19,Mechanical Keyboard,Electronics,Central,8,33.36,266.88,172.34
2025-07-19,USB-C Hub,Electronics,North,1,100.08,100.08,67.78
2025-07-19,USB-C Hub,Electronics,South,7,85.04,595.28,348.79
2025-07-19,Coffee Mug,Home & Kitchen,North,4,24.63,98.52,68.8
2025-07-19,Notebook Set,Stationery,East,1,14.29,14.29,9.9
2025-07-20,Mechanical Keyboard,Electronics,Central,5,19.87,99.35,50.39
2025-07-20,Mechanical Keyboard,Electronics,Central,5,76.65,383.25,204.27
2025-07-20,Sticky Notes,Stationery,East,6,4.91,29.46,17.22
2025-07-20,Water Bottle,Home & Kitchen,North,3,25.33,75.99,45.56
2025-07-20,Coffee Mug,Home & Kitchen,South,2,20.63,41.26,22.68
2025-07-20,Desk Lamp,Furniture,North,1,84.9,84.9,51.3
2025-07-20,Standing Desk,Furniture,West,7,265.37,1857.59,1264.11
2025-07-20,Wireless Mouse,Electronics,Central,5,63.16,315.8,217.85
2025-07-20,Sticky Notes,Stationery,East,5,7.01,35.05,19.44
2025-07-21,Sticky Notes,Stationery,South,6,14.56,87.36,47.31
2025-07-21,Office Chair,Furniture,North,1,62.0,62.0,36.02
2025-07-21,USB-C Hub,Electronics,South,5,119.74,598.7,304.94
2025-07-21,Mechanical Keyboard,Electronics,South,2,77.26,154.52,95.42
2025-07-21,USB-C Hub,Electronics,North,8,84.7,677.6,378.38
2025-07-21,Standing Desk,Furniture,West,6,181.11,1086.66,551.42
2025-07-21,Standing Desk,Furniture,South,8,328.33,2626.64,1437.3
2025-07-21,Office Chair,Furniture,East,6,184.12,1104.72,670.66
2025-07-21,Standing Desk,Furniture,West,7,76.35,534.45,363.64
2025-07-21,Coffee Mug,Home & Kitchen,North,2,16.22,32.44,16.86
2025-07-21,Mechanical Keyboard,Electronics,East,2,72.13,144.26,73.77
2025-07-21,Standing Desk,Furniture,Central,7,62.26,435.82,241.52
2025-07-21,Standing Desk,Furniture,Central,6,275.85,1655.1,1144.52
2025-07-21,Desk Lamp,Furniture,East,7,281.28,1968.96,1002.36
2025-07-21,Mechanical Keyboard,Electronics,East,3,33.77,101.31,57.89
2025-07-21,Ballpoint Pens (Pack),Stationery,West,3,4.22,12.66,8.22
2025-07-21,Ballpoint Pens (Pack),Stationery,South,3,5.32,15.96,9.63
2025-07-21,USB-C Hub,Electronics,East,2,85.69,171.38,103.24
2025-07-21,Office Chair,Furniture,East,2,129.44,258.88,166.59
2025-07-21,Ballpoint Pens (Pack),Stationery,South,6,7.07,42.42,24.98
2025-07-22,Standing Desk,Furniture,Central,8,305.44,2443.52,1646.61
2025-07-22,Desk Lamp,Furniture,South,6,311.79,1870.74,1211.07
2025-07-22,Coffee Mug,Home & Kitchen,East,2,17.26,34.52,17.63
2025-07-22,Office Chair,Furniture,Central,8,143.2,1145.6,640.2
2025-07-22,Notebook Set,Stationery,North,7,14.07,98.49,63.78
2025-07-22,Desk Lamp,Furniture,North,7,131.98,923.86,567.98
2025-07-22,Wireless Mouse,Electronics,North,6,115.42,692.52,405.54
2025-07-22,Coffee Mug,Home & Kitchen,East,5,27.73,138.65,87.64
2025-07-22,USB-C Hub,Electronics,Central,7,51.12,357.84,212.85
2025-07-22,Sticky Notes,Stationery,North,6,5.06,30.36,17.34
2025-07-22,Sticky Notes,Stationery,South,5,7.95,39.75,24.92
2025-07-22,Water Bottle,Home & Kitchen,North,2,15.47,30.94,16.96
2025-07-22,Office Chair,Furniture,West,4,125.23,500.92,262.8
2025-07-23,Standing Desk,Furniture,East,5,210.67,1053.35,690.74
2025-07-23,Standing Desk,Furniture,West,1,114.39,114.39,57.67
2025-07-23,Notebook Set,Stationery,West,7,9.84,68.88,46.37
2025-07-23,Desk Lamp,Furniture,East,8,115.15,921.2,526.7
2025-07-23,Water Bottle,Home & Kitchen,East,4,9.77,39.08,27.26
2025-07-23,Office Chair,Furniture,North,3,268.34,805.02,557.75
2025-07-23,Wireless Mouse,Electronics,South,8,64.49,515.92,260.65
2025-07-23,Wireless Mouse,Electronics,West,8,97.16,777.28,522.16
2025-07-23,Notebook Set,Stationery,Central,8,7.41,59.28,34.74
2025-07-23,Water Bottle,Home & Kitchen,Central,5,17.54,87.7,44.42
2025-07-23,Sticky Notes,Stationery,South,4,4.34,17.36,9.7
2025-07-23,Wireless Mouse,Electronics,North,5,20.72,103.6,59.6
2025-07-23,Coffee Mug,Home & Kitchen,Central,5,13.46,67.3,37.91
2025-07-23,Office Chair,Furniture,West,3,269.28,807.84,458.25
2025-07-23,Office Chair,Furniture,East,5,104.31,521.55,348.39
2025-07-23,Wireless Mouse,Electronics,South,1,26.72,26.72,18.49
2025-07-23,Notebook Set,Stationery,North,2,6.2,12.4,7.08
2025-07-23,Desk Lamp,Furniture,North,2,330.39,660.78,380.2
2025-07-23,Mechanical Keyboard,Electronics,East,3,55.55,166.65,99.81
2025-07-24,Wireless Mouse,Electronics,East,2,24.12,48.24,30.34
2025-07-24,Notebook Set,Stationery,East,2,9.66,19.32,13.34
2025-07-24,Sticky Notes,Stationery,Central,6,6.83,40.98,26.59
2025-07-24,Mechanical Keyboard,Electronics,West,8,94.18,753.44,443.29
2025-07-24,Desk Lamp,Furniture,West,6,319.34,1916.04,1031.4
2025-07-24,Standing Desk,Furniture,Central,2,67.31,134.62,92.19
2025-07-24,USB-C Hub,Electronics,East,3,17.33,51.99,29.9
2025-07-24,Wireless Mouse,Electronics,West,7,119.03,833.21,543.06
2025-07-24,Sticky Notes,Stationery,West,5,11.51,57.55,32.08
2025-07-24,Mechanical Keyboard,Electronics,West,3,119.56,358.68,190.0
2025-07-24,Coffee Mug,Home & Kitchen,East,1,18.4,18.4,11.86
2025-07-24,Water Bottle,Home & Kitchen,North,4,17.19,68.76,47.77
2025-07-24,Coffee Mug,Home & Kitchen,Central,2,19.68,39.36,26.07
2025-07-24,Ballpoint Pens (Pack),Stationery,Central,5,13.9,69.5,42.96
2025-07-24,Office Chair,Furniture,South,4,234.99,939.96,630.69
2025-07-25,Sticky Notes,Stationery,South,5,9.11,45.55,27.3
2025-07-25,Standing Desk,Furniture,Central,8,127.09,1016.72,676.38
2025-07-25,Office Chair,Furniture,East,7,134.67,942.69,494.2
2025-07-25,Mechanical Keyboard,Electronics,North,1,22.39,22.39,11.53
2025-07-25,Water Bottle,Home & Kitchen,Central,2,19.89,39.78,20.46
2025-07-25,Office Chair,Furniture,West,7,207.38,1451.66,768.84
2025-07-25,Desk Lamp,Furniture,North,2,229.84,459.68,296.04
2025-07-25,Coffee Mug,Home & Kitchen,East,6,20.01,120.06,62.5
2025-07-25,Mechanical Keyboard,Electronics,South,3,44.21,132.63,68.94
2025-07-25,Mechanical Keyboard,Electronics,East,3,114.61,343.83,195.52
2025-07-25,Standing Desk,Furniture,East,2,188.06,376.12,202.64
2025-07-26,Mechanical Keyboard,Electronics,West,6,88.28,529.68,312.37
2025-07-26,Mechanical Keyboard,Electronics,East,2,59.17,118.34,67.12
2025-07-26,Water Bottle,Home & Kitchen,North,8,9.68,77.44,42.08
2025-07-26,Wireless Mouse,Electronics,North,8,106.17,849.36,574.16
2025-07-26,USB-C Hub,Electronics,South,5,49.72,248.6,140.08
2025-07-26,Notebook Set,Stationery,East,5,10.6,53.0,29.34
2025-07-26,Wireless Mouse,Electronics,North,6,91.27,547.62,346.44
2025-07-27,Standing Desk,Furniture,South,1,313.96,313.96,163.7
2025-07-27,Coffee Mug,Home & Kitchen,Central,1,25.46,25.46,14.9
2025-07-27,Coffee Mug,Home & Kitchen,North,4,29.48,117.92,74.61
2025-07-27,Sticky Notes,Stationery,West,2,11.02,22.04,11.55
2025-07-27,Ballpoint Pens (Pack),Stationery,North,7,2.64,18.48,12.56
2025-07-27,Notebook Set,Stationery,West,6,4.31,25.86,15.81
2025-07-27,Desk Lamp,Furniture,South,6,146.68,880.08,499.39
2025-07-27,Standing Desk,Furniture,North,6,175.7,1054.2,545.96
2025-07-27,Sticky Notes,Stationery,Central,2,11.99,23.98,16.04
2025-07-27,Ballpoint Pens (Pack),Stationery,South,5,12.07,60.35,33.22
2025-07-27,Notebook Set,Stationery,West,8,11.05,88.4,49.8
2025-07-27,Wireless Mouse,Electronics,South,4,24.86,99.44,68.9
2025-07-27,Water Bottle,Home & Kitchen,West,4,21.61,86.44,51.21
2025-07-28,Office Chair,Furniture,Central,6,73.18,439.08,250.07
2025-07-28,Water Bottle,Home & Kitchen,South,3,11.83,35.49,21.43
2025-07-28,Ballpoint Pens (Pack),Stationery,Central,4,13.73,54.92,31.77
2025-07-28,Wireless Mouse,Electronics,East,1,75.25,75.25,43.98
2025-07-28,Coffee Mug,Home & Kitchen,South,3,23.64,70.92,38.34
2025-07-28,Notebook Set,Stationery,South,2,9.15,18.3,9.81
2025-07-28,Ballpoint Pens (Pack),Stationery,South,8,2.52,20.16,11.57
2025-07-28,Standing Desk,Furniture,Central,1,227.44,227.44,134.5
2025-07-28,Water Bottle,Home & Kitchen,South,8,23.16,185.28,94.89
2025-07-28,Sticky Notes,Stationery,Central,4,12.67,50.68,30.57
2025-07-28,Ballpoint Pens (Pack),Stationery,North,5,8.35,41.75,22.01
2025-07-28,Coffee Mug,Home & Kitchen,North,2,17.94,35.88,22.36
2025-07-28,Wireless Mouse,Electronics,North,5,94.29,471.45,285.76
2025-07-28,Sticky Notes,Stationery,Central,3,9.31,27.93,16.69
2025-07-28,Sticky Notes,Stationery,West,8,10.68,85.44,47.85
2025-07-28,USB-C Hub,Electronics,East,5,41.12,205.6,111.73
2025-07-28,USB-C Hub,Electronics,North,1,109.01,109.01,72.31
2025-07-28,Wireless Mouse,Electronics,Central,3,119.89,359.67,190.41
2025-07-29,Wireless Mouse,Electronics,Central,4,26.33,105.32,53.94
2025-07-29,Standing Desk,Furniture,South,1,90.35,90.35,56.78
2025-07-29,Wireless Mouse,Electronics,East,5,51.25,256.25,153.45
2025-07-29,Desk Lamp,Furniture,Central,7,349.79,2448.53,1361.45
2025-07-29,Sticky Notes,Stationery,East,7,13.44,94.08,50.26
2025-07-29,Sticky Notes,Stationery,West,5,5.94,29.7,17.59
2025-07-29,Ballpoint Pens (Pack),Stationery,East,3,9.07,27.21,15.23
2025-07-29,Wireless Mouse,Electronics,West,7,98.33,688.31,353.82
2025-07-29,Water Bottle,Home & Kitchen,North,2,29.81,59.62,39.75
2025-07-29,Mechanical Keyboard,Electronics,North,7,20.54,143.78,98.86
2025-07-29,Notebook Set,Stationery,Central,3,6.9,20.7,11.1
2025-07-29,Wireless Mouse,Electronics,South,1,54.87,54.87,37.51
2025-07-29,USB-C Hub,Electronics,East,5,37.51,187.55,93.93
2025-07-29,Desk Lamp,Furniture,West,7,335.31,2347.17,1505.94
2025-07-29,Ballpoint Pens (Pack),Stationery,South,5,13.8,69.0,41.29
2025-07-29,Office Chair,Furniture,North,8,325.19,2601.52,1309.78
2025-07-29,Ballpoint Pens (Pack),Stationery,East,5,9.5,47.5,27.9
2025-07-29,Ballpoint Pens (Pack),Stationery,South,5,2.96,14.8,7.67
2025-07-29,Standing Desk,Furniture,North,8,284.28,2274.24,1438.94
2025-07-29,Standing Desk,Furniture,Central,3,62.9,188.7,102.72
2025-07-29,Coffee Mug,Home & Kitchen,East,3,13.83,41.49,23.21
2025-07-29,Wireless Mouse,Electronics,West,5,84.88,424.4,271.21
2025-07-29,Mechanical Keyboard,Electronics,West,5,20.2,101.0,64.76
2025-07-29,Desk Lamp,Furniture,South,5,124.41,622.05,398.51
2025-07-29,Desk Lamp,Furniture,West,5,174.43,872.15,523.4
2025-07-29,Mechanical Keyboard,Electronics,South,1,55.49,55.49,34.81
2025-07-29,Coffee Mug,Home & Kitchen,West,5,15.83,79.15,44.01
2025-07-29,Water Bottle,Home & Kitchen,West,8,29.21,233.68,150.23
2025-07-29,Office Chair,Furniture,East,2,229.42,458.84,254.96
2025-07-30,Wireless Mouse,Electronics,South,3,46.68,140.04,77.19
2025-07-30,Desk Lamp,Furniture,South,3,142.27,426.81,224.78
2025-07-30,Standing Desk,Furniture,West,2,142.38,284.76,177.74
2025-07-30,Wireless Mouse,Electronics,East,2,95.26,190.52,124.36
2025-07-30,Notebook Set,Stationery,Central,1,8.98,8.98,5.23
2025-07-30,Office Chair,Furniture,Central,8,69.62,556.96,302.61
2025-07-30,Standing Desk,Furniture,North,1,204.4,204.4,115.77
2025-07-30,Water Bottle,Home & Kitchen,South,6,28.04,168.24,117.0
2025-07-30,Wireless Mouse,Electronics,South,5,33.4,167.0,106.13
2025-07-30,Desk Lamp,Furniture,Central,6,115.45,692.7,451.26
2025-07-30,Mechanical Keyboard,Electronics,East,6,110.59,663.54,380.66
2025-07-30,USB-C Hub,Electronics,East,2,78.8,157.6,107.46
2025-07-30,Office Chair,Furniture,West,1,85.02,85.02,45.99
2025-07-30,Sticky Notes,Stationery,North,4,8.98,35.92,24.26
2025-07-30,Standing Desk,Furniture,Central,2,105.26,210.52,108.34
2025-07-30,Sticky Notes,Stationery,North,2,5.83,11.66,7.12
2025-07-30,USB-C Hub,Electronics,West,2,27.41,54.82,29.7
2025-07-30,Standing Desk,Furniture,East,1,165.13,165.13,113.18
2025-07-30,Office Chair,Furniture,North,4,104.03,416.12,272.84
2025-07-30,USB-C Hub,Electronics,East,4,41.79,167.16,111.27
2025-07-31,Mechanical Keyboard,Electronics,South,7,117.15,820.05,551.08
2025-07-31,Wireless Mouse,Electronics,West,1,23.07,23.07,12.14
2025-07-31,Desk Lamp,Furniture,Central,5,141.6,708.0,441.66
2025-07-31,Notebook Set,Stationery,North,1,13.98,13.98,7.52
2025-07-31,Office Chair,Furniture,South,4,323.47,1293.88,737.55
2025-07-31,Sticky Notes,Stationery,North,1,6.78,6.78,4.69
2025-07-31,Standing Desk,Furniture,Central,4,221.99,887.96,587.7
2025-07-31,Mechanical Keyboard,Electronics,South,4,108.64,434.56,217.47
2025-07-31,Desk Lamp,Furniture,North,8,72.15,577.2,388.54
2025-07-31,Coffee Mug,Home & Kitchen,East,6,16.88,101.28,54.57
2025-07-31,Office Chair,Furniture,Central,7,260.06,1820.42,1120.42
2025-07-31,Desk Lamp,Furniture,East,8,253.9,2031.2,1359.97
2025-07-31,Desk Lamp,Furniture,Central,4,125.93,503.72,351.16
2025-07-31,Sticky Notes,Stationery,South,2,6.78,13.56,8.97
2025-07-31,Wireless Mouse,Electronics,East,1,33.44,33.44,22.84
2025-07-31,Notebook Set,Stationery,East,2,8.79,17.58,10.96
2025-07-31,Coffee Mug,Home & Kitchen,South,5,27.59,137.95,90.35
2025-07-31,Notebook Set,Stationery,Central,5,9.68,48.4,32.22
2025-07-31,Coffee Mug,Home & Kitchen,West,1,19.94,19.94,10.56
2025-07-31,Coffee Mug,Home & Kitchen,North,3,19.05,57.15,36.09
2025-07-31,Standing Desk,Furniture,East,5,181.69,908.45,610.47
2025-07-31,Water Bottle,Home & Kitchen,North,7,12.03,84.21,52.17
2025-07-31,Coffee Mug,Home & Kitchen,East,2,14.49,28.98,20.12
2025-07-31,Standing Desk,Furniture,Central,3,96.23,288.69,149.0
2025-07-31,Water Bottle,Home & Kitchen,North,5,14.82,74.1,43.65
2025-07-31,USB-C Hub,Electronics,Central,2,27.53,55.06,35.61
2025-07-31,Mechanical Keyboard,Electronics,East,8,96.83,774.64,493.27
2025-08-01,Notebook Set,Stationery,North,8,13.13,105.04,66.44
2025-08-01,Standing Desk,Furniture,East,3,342.14,1026.42,519.19
2025-08-01,Desk Lamp,Furniture,East,2,328.62,657.24,377.59
2025-08-01,USB-C Hub,Electronics,North,8,109.78,878.24,517.03
2025-08-01,Desk Lamp,Furniture,West,4,96.0,384.0,228.04
2025-08-01,Standing Desk,Furniture,West,1,115.93,115.93,73.92
2025-08-01,Desk Lamp,Furniture,North,7,113.71,795.97,545.69
2025-08-01,Office Chair,Furniture,East,2,342.26,684.52,403.12
2025-08-01,Coffee Mug,Home & Kitchen,East,2,29.09,58.18,36.47
2025-08-01,Standing Desk,Furniture,East,3,166.15,498.45,272.45
2025-08-01,Desk Lamp,Furniture,Central,2,224.81,449.62,271.34
2025-08-01,Desk Lamp,Furniture,East,3,234.08,702.24,355.79
2025-08-02,Desk Lamp,Furniture,Central,5,294.55,1472.75,776.45
2025-08-02,Wireless Mouse,Electronics,East,5,91.51,457.55,305.66
2025-08-02,Coffee Mug,Home & Kitchen,North,3,20.39,61.17,36.07
2025-08-02,Office Chair,Furniture,East,4,304.71,1218.84,659.66
2025-08-02,Wireless Mouse,Electronics,North,8,23.98,191.84,109.58
2025-08-02,Ballpoint Pens (Pack),Stationery,West,4,10.44,41.76,28.01
2025-08-02,USB-C Hub,Electronics,North,6,87.53,525.18,321.15
2025-08-02,Notebook Set,Stationery,South,8,5.08,40.64,23.68
2025-08-02,Office Chair,Furniture,Central,7,75.63,529.41,352.35
2025-08-02,Water Bottle,Home & Kitchen,West,6,15.34,92.04,63.83
2025-08-02,Mechanical Keyboard,Electronics,Central,7,49.86,349.02,207.25
2025-08-02,Mechanical Keyboard,Electronics,West,3,63.52,190.56,106.49
2025-08-03,Wireless Mouse,Electronics,East,3,99.44,298.32,177.61
2025-08-03,Coffee Mug,Home & Kitchen,Central,5,15.45,77.25,51.68
2025-08-03,Wireless Mouse,Electronics,Central,8,20.22,161.76,106.82
2025-08-03,Ballpoint Pens (Pack),Stationery,North,3,5.74,17.22,8.94
2025-08-03,Desk Lamp,Furniture,East,3,135.46,406.38,238.89
2025-08-03,Water Bottle,Home & Kitchen,South,1,28.34,28.34,19.24
2025-08-03,Water Bottle,Home & Kitchen,South,6,21.65,129.9,81.46
2025-08-03,Mechanical Keyboard,Electronics,East,3,30.42,91.26,60.09
2025-08-03,Wireless Mouse,Electronics,Central,7,18.06,126.42,81.96
2025-08-04,Office Chair,Furniture,West,7,195.59,1369.13,701.42
2025-08-04,Wireless Mouse,Electronics,West,1,112.6,112.6,56.93
2025-08-04,Mechanical Keyboard,Electronics,North,4,33.69,134.76,70.0
2025-08-04,Standing Desk,Furniture,East,1,65.88,65.88,40.39
2025-08-04,Office Chair,Furniture,East,4,115.14,460.56,240.33
2025-08-04,Water Bottle,Home & Kitchen,East,3,13.46,40.38,22.29
2025-08-04,Standing Desk,Furniture,Central,2,272.28,544.56,314.18
2025-08-04,Sticky Notes,Stationery,South,6,5.12,30.72,21.28
2025-08-04,Water Bottle,Home & Kitchen,Central,7,23.75,166.25,96.73
2025-08-04,Coffee Mug,Home & Kitchen,East,6,17.66,105.96,73.34
2025-08-04,Office Chair,Furniture,North,6,253.11,1518.66,814.13
2025-08-04,Water Bottle,Home & Kitchen,South,5,25.03,125.15,77.79
2025-08-04,Coffee Mug,Home & Kitchen,South,1,18.0,18.0,11.99
2025-08-04,Standing Desk,Furniture,East,1,108.9,108.9,72.23
2025-08-04,Ballpoint Pens (Pack),Stationery,North,5,13.97,69.85,48.88
2025-08-04,USB-C Hub,Electronics,Central,7,16.37,114.59,66.66
2025-08-04,Coffee Mug,Home & Kitchen,North,1,23.66,23.66,14.38
2025-08-04,Water Bottle,Home & Kitchen,South,8,18.1,144.8,87.13
2025-08-04,Water Bottle,Home & Kitchen,East,5,27.3,136.5,89.4
2025-08-04,Water Bottle,Home & Kitchen,South,6,28.03,168.18,86.25
2025-08-05,Water Bottle,Home & Kitchen,East,2,15.97,31.94,20.35
2025-08-05,USB-C Hub,Electronics,West,6,109.33,655.98,372.78
2025-08-05,Mechanical Keyboard,Electronics,East,7,33.13,231.91,140.68
2025-08-05,Sticky Notes,Stationery,Central,8,12.23,97.84,57.88
2025-08-05,Ballpoint Pens (Pack),Stationery,South,3,14.25,42.75,26.33
2025-08-05,Water Bottle,Home & Kitchen,South,2,14.32,28.64,17.52
2025-08-05,Wireless Mouse,Electronics,West,4,30.03,120.12,61.79
2025-08-05,Water Bottle,Home & Kitchen,Central,1,9.94,9.94,4.99
2025-08-05,USB-C Hub,Electronics,East,4,97.17,388.68,211.39
2025-08-05,Desk Lamp,Furniture,Central,6,347.85,2087.1,1283.4
2025-08-05,Wireless Mouse,Electronics,North,8,42.8,342.4,186.77
2025-08-05,Ballpoint Pens (Pack),Stationery,Central,2,3.88,7.76,5.04
2025-08-05,Wireless Mouse,Electronics,West,7,104.8,733.6,479.3
2025-08-05,Desk Lamp,Furniture,East,8,73.07,584.56,343.49
2025-08-05,Ballpoint Pens (Pack),Stationery,West,7,12.92,90.44,55.85
2025-08-05,Notebook Set,Stationery,North,8,10.25,82.0,53.34
2025-08-05,Ballpoint Pens (Pack),Stationery,South,4,3.52,14.08,8.17
2025-08-05,Notebook Set,Stationery,South,7,10.2,71.4,42.52
2025-08-05,Standing Desk,Furniture,South,1,137.01,137.01,87.31
2025-08-05,Standing Desk,Furniture,West,1,242.69,242.69,145.91
2025-08-05,Coffee Mug,Home & Kitchen,East,4,26.21,104.84,67.95
2025-08-05,Office Chair,Furniture,North,5,87.54,437.7,245.08
2025-08-06,Sticky Notes,Stationery,East,7,2.18,15.26,8.14
2025-08-06,Wireless Mouse,Electronics,East,5,119.68,598.4,385.94
2025-08-06,Notebook Set,Stationery,East,2,4.87,9.74,4.9
2025-08-06,Ballpoint Pens (Pack),Stationery,East,3,2.51,7.53,4.78
2025-08-06,Wireless Mouse,Electronics,East,1,87.84,87.84,44.03
2025-08-06,USB-C Hub,Electronics,Central,2,80.87,161.74,95.07
2025-08-06,USB-C Hub,Electronics,East,3,114.85,344.55,210.97
2025-08-06,Ballpoint Pens (Pack),Stationery,West,3,7.51,22.53,13.03
2025-08-06,Ballpoint Pens (Pack),Stationery,South,5,8.79,43.95,25.81
2025-08-06,Wireless Mouse,Electronics,North,6,90.03,540.18,352.07
2025-08-06,Coffee Mug,Home & Kitchen,North,5,18.92,94.6,63.26
2025-08-06,USB-C Hub,Electronics,North,3,61.32,183.96,106.91
2025-08-06,Ballpoint Pens (Pack),Stationery,North,7,7.59,53.13,33.99
2025-08-06,Ballpoint Pens (Pack),Stationery,South,1,5.32,5.32,3.0
2025-08-06,Standing Desk,Furniture,West,2,98.88,197.76,122.02
2025-08-06,Notebook Set,Stationery,South,5,2.24,11.2,7.12
2025-08-06,Office Chair,Furniture,West,3,246.14,738.42,418.4
2025-08-06,Water Bottle,Home & Kitchen,Central,4,28.58,114.32,68.58
2025-08-06,Notebook Set,Stationery,South,5,6.91,34.55,17.71
2025-08-07,Notebook Set,Stationery,North,6,12.31,73.86,45.98
2025-08-07,USB-C Hub,Electronics,Central,7,49.04,343.28,192.16
2025-08-07,Wireless Mouse,Electronics,North,2,73.95,147.9,98.04
2025-08-07,Standing Desk,Furniture,South,7,111.27,778.89,492.36
2025-08-07,Notebook Set,Stationery,North,2,12.59,25.18,13.37
2025-08-07,Water Bottle,Home & Kitchen,Central,4,8.38,33.52,21.34
2025-08-07,Wireless Mouse,Electronics,South,3,100.76,302.28,209.44
2025-08-07,Desk Lamp,Furniture,West,4,341.11,1364.44,885.2
2025-08-07,Water Bottle,Home & Kitchen,East,2,11.03,22.06,13.14
2025-08-07,Desk Lamp,Furniture,Central,5,115.98,579.9,370.46
2025-08-07,Office Chair,Furniture,South,1,208.63,208.63,117.64
2025-08-07,USB-C Hub,Electronics,South,6,48.99,293.94,154.33
2025-08-07,Sticky Notes,Stationery,East,2,11.78,23.56,12.48
2025-08-07,Desk Lamp,Furniture,Central,7,128.21,897.47,487.07
2025-08-07,Desk Lamp,Furniture,West,2,242.3,484.6,307.34
2025-08-07,Office Chair,Furniture,West,3,261.99,785.97,505.69
2025-08-07,Coffee Mug,Home & Kitchen,North,3,27.11,81.33,52.48
2025-08-07,USB-C Hub,Electronics,South,2,100.43,200.86,123.42
2025-08-08,Office Chair,Furniture,North,8,121.84,974.72,614.58
2025-08-08,Mechanical Keyboard,Electronics,South,2,81.18,162.36,107.87
2025-08-08,Wireless Mouse,Electronics,South,1,105.13,105.13,61.12
2025-08-08,Water Bottle,Home & Kitchen,Central,2,14.99,29.98,20.97
2025-08-08,Sticky Notes,Stationery,West,3,14.25,42.75,26.17
2025-08-08,Desk Lamp,Furniture,Central,8,335.85,2686.8,1589.12
2025-08-08,Sticky Notes,Stationery,West,1,5.4,5.4,2.92
2025-08-08,Desk Lamp,Furniture,Central,7,139.27,974.89,601.27
2025-08-08,Water Bottle,Home & Kitchen,West,1,27.96,27.96,15.41
2025-08-08,USB-C Hub,Electronics,South,5,73.21,366.05,222.62
2025-08-08,Sticky Notes,Stationery,South,7,11.81,82.67,51.63
2025-08-08,Desk Lamp,Furniture,Central,7,212.2,1485.4,974.49
2025-08-08,Standing Desk,Furniture,Central,5,339.32,1696.6,1040.59
2025-08-08,Office Chair,Furniture,South,7,135.57,948.99,601.57
2025-08-08,Mechanical Keyboard,Electronics,West,6,117.95,707.7,488.64
2025-08-08,Standing Desk,Furniture,East,7,210.63,1474.41,891.91
2025-08-08,Coffee Mug,Home & Kitchen,East,8,10.11,80.88,54.49
2025-08-08,USB-C Hub,Electronics,South,4,101.76,407.04,204.46
2025-08-09,Desk Lamp,Furniture,Central,6,110.35,662.1,437.34
2025-08-09,Desk Lamp,Furniture,North,5,186.12,930.6,560.99
2025-08-09,Standing Desk,Furniture,Central,7,79.23,554.61,326.07
2025-08-09,Desk Lamp,Furniture,West,7,97.69,683.83,423.76
2025-08-09,Water Bottle,Home & Kitchen,North,1,28.7,28.7,15.69
2025-08-09,Wireless Mouse,Electronics,South,7,52.29,366.03,217.3
2025-08-09,Notebook Set,Stationery,West,5,2.08,10.4,6.15
2025-08-09,Desk Lamp,Furniture,East,6,91.96,551.76,298.68
2025-08-10,Standing Desk,Furniture,South,2,196.28,392.56,251.21
2025-08-10,Coffee Mug,Home & Kitchen,West,4,24.39,97.56,49.18
2025-08-10,USB-C Hub,Electronics,West,2,101.75,203.5,114.77
2025-08-10,USB-C Hub,Electronics,West,4,109.8,439.2,303.65
2025-08-10,Sticky Notes,Stationery,East,8,5.66,45.28,22.93
2025-08-10,Standing Desk,Furniture,South,1,85.43,85.43,51.44
2025-08-10,Ballpoint Pens (Pack),Stationery,South,7,3.03,21.21,10.99
2025-08-10,Coffee Mug,Home & Kitchen,West,8,26.08,208.64,133.06
2025-08-10,USB-C Hub,Electronics,West,2,82.91,165.82,108.6
2025-08-10,Mechanical Keyboard,Electronics,Central,5,70.2,351.0,204.63
2025-08-10,Office Chair,Furniture,East,4,136.31,545.24,284.01
2025-08-10,Sticky Notes,Stationery,West,4,14.55,58.2,32.42
2025-08-11,Ballpoint Pens (Pack),Stationery,North,5,7.81,39.05,26.87
2025-08-11,Ballpoint Pens (Pack),Stationery,Central,4,12.65,50.6,29.78
2025-08-11,USB-C Hub,Electronics,South,4,59.52,238.08,134.83
2025-08-11,Standing Desk,Furniture,South,4,230.84,923.36,591.22
2025-08-11,Wireless Mouse,Electronics,East,2,41.3,82.6,56.23
2025-08-11,Mechanical Keyboard,Electronics,South,7,43.35,303.45,207.59
2025-08-11,Wireless Mouse,Electronics,West,4,28.4,113.6,78.21
2025-08-11,Sticky Notes,Stationery,East,1,2.88,2.88,1.99
2025-08-11,Water Bottle,Home & Kitchen,Central,8,16.96,135.68,67.96
2025-08-11,Water Bottle,Home & Kitchen,Central,7,23.12,161.84,99.44
2025-08-11,Coffee Mug,Home & Kitchen,Central,3,16.55,49.65,31.92
2025-08-11,Ballpoint Pens (Pack),Stationery,Central,1,11.57,11.57,7.98
2025-08-12,Water Bottle,Home & Kitchen,South,1,29.74,29.74,20.5
2025-08-12,Office Chair,Furniture,Central,2,91.36,182.72,96.12
2025-08-12,Wireless Mouse,Electronics,Central,4,23.58,94.32,60.49
2025-08-12,Standing Desk,Furniture,West,8,133.15,1065.2,573.77
2025-08-12,USB-C Hub,Electronics,South,6,17.36,104.16,70.09
2025-08-12,Water Bottle,Home & Kitchen,East,1,13.77,13.77,7.67
2025-08-12,Wireless Mouse,Electronics,North,3,70.98,212.94,148.87
2025-08-12,Water Bottle,Home & Kitchen,West,2,14.25,28.5,18.1
2025-08-12,Water Bottle,Home & Kitchen,Central,1,27.05,27.05,14.49
2025-08-12,Standing Desk,Furniture,Central,3,311.29,933.87,615.25
2025-08-12,Notebook Set,Stationery,Central,7,10.93,76.51,47.85
2025-08-12,Desk Lamp,Furniture,North,3,63.45,190.35,107.27
2025-08-12,Coffee Mug,Home & Kitchen,Central,1,11.3,11.3,6.77
2025-08-12,Wireless Mouse,Electronics,South,3,82.29,246.87,159.43
2025-08-12,Office Chair,Furniture,West,1,215.86,215.86,119.92
2025-08-12,USB-C Hub,Electronics,Central,4,73.84,295.36,184.74
2025-08-12,Office Chair,Furniture,South,1,265.2,265.2,175.1
2025-08-12,Standing Desk,Furniture,East,2,242.14,484.28,278.07
2025-08-13,Water Bottle,Home & Kitchen,West,1,8.04,8.04,5.23
2025-08-13,Notebook Set,Stationery,East,2,13.55,27.1,14.53
2025-08-13,Standing Desk,Furniture,North,4,311.99,1247.96,639.39
2025-08-13,Wireless Mouse,Electronics,South,4,33.78,135.12,89.49
2025-08-13,Office Chair,Furniture,Central,3,216.67,650.01,441.23
2025-08-13,Standing Desk,Furniture,South,8,70.5,564.0,370.16
2025-08-13,Coffee Mug,Home & Kitchen,North,7,21.19,148.33,99.3
2025-08-13,Desk Lamp,Furniture,South,3,60.02,180.06,100.73
2025-08-13,Water Bottle,Home & Kitchen,South,2,21.99,43.98,29.38
2025-08-13,Water Bottle,Home & Kitchen,Central,5,18.3,91.5,56.85
2025-08-13,Sticky Notes,Stationery,North,8,3.38,27.04,17.56
2025-08-13,Mechanical Keyboard,Electronics,North,6,44.02,264.12,168.55
2025-08-13,Wireless Mouse,Electronics,North,5,26.52,132.6,84.18
2025-08-13,Sticky Notes,Stationery,Central,3,10.64,31.92,16.89
2025-08-13,Water Bottle,Home & Kitchen,North,1,18.89,18.89,11.08
2025-08-13,Desk Lamp,Furniture,South,4,97.94,391.76,205.77
2025-08-13,Water Bottle,Home & Kitchen,East,7,23.77,166.39,112.49
2025-08-13,Notebook Set,Stationery,West,2,12.63,25.26,15.74
2025-08-13,Standing Desk,Furniture,North,2,160.97,321.94,212.34
2025-08-14,Office Chair,Furniture,South,5,229.16,1145.8,618.19
2025-08-14,Notebook Set,Stationery,Central,7,14.53,101.71,67.69
2025-08-14,Coffee Mug,Home & Kitchen,South,1,23.28,23.28,14.17
2025-08-14,Desk Lamp,Furniture,East,1,101.04,101.04,58.4
2025-08-14,Sticky Notes,Stationery,East,6,12.36,74.16,39.01
2025-08-14,Desk Lamp,Furniture,Central,5,240.64,1203.2,681.57
2025-08-14,Water Bottle,Home & Kitchen,Central,3,18.42,55.26,28.02
2025-08-14,Water Bottle,Home & Kitchen,West,5,18.64,93.2,57.44
2025-08-14,USB-C Hub,Electronics,West,2,47.93,95.86,52.25
2025-08-14,Sticky Notes,Stationery,East,4,7.43,29.72,17.89
2025-08-14,Office Chair,Furniture,South,2,266.53,533.06,320.2
2025-08-14,USB-C Hub,Electronics,North,6,57.01,342.06,188.7
2025-08-14,Wireless Mouse,Electronics,East,6,60.9,365.4,242.29
2025-08-14,Standing Desk,Furniture,South,6,132.82,796.92,557.3
2025-08-14,Water Bottle,Home & Kitchen,East,3,15.04,45.12,25.0
2025-08-15,Coffee Mug,Home & Kitchen,North,3,25.74,77.22,52.34
2025-08-15,Coffee Mug,Home & Kitchen,East,5,19.3,96.5,50.96
2025-08-15,Water Bottle,Home & Kitchen,Central,6,14.51,87.06,51.16
2025-08-15,Coffee Mug,Home & Kitchen,West,4,26.12,104.48,59.37
2025-08-15,Coffee Mug,Home & Kitchen,East,8,9.48,75.84,44.51
2025-08-15,Sticky Notes,Stationery,Central,3,2.17,6.51,3.69
2025-08-15,Coffee Mug,Home & Kitchen,South,6,19.09,114.54,73.94
2025-08-15,Standing Desk,Furniture,West,3,90.53,271.59,156.22
2025-08-15,Desk Lamp,Furniture,West,4,183.54,734.16,466.92
2025-08-16,Water Bottle,Home & Kitchen,South,4,15.66,62.64,41.62
2025-08-16,Wireless Mouse,Electronics,West,6,102.89,617.34,413.53
2025-08-16,Standing Desk,Furniture,West,8,158.66,1269.28,762.69
2025-08-16,Water Bottle,Home & Kitchen,Central,7,18.06,126.42,80.91
2025-08-16,Water Bottle,Home & Kitchen,West,2,16.01,32.02,20.41
2025-08-16,Desk Lamp,Furniture,West,7,175.26,1226.82,738.24
2025-08-16,Mechanical Keyboard,Electronics,West,2,23.84,47.68,27.56
2025-08-16,Office Chair,Furniture,Central,3,229.55,688.65,387.19
2025-08-16,Office Chair,Furniture,West,3,151.51,454.53,275.16
2025-08-16,Ballpoint Pens (Pack),Stationery,Central,5,2.9,14.5,7.9
2025-08-16,Office Chair,Furniture,West,1,337.12,337.12,200.78
2025-08-16,Water Bottle,Home & Kitchen,North,6,12.51,75.06,51.5
2025-08-16,Mechanical Keyboard,Electronics,West,6,111.66,669.96,420.4
2025-08-17,Water Bottle,Home & Kitchen,West,2,25.35,50.7,30.36
2025-08-17,Wireless Mouse,Electronics,Central,6,104.86,629.16,317.81
2025-08-17,Notebook Set,Stationery,South,3,12.14,36.42,19.26
2025-08-17,Mechanical Keyboard,Electronics,Central,3,24.15,72.45,50.42
2025-08-17,Notebook Set,Stationery,West,4,13.87,55.48,28.23
2025-08-17,Ballpoint Pens (Pack),Stationery,South,8,14.05,112.4,65.5
2025-08-17,Ballpoint Pens (Pack),Stationery,West,2,7.62,15.24,10.06
2025-08-17,Ballpoint Pens (Pack),Stationery,North,7,4.05,28.35,18.22
2025-08-18,USB-C Hub,Electronics,South,5,105.41,527.05,340.16
2025-08-18,USB-C Hub,Electronics,East,5,77.44,387.2,263.95
2025-08-18,Notebook Set,Stationery,North,5,2.34,11.7,8.0
2025-08-18,Water Bottle,Home & Kitchen,West,2,24.74,49.48,29.6
2025-08-18,Wireless Mouse,Electronics,South,4,93.62,374.48,187.95
2025-08-18,Office Chair,Furniture,South,1,155.18,155.18,98.6
2025-08-18,Wireless Mouse,Electronics,West,7,87.42,611.94,350.53
2025-08-18,Coffee Mug,Home & Kitchen,North,2,26.29,52.58,32.48
2025-08-18,Desk Lamp,Furniture,Central,7,260.88,1826.16,933.16
2025-08-18,Standing Desk,Furniture,East,2,81.57,163.14,103.6
2025-08-18,Office Chair,Furniture,North,7,142.39,996.73,581.96
2025-08-19,Water Bottle,Home & Kitchen,North,5,28.19,140.95,79.34
2025-08-19,Water Bottle,Home & Kitchen,West,5,23.65,118.25,67.64
2025-08-19,Standing Desk,Furniture,North,3,231.07,693.21,376.48
2025-08-19,Coffee Mug,Home & Kitchen,Central,3,14.19,42.57,28.64
2025-08-19,Standing Desk,Furniture,East,6,217.01,1302.06,657.09
2025-08-19,Ballpoint Pens (Pack),Stationery,South,1,9.81,9.81,5.05
2025-08-19,Standing Desk,Furniture,East,8,109.43,875.44,508.08
2025-08-19,Office Chair,Furniture,West,4,92.05,368.2,198.49
2025-08-19,Ballpoint Pens (Pack),Stationery,Central,7,7.99,55.93,38.32
2025-08-19,Sticky Notes,Stationery,East,7,9.42,65.94,38.87
2025-08-19,Water Bottle,Home & Kitchen,North,2,13.95,27.9,14.62
2025-08-19,Notebook Set,Stationery,South,3,4.39,13.17,7.27
2025-08-20,Office Chair,Furniture,South,6,85.65,513.9,358.16
2025-08-20,Ballpoint Pens (Pack),Stationery,East,3,8.95,26.85,16.13
2025-08-20,Sticky Notes,Stationery,Central,8,10.63,85.04,44.94
2025-08-20,Standing Desk,Furniture,East,7,259.4,1815.8,951.19
2025-08-20,Wireless Mouse,Electronics,West,7,82.12,574.84,397.81
2025-08-20,Coffee Mug,Home & Kitchen,West,1,13.01,13.01,8.87
2025-08-20,Coffee Mug,Home & Kitchen,South,5,9.56,47.8,30.6
2025-08-20,Mechanical Keyboard,Electronics,East,7,36.7,256.9,129.34
2025-08-21,Water Bottle,Home & Kitchen,North,4,8.47,33.88,22.97
2025-08-21,Ballpoint Pens (Pack),Stationery,South,7,14.98,104.86,54.24
2025-08-21,Coffee Mug,Home & Kitchen,North,4,29.33,117.32,59.69
2025-08-21,USB-C Hub,Electronics,Central,6,91.69,550.14,378.95
2025-08-21,Desk Lamp,Furniture,North,2,212.37,424.74,225.96
2025-08-21,Mechanical Keyboard,Electronics,East,4,81.48,325.92,175.61
2025-08-21,Water Bottle,Home & Kitchen,East,7,28.51,199.57,115.72
2025-08-21,USB-C Hub,Electronics,Central,4,20.72,82.88,45.42
2025-08-21,Sticky Notes,Stationery,West,8,14.62,116.96,74.0
2025-08-21,Wireless Mouse,Electronics,Central,3,54.06,162.18,105.63
2025-08-21,Desk Lamp,Furniture,East,3,166.49,499.47,312.54
2025-08-21,USB-C Hub,Electronics,North,1,76.05,76.05,42.31
2025-08-22,Ballpoint Pens (Pack),Stationery,Central,5,5.02,25.1,15.17
2025-08-22,Notebook Set,Stationery,North,1,12.28,12.28,8.6
2025-08-22,Office Chair,Furniture,Central,6,190.92,1145.52,574.81
2025-08-22,Wireless Mouse,Electronics,East,3,65.3,195.9,127.34
2025-08-22,Desk Lamp,Furniture,East,5,257.75,1288.75,810.71
2025-08-22,Wireless Mouse,Electronics,East,4,112.63,450.52,282.07
2025-08-22,Notebook Set,Stationery,West,1,14.14,14.14,8.95
2025-08-22,Sticky Notes,Stationery,North,6,6.03,36.18,19.04
2025-08-22,USB-C Hub,Electronics,East,3,114.16,342.48,201.94
2025-08-22,Desk Lamp,Furniture,Central,3,206.94,620.82,315.34
2025-08-22,Sticky Notes,Stationery,West,7,9.82,68.74,39.59
2025-08-22,Sticky Notes,Stationery,East,2,2.81,5.62,3.37
2025-08-22,Sticky Notes,Stationery,West,5,11.32,56.6,32.84
2025-08-22,Office Chair,Furniture,South,7,304.72,2133.04,1080.12
2025-08-22,Desk Lamp,Furniture,West,7,127.49,892.43,516.02
2025-08-22,Office Chair,Furniture,West,1,102.11,102.11,65.7
2025-08-22,Standing Desk,Furniture,East,7,315.16,2206.12,1326.84
2025-08-22,Standing Desk,Furniture,East,2,160.94,321.88,174.04
2025-08-22,USB-C Hub,Electronics,West,7,113.88,797.16,492.42
2025-08-22,Wireless Mouse,Electronics,Central,3,111.17,333.51,167.51
2025-08-22,USB-C Hub,Electronics,South,4,87.47,349.88,192.12
2025-08-22,Ballpoint Pens (Pack),Stationery,South,3,11.82,35.46,24.54
2025-08-22,Mechanical Keyboard,Electronics,North,7,29.07,203.49,132.05
2025-08-23,Ballpoint Pens (Pack),Stationery,North,6,13.79,82.74,49.08
2025-08-23,Mechanical Keyboard,Electronics,West,4,27.21,108.84,67.35
2025-08-23,Notebook Set,Stationery,South,8,12.15,97.2,63.12
2025-08-23,Mechanical Keyboard,Electronics,Central,3,73.65,220.95,141.94
2025-08-23,Standing Desk,Furniture,North,3,266.91,800.73,544.99
2025-08-23,Desk Lamp,Furniture,Central,8,245.6,1964.8,1316.91
2025-08-23,Sticky Notes,Stationery,East,5,9.94,49.7,27.35
2025-08-23,Coffee Mug,Home & Kitchen,South,8,17.93,143.44,78.25
2025-08-23,Sticky Notes,Stationery,West,7,14.6,102.2,55.44
2025-08-23,Coffee Mug,Home & Kitchen,South,5,12.4,62.0,42.01
2025-08-23,Ballpoint Pens (Pack),Stationery,South,4,10.56,42.24,25.52
2025-08-24,Coffee Mug,Home & Kitchen,East,5,29.23,146.15,73.77
2025-08-24,Standing Desk,Furniture,South,8,236.95,1895.6,983.09
2025-08-24,Ballpoint Pens (Pack),Stationery,Central,7,5.59,39.13,25.45
2025-08-24,Coffee Mug,Home & Kitchen,West,2,11.26,22.52,15.25
2025-08-24,Ballpoint Pens (Pack),Stationery,North,1,4.05,4.05,2.83
2025-08-24,Desk Lamp,Furniture,South,2,287.85,575.7,305.53
2025-08-24,Standing Desk,Furniture,South,8,104.46,835.68,583.51
2025-08-24,Wireless Mouse,Electronics,West,7,111.97,783.79,537.67
2025-08-24,Notebook Set,Stationery,West,1,2.62,2.62,1.74
2025-08-25,Coffee Mug,Home & Kitchen,East,6,19.17,115.02,69.67
2025-08-25,USB-C Hub,Electronics,East,8,73.34,586.72,349.17
2025-08-25,Mechanical Keyboard,Electronics,Central,6,104.64,627.84,321.78
2025-08-25,Ballpoint Pens (Pack),Stationery,Central,2,6.28,12.56,8.19
2025-08-25,Desk Lamp,Furniture,Central,2,321.89,643.78,381.95
2025-08-25,Standing Desk,Furniture,North,8,165.58,1324.64,923.74
2025-08-25,USB-C Hub,Electronics,North,1,115.05,115.05,75.58
2025-08-25,Coffee Mug,Home & Kitchen,East,1,15.46,15.46,9.56
2025-08-25,Wireless Mouse,Electronics,South,8,111.75,894.0,603.61
2025-08-25,Standing Desk,Furniture,West,4,75.68,302.72,169.12
2025-08-25,Office Chair,Furniture,West,4,248.17,992.68,640.02
2025-08-25,Standing Desk,Furniture,West,1,341.75,341.75,196.18
2025-08-25,Notebook Set,Stationery,South,3,13.63,40.89,20.87
2025-08-25,Mechanical Keyboard,Electronics,South,5,29.85,149.25,87.67
2025-08-25,Wireless Mouse,Electronics,South,7,119.96,839.72,453.81
2025-08-25,Coffee Mug,Home & Kitchen,West,6,15.68,94.08,56.53
2025-08-25,Water Bottle,Home & Kitchen,West,4,19.55,78.2,47.28
2025-08-25,Sticky Notes,Stationery,South,5,3.62,18.1,10.98
2025-08-26,Office Chair,Furniture,South,2,103.09,206.18,109.6
2025-08-26,Office Chair,Furniture,Central,3,304.34,913.02,493.66
2025-08-26,Sticky Notes,Stationery,West,1,12.48,12.48,8.55
2025-08-26,Standing Desk,Furniture,West,6,113.04,678.24,396.23
2025-08-26,Coffee Mug,Home & Kitchen,North,8,14.59,116.72,72.69
2025-08-26,Mechanical Keyboard,Electronics,East,2,16.32,32.64,19.32
2025-08-26,Coffee Mug,Home & Kitchen,West,8,28.13,225.04,112.54
2025-08-26,Desk Lamp,Furniture,East,6,141.77,850.62,504.59
2025-08-26,Ballpoint Pens (Pack),Stationery,South,3,10.95,32.85,17.75
2025-08-26,USB-C Hub,Electronics,East,5,43.77,218.85,149.58
2025-08-26,Notebook Set,Stationery,Central,6,13.54,81.24,47.38
2025-08-26,USB-C Hub,Electronics,North,1,75.88,75.88,45.69
2025-08-26,Office Chair,Furniture,East,1,200.5,200.5,114.47
2025-08-26,Sticky Notes,Stationery,Central,8,5.38,43.04,30.04
2025-08-26,Ballpoint Pens (Pack),Stationery,East,7,3.69,25.83,17.59
2025-08-26,Notebook Set,Stationery,Central,3,6.3,18.9,11.83
2025-08-27,Water Bottle,Home & Kitchen,South,2,25.09,50.18,31.2
2025-08-27,Wireless Mouse,Electronics,East,1,98.72,98.72,60.92
2025-08-27,Coffee Mug,Home & Kitchen,North,7,21.94,153.58,107.39
2025-08-27,Ballpoint Pens (Pack),Stationery,North,7,2.51,17.57,10.89
2025-08-27,Ballpoint Pens (Pack),Stationery,North,6,13.52,81.12,56.71
2025-08-27,Standing Desk,Furniture,North,5,188.01,940.05,597.97
2025-08-27,Mechanical Keyboard,Electronics,East,5,48.85,244.25,158.54
2025-08-27,Water Bottle,Home & Kitchen,Central,3,26.37,79.11,54.85
2025-08-27,Wireless Mouse,Electronics,Central,8,41.48,331.84,202.52
2025-08-27,USB-C Hub,Electronics,Central,8,91.68,733.44,446.21
2025-08-27,Ballpoint Pens (Pack),Stationery,South,4,11.02,44.08,26.21
2025-08-28,Sticky Notes,Stationery,West,2,5.28,10.56,5.7
2025-08-28,Wireless Mouse,Electronics,North,4,112.84,451.36,227.62
2025-08-28,Water Bottle,Home & Kitchen,West,8,25.17,201.36,124.53
2025-08-28,Standing Desk,Furniture,North,1,205.91,205.91,127.53
2025-08-28,Office Chair,Furniture,Central,1,150.49,150.49,79.87
2025-08-28,Sticky Notes,Stationery,North,4,13.57,54.28,31.82
2025-08-28,Water Bottle,Home & Kitchen,Central,2,29.06,58.12,36.57
2025-08-28,Desk Lamp,Furniture,West,4,343.93,1375.72,692.63
2025-08-28,Office Chair,Furniture,South,6,74.1,444.6,279.09
2025-08-28,USB-C Hub,Electronics,South,1,65.42,65.42,41.31
2025-08-28,Mechanical Keyboard,Electronics,South,3,24.17,72.51,46.15
2025-08-29,Notebook Set,Stationery,East,3,3.01,9.03,5.67
2025-08-29,Desk Lamp,Furniture,South,1,264.12,264.12,136.28
2025-08-29,Coffee Mug,Home & Kitchen,West,2,21.81,43.62,22.54
2025-08-29,Mechanical Keyboard,Electronics,East,1,84.73,84.73,56.83
2025-08-29,Wireless Mouse,Electronics,North,2,117.51,235.02,133.09
2025-08-29,Sticky Notes,Stationery,South,7,9.36,65.52,35.99
2025-08-29,Wireless Mouse,Electronics,West,2,44.85,89.7,46.78
2025-08-29,Mechanical Keyboard,Electronics,North,5,53.84,269.2,161.61
2025-08-29,Mechanical Keyboard,Electronics,West,6,93.94,563.64,371.3
2025-08-30,Standing Desk,Furniture,Central,4,232.88,931.52,628.94
2025-08-30,Notebook Set,Stationery,South,5,14.75,73.75,42.1
2025-08-30,Office Chair,Furniture,South,5,63.92,319.6,214.17
2025-08-30,Ballpoint Pens (Pack),Stationery,Central,4,13.94,55.76,37.26
2025-08-30,Wireless Mouse,Electronics,East,6,68.13,408.78,243.24
2025-08-30,Ballpoint Pens (Pack),Stationery,North,8,7.54,60.32,41.13
2025-08-30,Ballpoint Pens (Pack),Stationery,North,1,3.34,3.34,1.79
2025-08-30,Wireless Mouse,Electronics,South,1,64.64,64.64,37.37
2025-08-30,USB-C Hub,Electronics,Central,2,48.8,97.6,62.88
2025-08-30,Water Bottle,Home & Kitchen,Central,7,8.01,56.07,37.25
2025-08-30,Desk Lamp,Furniture,South,5,154.91,774.55,536.74
2025-08-30,Mechanical Keyboard,Electronics,East,5,112.28,561.4,364.38
2025-08-30,USB-C Hub,Electronics,West,7,33.33,233.31,143.96
2025-08-30,Sticky Notes,Stationery,North,4,4.45,17.8,12.01
2025-08-31,Water Bottle,Home & Kitchen,East,2,24.3,48.6,32.57
2025-08-31,USB-C Hub,Electronics,West,8,64.45,515.6,321.47
2025-08-31,Water Bottle,Home & Kitchen,West,2,12.51,25.02,13.09
2025-08-31,Water Bottle,Home & Kitchen,West,8,21.32,170.56,101.01
2025-08-31,Sticky Notes,Stationery,Central,3,9.47,28.41,16.77
2025-08-31,Ballpoint Pens (Pack),Stationery,South,6,12.29,73.74,36.95
2025-08-31,Notebook Set,Stationery,South,6,5.53,33.18,21.01
2025-08-31,Wireless Mouse,Electronics,East,1,58.71,58.71,38.92
2025-08-31,Desk Lamp,Furniture,South,8,245.08,1960.64,984.66
2025-08-31,Mechanical Keyboard,Electronics,Central,1,33.2,33.2,21.76
2025-08-31,Mechanical Keyboard,Electronics,West,8,119.87,958.96,625.48
2025-08-31,Wireless Mouse,Electronics,Central,1,49.51,49.51,25.9
2025-08-31,Coffee Mug,Home & Kitchen,South,6,14.21,85.26,42.96
2025-08-31,Sticky Notes,Stationery,East,6,5.23,31.38,21.43
2025-08-31,Standing Desk,Furniture,East,8,159.91,1279.28,849.68
2025-08-31,Mechanical Keyboard,Electronics,East,1,16.12,16.12,8.54
2025-08-31,Sticky Notes,Stationery,South,1,11.33,11.33,5.91
2025-09-01,Desk Lamp,Furniture,South,7,110.32,772.24,506.24
2025-09-01,Water Bottle,Home & Kitchen,West,6,10.29,61.74,40.21
2025-09-01,Notebook Set,Stationery,Central,8,2.35,18.8,11.15
2025-09-01,Notebook Set,Stationery,East,8,9.58,76.64,40.59
2025-09-01,Water Bottle,Home & Kitchen,South,2,28.33,56.66,35.5
2025-09-01,Mechanical Keyboard,Electronics,West,4,23.22,92.88,57.93
2025-09-01,Coffee Mug,Home & Kitchen,South,7,15.93,111.51,77.55
2025-09-01,Mechanical Keyboard,Electronics,Central,4,99.36,397.44,250.39
2025-09-01,Ballpoint Pens (Pack),Stationery,North,3,2.72,8.16,4.96
2025-09-01,Coffee Mug,Home & Kitchen,South,2,26.39,52.78,35.81
2025-09-01,Standing Desk,Furniture,North,4,251.82,1007.28,540.52
2025-09-01,Sticky Notes,Stationery,Central,6,9.72,58.32,29.82
2025-09-01,Ballpoint Pens (Pack),Stationery,West,2,6.91,13.82,7.78
2025-09-01,Coffee Mug,Home & Kitchen,North,4,24.74,98.96,53.48
2025-09-01,Wireless Mouse,Electronics,North,8,115.97,927.76,628.65
2025-09-02,Office Chair,Furniture,West,1,98.34,98.34,52.69
2025-09-02,Coffee Mug,Home & Kitchen,West,3,9.98,29.94,18.63
2025-09-02,Water Bottle,Home & Kitchen,South,5,16.39,81.95,42.56
2025-09-02,Mechanical Keyboard,Electronics,North,7,28.82,201.74,113.54
2025-09-02,Ballpoint Pens (Pack),Stationery,North,3,4.34,13.02,8.31
2025-09-02,Notebook Set,Stationery,Central,5,13.5,67.5,39.39
2025-09-02,Sticky Notes,Stationery,East,1,12.8,12.8,8.05
2025-09-02,Office Chair,Furniture,West,5,190.86,954.3,571.76
2025-09-02,Mechanical Keyboard,Electronics,South,2,88.79,177.58,104.15
2025-09-02,Standing Desk,Furniture,North,6,300.44,1802.64,950.42
2025-09-02,Water Bottle,Home & Kitchen,South,2,29.61,59.22,35.83
2025-09-02,Office Chair,Furniture,Central,1,291.8,291.8,174.25
2025-09-02,USB-C Hub,Electronics,South,1,67.01,67.01,36.39
2025-09-02,Desk Lamp,Furniture,North,4,179.68,718.72,477.11
2025-09-02,Standing Desk,Furniture,Central,3,119.62,358.86,214.62
2025-09-02,USB-C Hub,Electronics,East,6,62.41,374.46,251.57
2025-09-02,Standing Desk,Furniture,Central,7,197.93,1385.51,704.53
2025-09-03,Mechanical Keyboard,Electronics,South,2,65.21,130.42,80.6
2025-09-03,Standing Desk,Furniture,East,5,334.21,1671.05,1149.72
2025-09-03,USB-C Hub,Electronics,East,8,19.21,153.68,106.09
2025-09-03,Desk Lamp,Furniture,East,8,107.91,863.28,597.74
2025-09-03,Notebook Set,Stationery,Central,1,9.29,9.29,5.1
2025-09-03,Water Bottle,Home & Kitchen,Central,8,15.04,120.32,63.22
2025-09-03,Coffee Mug,Home & Kitchen,Central,4,15.49,61.96,38.09
2025-09-03,Desk Lamp,Furniture,Central,5,229.29,1146.45,690.79
2025-09-03,Standing Desk,Furniture,West,5,317.06,1585.3,958.12
2025-09-03,Office Chair,Furniture,East,7,263.63,1845.41,1144.88
2025-09-03,Sticky Notes,Stationery,East,8,11.89,95.12,57.04
2025-09-03,Wireless Mouse,Electronics,West,3,22.4,67.2,34.47
2025-09-03,Office Chair,Furniture,East,1,173.03,173.03,120.78
2025-09-03,Coffee Mug,Home & Kitchen,North,2,9.35,18.7,13.03
2025-09-03,Mechanical Keyboard,Electronics,West,6,53.03,318.18,193.98
2025-09-03,Standing Desk,Furniture,North,3,333.18,999.54,646.19
2025-09-03,Office Chair,Furniture,South,8,99.2,793.6,423.53
2025-09-04,Mechanical Keyboard,Electronics,South,4,67.73,270.92,187.38
2025-09-04,Standing Desk,Furniture,North,1,133.09,133.09,80.83
2025-09-04,Water Bottle,Home & Kitchen,East,4,8.91,35.64,23.0
2025-09-04,Office Chair,Furniture,East,7,100.19,701.33,390.74
2025-09-04,Ballpoint Pens (Pack),Stationery,South,3,14.12,42.36,28.5
2025-09-04,Water Bottle,Home & Kitchen,South,4,8.97,35.88,24.3
2025-09-04,Water Bottle,Home & Kitchen,South,3,10.21,30.63,19.3
2025-09-04,Desk Lamp,Furniture,Central,4,138.91,555.64,302.15
2025-09-04,Coffee Mug,Home & Kitchen,Central,2,24.36,48.72,31.28
2025-09-04,USB-C Hub,Electronics,East,3,44.4,133.2,72.63
2025-09-04,Coffee Mug,Home & Kitchen,West,6,11.28,67.68,44.14
2025-09-04,Office Chair,Furniture,Central,8,239.17,1913.36,1258.56
2025-09-04,USB-C Hub,Electronics,Central,4,57.79,231.16,159.01
2025-09-04,Desk Lamp,Furniture,East,5,272.62,1363.1,927.95
2025-09-04,Ballpoint Pens (Pack),Stationery,South,8,4.13,33.04,22.96
2025-09-04,Standing Desk,Furniture,Central,4,255.29,1021.16,640.86
2025-09-04,Office Chair,Furniture,West,6,341.05,2046.3,1066.99
2025-09-04,Notebook Set,Stationery,East,4,7.46,29.84,17.2
2025-09-04,Coffee Mug,Home & Kitchen,West,8,18.51,148.08,98.36
2025-09-04,Ballpoint Pens (Pack),Stationery,North,6,9.02,54.12,35.6
2025-09-04,Office Chair,Furniture,South,6,284.01,1704.06,857.86
2025-09-05,Office Chair,Furniture,East,5,284.67,1423.35,785.8
2025-09-05,Mechanical Keyboard,Electronics,South,8,35.22,281.76,177.8
2025-09-05,USB-C Hub,Electronics,North,2,117.5,235.0,125.72
2025-09-05,USB-C Hub,Electronics,West,1,115.98,115.98,80.93
2025-09-05,Water Bottle,Home & Kitchen,West,7,21.69,151.83,88.46
2025-09-05,Standing Desk,Furniture,Central,7,327.49,2292.43,1353.91
2025-09-05,Notebook Set,Stationery,Central,2,11.9,23.8,16.48
2025-09-05,Mechanical Keyboard,Electronics,North,3,79.92,239.76,161.14
2025-09-05,Desk Lamp,Furniture,North,4,188.55,754.2,435.71
2025-09-05,Standing Desk,Furniture,Central,7,259.3,1815.1,937.23
2025-09-05,Office Chair,Furniture,North,7,286.31,2004.17,1279.11
2025-09-05,Notebook Set,Stationery,Central,2,6.9,13.8,8.78
2025-09-06,Mechanical Keyboard,Electronics,North,6,24.78,148.68,94.23
2025-09-06,Standing Desk,Furniture,West,6,102.7,616.2,422.36
2025-09-06,Coffee Mug,Home & Kitchen,West,3,8.08,24.24,14.33
2025-09-06,Office Chair,Furniture,South,3,275.43,826.29,555.37
2025-09-06,Standing Desk,Furniture,South,2,345.8,691.6,467.66
2025-09-06,Wireless Mouse,Electronics,East,4,74.03,296.12,193.22
2025-09-06,Coffee Mug,Home & Kitchen,North,5,27.3,136.5,90.6
2025-09-06,Office Chair,Furniture,West,2,281.58,563.16,383.69
2025-09-06,USB-C Hub,Electronics,Central,4,89.8,359.2,225.58
2025-09-06,Wireless Mouse,Electronics,North,6,94.49,566.94,368.02
2025-09-06,Ballpoint Pens (Pack),Stationery,Central,5,5.66,28.3,15.02
2025-09-07,Wireless Mouse,Electronics,Central,8,85.69,685.52,467.35
2025-09-07,Water Bottle,Home & Kitchen,South,2,15.35,30.7,15.82
2025-09-07,Water Bottle,Home & Kitchen,East,3,25.78,77.34,41.21
2025-09-07,Mechanical Keyboard,Electronics,East,8,96.43,771.44,531.33
2025-09-07,USB-C Hub,Electronics,South,4,101.04,404.16,205.28
2025-09-07,Water Bottle,Home & Kitchen,East,5,9.83,49.15,33.76
2025-09-07,Water Bottle,Home & Kitchen,East,4,16.76,67.04,39.37
2025-09-07,Sticky Notes,Stationery,West,7,8.3,58.1,30.82
2025-09-07,Water Bottle,Home & Kitchen,East,8,12.59,100.72,52.76
2025-09-07,Wireless Mouse,Electronics,North,4,97.71,390.84,239.9
2025-09-08,Ballpoint Pens (Pack),Stationery,Central,3,14.12,42.36,29.53
2025-09-08,Desk Lamp,Furniture,Central,7,139.33,975.31,532.07
2025-09-08,Standing Desk,Furniture,South,3,82.08,246.24,170.05
2025-09-08,USB-C Hub,Electronics,South,1,53.14,53.14,31.37
2025-09-08,Wireless Mouse,Electronics,West,2,81.39,162.78,89.14
2025-09-08,USB-C Hub,Electronics,North,1,71.85,71.85,49.32
2025-09-08,Office Chair,Furniture,Central,1,89.08,89.08,52.24
2025-09-08,Sticky Notes,Stationery,North,3,13.24,39.72,22.18
2025-09-08,Sticky Notes,Stationery,East,2,12.75,25.5,17.61
2025-09-08,Notebook Set,Stationery,North,3,12.37,37.11,23.32
2025-09-08,Sticky Notes,Stationery,East,8,7.56,60.48,35.48
2025-09-08,Coffee Mug,Home & Kitchen,North,3,18.01,54.03,30.23
2025-09-08,Coffee Mug,Home & Kitchen,East,3,16.34,49.02,27.4
2025-09-08,Ballpoint Pens (Pack),Stationery,Central,3,8.37,25.11,13.8
2025-09-08,USB-C Hub,Electronics,Central,2,39.63,79.26,40.36
2025-09-08,Standing Desk,Furniture,West,6,313.93,1883.58,1181.47
2025-09-08,Desk Lamp,Furniture,West,3,203.54,610.62,310.64
2025-09-08,Wireless Mouse,Electronics,South,1,35.19,35.19,21.01
2025-09-09,Coffee Mug,Home & Kitchen,North,1,15.93,15.93,8.59
2025-09-09,Office Chair,Furniture,Central,5,225.31,1126.55,772.55
2025-09-09,Notebook Set,Stationery,South,8,6.99,55.92,33.94
2025-09-09,Standing Desk,Furniture,East,1,190.49,190.49,132.11
2025-09-09,USB-C Hub,Electronics,Central,1,84.85,84.85,49.2
2025-09-09,Mechanical Keyboard,Electronics,South,7,48.52,339.64,202.59
2025-09-09,Standing Desk,Furniture,South,2,94.6,189.2,111.19
2025-09-09,Sticky Notes,Stationery,West,1,8.89,8.89,5.06
2025-09-09,Notebook Set,Stationery,Central,4,7.18,28.72,17.32
2025-09-09,Water Bottle,Home & Kitchen,North,3,22.2,66.6,35.88
2025-09-09,Water Bottle,Home & Kitchen,South,7,18.86,132.02,76.91
2025-09-09,USB-C Hub,Electronics,North,8,18.37,146.96,97.8
2025-09-09,Wireless Mouse,Electronics,South,2,60.61,121.22,77.94
2025-09-09,Wireless Mouse,Electronics,East,7,82.62,578.34,316.52
2025-09-09,Mechanical Keyboard,Electronics,Central,5,75.24,376.2,233.82
2025-09-09,Water Bottle,Home & Kitchen,West,2,17.65,35.3,22.58
2025-09-09,USB-C Hub,Electronics,West,3,29.64,88.92,49.88
2025-09-09,Mechanical Keyboard,Electronics,Central,5,90.5,452.5,283.59
2025-09-09,Coffee Mug,Home & Kitchen,North,7,8.29,58.03,36.5
2025-09-09,Notebook Set,Stationery,North,7,14.08,98.56,54.18
2025-09-09,Office Chair,Furniture,East,6,110.05,660.3,355.09
2025-09-09,Notebook Set,Stationery,East,5,8.64,43.2,26.66
2025-09-09,Standing Desk,Furniture,West,2,313.95,627.9,328.19
2025-09-09,Coffee Mug,Home & Kitchen,North,6,21.86,131.16,83.71
2025-09-09,Coffee Mug,Home & Kitchen,East,2,23.2,46.4,27.13
2025-09-10,Water Bottle,Home & Kitchen,Central,2,8.67,17.34,11.08
2025-09-10,Sticky Notes,Stationery,South,3,13.6,40.8,22.95
2025-09-10,Wireless Mouse,Electronics,West,8,51.69,413.52,273.4
2025-09-10,Water Bottle,Home & Kitchen,North,3,21.65,64.95,44.4
2025-09-10,Notebook Set,Stationery,East,8,9.24,73.92,38.17
2025-09-10,Desk Lamp,Furniture,West,2,186.56,373.12,229.99
2025-09-10,Mechanical Keyboard,Electronics,South,6,21.98,131.88,82.55
2025-09-10,USB-C Hub,Electronics,West,2,97.61,195.22,129.35
2025-09-10,Water Bottle,Home & Kitchen,East,8,27.49,219.92,119.22
2025-09-10,Sticky Notes,Stationery,North,5,10.34,51.7,29.74
2025-09-10,Desk Lamp,Furniture,Central,1,276.09,276.09,162.9
2025-09-10,USB-C Hub,Electronics,Central,2,61.89,123.78,66.36
2025-09-10,Wireless Mouse,Electronics,East,5,22.09,110.45,71.16
2025-09-10,USB-C Hub,Electronics,West,4,24.54,98.16,57.4
2025-09-10,Ballpoint Pens (Pack),Stationery,Central,2,6.39,12.78,6.72
2025-09-11,Coffee Mug,Home & Kitchen,South,6,10.68,64.08,32.88
2025-09-11,USB-C Hub,Electronics,South,2,23.33,46.66,28.76
2025-09-11,Ballpoint Pens (Pack),Stationery,North,5,10.93,54.65,34.56
2025-09-11,Water Bottle,Home & Kitchen,South,2,16.33,32.66,16.56
2025-09-11,Office Chair,Furniture,Central,6,149.89,899.34,542.19
2025-09-11,Desk Lamp,Furniture,North,3,252.73,758.19,484.67
2025-09-11,Sticky Notes,Stationery,East,4,9.43,37.72,26.12
2025-09-11,Sticky Notes,Stationery,West,7,4.82,33.74,20.82
2025-09-11,Wireless Mouse,Electronics,North,8,21.39,171.12,107.0
2025-09-11,Office Chair,Furniture,South,3,76.21,228.63,137.62
2025-09-11,Wireless Mouse,Electronics,North,7,71.77,502.39,268.45
2025-09-11,Sticky Notes,Stationery,North,8,10.34,82.72,49.48
2025-09-11,Mechanical Keyboard,Electronics,Central,1,60.24,60.24,34.15
2025-09-11,Desk Lamp,Furniture,East,4,319.96,1279.84,751.38
2025-09-11,Ballpoint Pens (Pack),Stationery,North,7,7.95,55.65,35.34
2025-09-11,Coffee Mug,Home & Kitchen,East,5,21.86,109.3,64.0
2025-09-11,Mechanical Keyboard,Electronics,Central,7,77.0,539.0,288.06
2025-09-11,Mechanical Keyboard,Electronics,Central,6,75.54,453.24,306.29
2025-09-11,Water Bottle,Home & Kitchen,East,3,27.11,81.33,50.83
2025-09-11,Notebook Set,Stationery,North,7,3.51,24.57,12.46
2025-09-11,Wireless Mouse,Electronics,North,1,103.91,103.91,56.75
2025-09-12,Sticky Notes,Stationery,West,7,12.43,87.01,54.09
2025-09-12,Desk Lamp,Furniture,West,3,115.37,346.11,202.01
2025-09-12,Desk Lamp,Furniture,North,8,203.99,1631.92,1124.82
2025-09-12,Water Bottle,Home & Kitchen,South,8,20.97,167.76,107.84
2025-09-12,Notebook Set,Stationery,South,6,4.03,24.18,13.83
2025-09-12,Water Bottle,Home & Kitchen,North,1,21.74,21.74,13.43
2025-09-12,USB-C Hub,Electronics,East,7,24.87,174.09,98.41
2025-09-12,Sticky Notes,Stationery,North,8,2.74,21.92,11.69
2025-09-13,Water Bottle,Home & Kitchen,East,6,21.37,128.22,79.74
2025-09-13,Notebook Set,Stationery,South,5,5.58,27.9,19.13
2025-09-13,Coffee Mug,Home & Kitchen,West,7,22.94,160.58,80.58
2025-09-13,Ballpoint Pens (Pack),Stationery,South,7,10.87,76.09,45.33
2025-09-13,Wireless Mouse,Electronics,Central,2,49.78,99.56,68.51
2025-09-13,Ballpoint Pens (Pack),Stationery,West,4,4.41,17.64,11.26
2025-09-13,Standing Desk,Furniture,West,5,302.08,1510.4,1024.77
2025-09-14,Mechanical Keyboard,Electronics,North,1,113.03,113.03,70.28
2025-09-14,Ballpoint Pens (Pack),Stationery,East,3,2.92,8.76,6.07
2025-09-14,USB-C Hub,Electronics,East,6,28.8,172.8,107.45
2025-09-14,Ballpoint Pens (Pack),Stationery,Central,5,2.85,14.25,9.64
2025-09-14,Sticky Notes,Stationery,West,7,14.03,98.21,57.84
2025-09-14,USB-C Hub,Electronics,East,5,49.75,248.75,164.79
2025-09-14,USB-C Hub,Electronics,East,1,100.39,100.39,61.92
2025-09-14,Mechanical Keyboard,Electronics,South,3,107.53,322.59,168.08
2025-09-14,Desk Lamp,Furniture,North,2,303.13,606.26,317.21
2025-09-14,Water Bottle,Home & Kitchen,South,1,17.72,17.72,10.57
2025-09-14,Standing Desk,Furniture,Central,2,328.8,657.6,377.47
2025-09-14,Mechanical Keyboard,Electronics,North,1,77.01,77.01,38.98
2025-09-15,USB-C Hub,Electronics,East,2,22.69,45.38,25.4
2025-09-15,Ballpoint Pens (Pack),Stationery,Central,8,14.42,115.36,78.79
2025-09-15,Ballpoint Pens (Pack),Stationery,Central,4,8.0,32.0,20.9
2025-09-15,Ballpoint Pens (Pack),Stationery,Central,3,10.83,32.49,20.17
2025-09-15,Wireless Mouse,Electronics,North,7,92.77,649.39,347.77
2025-09-15,Ballpoint Pens (Pack),Stationery,South,5,7.03,35.15,20.14
2025-09-15,Ballpoint Pens (Pack),Stationery,South,2,6.76,13.52,7.25
2025-09-15,Sticky Notes,Stationery,West,8,14.39,115.12,80.58
2025-09-15,Mechanical Keyboard,Electronics,South,3,110.44,331.32,170.81
2025-09-15,Notebook Set,Stationery,Central,3,10.6,31.8,20.42
2025-09-15,Standing Desk,Furniture,West,1,341.58,341.58,200.99
2025-09-15,Standing Desk,Furniture,North,8,295.84,2366.72,1205.07
2025-09-15,Mechanical Keyboard,Electronics,Central,8,80.53,644.24,441.77
2025-09-15,Wireless Mouse,Electronics,Central,5,73.48,367.4,216.89
2025-09-15,Mechanical Keyboard,Electronics,North,6,92.16,552.96,346.62
2025-09-15,Office Chair,Furniture,West,2,299.79,599.58,395.76
2025-09-15,Notebook Set,Stationery,South,3,4.23,12.69,6.59
2025-09-15,Coffee Mug,Home & Kitchen,West,2,18.45,36.9,25.76
2025-09-15,Notebook Set,Stationery,North,7,7.72,54.04,31.68
2025-09-15,Coffee Mug,Home & Kitchen,West,2,24.67,49.34,25.3
2025-09-15,Sticky Notes,Stationery,South,7,8.41,58.87,31.97
2025-09-15,USB-C Hub,Electronics,North,3,62.46,187.38,106.97
2025-09-15,Coffee Mug,Home & Kitchen,West,1,12.82,12.82,8.45
2025-09-15,Ballpoint Pens (Pack),Stationery,South,5,9.2,46.0,26.97
2025-09-15,Sticky Notes,Stationery,West,2,5.64,11.28,6.86
2025-09-16,Water Bottle,Home & Kitchen,North,3,19.27,57.81,34.41
2025-09-16,Office Chair,Furniture,West,1,137.2,137.2,82.38
2025-09-16,Ballpoint Pens (Pack),Stationery,North,6,9.9,59.4,38.72
2025-09-16,Ballpoint Pens (Pack),Stationery,Central,2,6.65,13.3,7.22
2025-09-16,Coffee Mug,Home & Kitchen,Central,2,12.71,25.42,15.26
2025-09-16,Standing Desk,Furniture,South,2,83.4,166.8,96.44
2025-09-16,Wireless Mouse,Electronics,Central,2,91.0,182.0,104.74
2025-09-16,Desk Lamp,Furniture,South,4,184.08,736.32,506.27
2025-09-16,USB-C Hub,Electronics,West,5,119.52,597.6,351.7
2025-09-16,Wireless Mouse,Electronics,North,5,112.06,560.3,355.8
2025-09-16,Water Bottle,Home & Kitchen,East,4,23.4,93.6,63.64
2025-09-16,Notebook Set,Stationery,South,8,8.87,70.96,39.85
2025-09-16,Notebook Set,Stationery,North,6,3.53,21.18,10.69
2025-09-16,Notebook Set,Stationery,West,1,13.19,13.19,7.4
2025-09-16,Mechanical Keyboard,Electronics,South,6,106.44,638.64,352.59
2025-09-16,Sticky Notes,Stationery,North,7,7.58,53.06,32.83
2025-09-16,Desk Lamp,Furniture,North,4,302.96,1211.84,647.52
2025-09-16,Office Chair,Furniture,West,6,349.17,2095.02,1112.05
2025-09-17,USB-C Hub,Electronics,West,1,117.18,117.18,75.03
2025-09-17,USB-C Hub,Electronics,East,1,54.43,54.43,30.87
2025-09-17,Standing Desk,Furniture,East,8,75.77,606.16,360.19
2025-09-17,Mechanical Keyboard,Electronics,North,6,54.58,327.48,183.75
2025-09-17,Desk Lamp,Furniture,Central,7,152.28,1065.96,667.95
2025-09-17,Ballpoint Pens (Pack),Stationery,East,2,14.61,29.22,20.39
2025-09-17,Wireless Mouse,Electronics,West,6,66.65,399.9,219.76
2025-09-17,Coffee Mug,Home & Kitchen,South,2,14.83,29.66,19.86
2025-09-17,Wireless Mouse,Electronics,East,4,57.06,228.24,117.53
2025-09-17,Notebook Set,Stationery,North,1,3.97,3.97,2.76
2025-09-17,Notebook Set,Stationery,West,3,4.98,14.94,9.61
2025-09-18,Mechanical Keyboard,Electronics,West,2,104.16,208.32,133.53
2025-09-18,Notebook Set,Stationery,East,7,3.98,27.86,18.52
2025-09-18,Mechanical Keyboard,Electronics,North,4,100.91,403.64,224.04
2025-09-18,Mechanical Keyboard,Electronics,South,3,89.98,269.94,149.39
2025-09-18,Ballpoint Pens (Pack),Stationery,North,7,4.96,34.72,19.12
2025-09-18,Sticky Notes,Stationery,North,7,11.88,83.16,46.86
2025-09-18,Desk Lamp,Furniture,West,2,195.4,390.8,241.95
2025-09-18,USB-C Hub,Electronics,North,3,50.22,150.66,85.43
2025-09-18,Water Bottle,Home & Kitchen,South,5,23.33,116.65,80.63
2025-09-18,Wireless Mouse,Electronics,West,6,56.16,336.96,226.86
2025-09-18,Coffee Mug,Home & Kitchen,North,3,9.54,28.62,14.75
2025-09-18,Mechanical Keyboard,Electronics,South,1,24.44,24.44,16.43
2025-09-18,Desk Lamp,Furniture,East,5,194.47,972.35,658.82
2025-09-18,Water Bottle,Home & Kitchen,East,2,27.21,54.42,33.05
2025-09-18,Notebook Set,Stationery,East,7,12.48,87.36,44.12
2025-09-19,Water Bottle,Home & Kitchen,East,6,10.4,62.4,40.43
2025-09-19,Sticky Notes,Stationery,East,5,14.91,74.55,44.53
2025-09-19,Sticky Notes,Stationery,North,2,5.94,11.88,6.9
2025-09-19,Office Chair,Furniture,West,7,110.82,775.74,472.37
2025-09-19,Coffee Mug,Home & Kitchen,Central,8,17.06,136.48,92.11
2025-09-19,Ballpoint Pens (Pack),Stationery,North,1,11.1,11.1,7.68
2025-09-19,USB-C Hub,Electronics,Central,1,89.61,89.61,45.58
2025-09-19,Coffee Mug,Home & Kitchen,West,3,24.02,72.06,48.77
2025-09-19,Water Bottle,Home & Kitchen,West,2,8.19,16.38,10.71
2025-09-19,Office Chair,Furniture,West,5,306.72,1533.6,812.85
2025-09-19,Wireless Mouse,Electronics,Central,7,112.5,787.5,502.99
2025-09-19,Ballpoint Pens (Pack),Stationery,West,6,6.71,40.26,23.24
2025-09-19,Office Chair,Furniture,Central,5,149.52,747.6,466.01
2025-09-19,Standing Desk,Furniture,East,8,168.48,1347.84,852.8
2025-09-19,Wireless Mouse,Electronics,Central,6,27.61,165.66,93.2
2025-09-20,Coffee Mug,Home & Kitchen,North,6,16.57,99.42,66.92
2025-09-20,Notebook Set,Stationery,South,6,3.26,19.56,9.88
2025-09-20,Ballpoint Pens (Pack),Stationery,North,4,4.11,16.44,11.26
2025-09-20,Notebook Set,Stationery,Central,7,13.14,91.98,53.81
2025-09-20,Standing Desk,Furniture,North,1,345.24,345.24,173.15
2025-09-20,Water Bottle,Home & Kitchen,South,7,19.6,137.2,78.24
2025-09-20,Desk Lamp,Furniture,West,1,134.89,134.89,69.95
2025-09-20,Mechanical Keyboard,Electronics,North,1,39.49,39.49,24.69
2025-09-20,Desk Lamp,Furniture,Central,4,339.53,1358.12,840.02
2025-09-20,Standing Desk,Furniture,South,8,168.71,1349.68,825.6
2025-09-20,Desk Lamp,Furniture,South,3,269.27,807.81,514.55
2025-09-20,Office Chair,Furniture,East,2,294.15,588.3,387.2
2025-09-20,Water Bottle,Home & Kitchen,West,6,12.65,75.9,41.4
2025-09-20,Wireless Mouse,Electronics,East,5,21.4,107.0,59.41
2025-09-20,USB-C Hub,Electronics,West,3,62.89,188.67,103.64
2025-09-20,Coffee Mug,Home & Kitchen,South,1,23.0,23.0,12.78
2025-09-20,Mechanical Keyboard,Electronics,North,8,64.74,517.92,309.79
2025-09-20,Mechanical Keyboard,Electronics,West,5,114.32,571.6,373.37
2025-09-20,Coffee Mug,Home & Kitchen,South,7,20.71,144.97,86.85
2025-09-20,Ballpoint Pens (Pack),Stationery,South,6,2.31,13.86,9.28
2025-09-20,Sticky Notes,Stationery,West,7,3.31,23.17,14.7
2025-09-21,Ballpoint Pens (Pack),Stationery,East,7,5.24,36.68,21.93
2025-09-21,Coffee Mug,Home & Kitchen,West,5,19.18,95.9,54.93
2025-09-21,Notebook Set,Stationery,North,4,10.05,40.2,22.23
2025-09-21,Office Chair,Furniture,Central,2,303.88,607.76,390.73
2025-09-21,Mechanical Keyboard,Electronics,East,5,60.48,302.4,203.91
2025-09-21,Ballpoint Pens (Pack),Stationery,North,3,5.93,17.79,9.27
2025-09-21,Water Bottle,Home & Kitchen,Central,7,19.18,134.26,72.21
2025-09-21,USB-C Hub,Electronics,Central,5,48.93,244.65,158.5
2025-09-21,Water Bottle,Home & Kitchen,West,7,27.74,194.18,130.81
2025-09-21,Wireless Mouse,Electronics,Central,4,92.15,368.6,194.98
2025-09-21,Desk Lamp,Furniture,North,5,317.12,1585.6,882.55
2025-09-21,Wireless Mouse,Electronics,North,1,48.36,48.36,33.42
2025-09-21,USB-C Hub,Electronics,South,3,89.83,269.49,143.13
2025-09-21,USB-C Hub,Electronics,East,5,96.73,483.65,334.39
2025-09-21,Sticky Notes,Stationery,Central,4,5.64,22.56,12.73
2025-09-21,Office Chair,Furniture,South,6,197.15,1182.9,628.75
2025-09-21,Notebook Set,Stationery,West,2,5.14,10.28,5.73
2025-09-21,Standing Desk,Furniture,West,3,153.63,460.89,312.79
2025-09-21,Desk Lamp,Furniture,Central,6,230.97,1385.82,839.64
2025-09-21,Wireless Mouse,Electronics,South,5,64.53,322.65,198.57
2025-09-21,Sticky Notes,Stationery,East,4,12.6,50.4,33.91
2025-09-22,Mechanical Keyboard,Electronics,South,1,99.53,99.53,51.4
2025-09-22,USB-C Hub,Electronics,North,7,25.63,179.41,121.7
2025-09-22,Notebook Set,Stationery,South,6,9.47,56.82,36.12
2025-09-22,Water Bottle,Home & Kitchen,North,3,25.93,77.79,42.29
2025-09-22,Mechanical Keyboard,Electronics,South,7,49.21,344.47,240.61
2025-09-22,Ballpoint Pens (Pack),Stationery,East,8,5.32,42.56,23.61
2025-09-22,Office Chair,Furniture,Central,1,330.4,330.4,228.29
2025-09-22,Mechanical Keyboard,Electronics,East,4,80.32,321.28,216.92
2025-09-22,Office Chair,Furniture,Central,4,284.38,1137.52,723.44
2025-09-22,Notebook Set,Stationery,East,3,9.25,27.75,16.47
2025-09-22,Office Chair,Furniture,South,6,85.4,512.4,326.09
2025-09-22,Ballpoint Pens (Pack),Stationery,West,3,4.42,13.26,6.74
2025-09-22,Coffee Mug,Home & Kitchen,West,7,15.48,108.36,54.91
2025-09-22,Wireless Mouse,Electronics,North,3,96.14,288.42,165.28
2025-09-23,Sticky Notes,Stationery,Central,3,10.83,32.49,20.1
2025-09-23,Office Chair,Furniture,North,8,156.96,1255.68,861.37
2025-09-23,Office Chair,Furniture,East,1,127.53,127.53,81.46
2025-09-23,Ballpoint Pens (Pack),Stationery,West,1,13.56,13.56,7.98
2025-09-23,Notebook Set,Stationery,West,3,7.31,21.93,14.08
2025-09-23,Coffee Mug,Home & Kitchen,Central,5,9.94,49.7,26.77
2025-09-23,Desk Lamp,Furniture,West,3,117.12,351.36,218.67
2025-09-23,Ballpoint Pens (Pack),Stationery,North,4,6.89,27.56,17.51
2025-09-23,Notebook Set,Stationery,East,5,8.16,40.8,28.01
2025-09-23,Standing Desk,Furniture,East,5,215.51,1077.55,539.91
2025-09-23,Coffee Mug,Home & Kitchen,Central,1,21.17,21.17,11.79
2025-09-23,Sticky Notes,Stationery,North,8,6.61,52.88,29.99
2025-09-23,Office Chair,Furniture,Central,2,281.59,563.18,384.72
2025-09-23,Wireless Mouse,Electronics,North,4,20.33,81.32,56.4
2025-09-23,Ballpoint Pens (Pack),Stationery,West,1,8.74,8.74,4.72
2025-09-24,Office Chair,Furniture,South,2,158.23,316.46,198.07
2025-09-24,Office Chair,Furniture,North,4,240.96,963.84,623.54
2025-09-24,Notebook Set,Stationery,West,5,2.29,11.45,7.14
2025-09-24,Sticky Notes,Stationery,South,4,10.92,43.68,30.51
2025-09-24,Desk Lamp,Furniture,North,7,71.52,500.64,296.85
2025-09-24,Mechanical Keyboard,Electronics,Central,1,85.82,85.82,44.15
2025-09-24,Office Chair,Furniture,North,2,139.9,279.8,151.12
2025-09-24,Wireless Mouse,Electronics,West,5,56.06,280.3,170.34
2025-09-24,Notebook Set,Stationery,East,7,14.61,102.27,65.25
2025-09-24,Mechanical Keyboard,Electronics,South,8,62.97,503.76,284.67
2025-09-24,Desk Lamp,Furniture,Central,3,233.85,701.55,355.6
2025-09-24,Coffee Mug,Home & Kitchen,North,5,25.68,128.4,74.89
2025-09-24,USB-C Hub,Electronics,South,4,109.79,439.16,254.83
2025-09-24,USB-C Hub,Electronics,Central,1,18.65,18.65,11.72
2025-09-24,Wireless Mouse,Electronics,Central,5,27.51,137.55,70.22
2025-09-24,Standing Desk,Furniture,East,6,233.82,1402.92,873.75
2025-09-24,USB-C Hub,Electronics,North,6,110.41,662.46,357.25
2025-09-24,Water Bottle,Home & Kitchen,South,3,29.31,87.93,44.92
2025-09-25,Sticky Notes,Stationery,South,8,12.23,97.84,60.79
2025-09-25,Notebook Set,Stationery,North,3,12.47,37.41,22.71
2025-09-25,Water Bottle,Home & Kitchen,North,3,17.28,51.84,26.22
2025-09-25,Office Chair,Furniture,North,3,255.45,766.35,395.41
2025-09-25,Mechanical Keyboard,Electronics,East,1,105.18,105.18,73.49
2025-09-25,Wireless Mouse,Electronics,East,1,31.86,31.86,19.41
2025-09-25,Mechanical Keyboard,Electronics,South,4,40.77,163.08,103.12
2025-09-25,Office Chair,Furniture,North,8,209.9,1679.2,877.14
2025-09-25,Standing Desk,Furniture,South,8,248.92,1991.36,1185.96
2025-09-25,USB-C Hub,Electronics,North,5,107.62,538.1,284.03
2025-09-25,Standing Desk,Furniture,South,2,169.4,338.8,228.73
2025-09-25,Wireless Mouse,Electronics,West,5,48.77,243.85,149.86
2025-09-25,Mechanical Keyboard,Electronics,South,5,41.62,208.1,137.94
2025-09-25,Desk Lamp,Furniture,South,8,104.14,833.12,517.88
2025-09-25,Sticky Notes,Stationery,South,3,11.56,34.68,19.98
2025-09-25,Ballpoint Pens (Pack),Stationery,West,1,6.82,6.82,4.75
2025-09-25,Desk Lamp,Furniture,North,8,115.72,925.76,620.97
2025-09-25,Water Bottle,Home & Kitchen,South,2,29.92,59.84,33.08
2025-09-26,Coffee Mug,Home & Kitchen,Central,4,10.71,42.84,21.53
2025-09-26,Mechanical Keyboard,Electronics,West,2,106.81,213.62,139.03
2025-09-26,Mechanical Keyboard,Electronics,North,3,108.15,324.45,200.53
2025-09-26,Water Bottle,Home & Kitchen,North,7,23.96,167.72,109.94
2025-09-26,Notebook Set,Stationery,West,5,9.72,48.6,24.55
2025-09-26,Standing Desk,Furniture,Central,4,291.7,1166.8,745.7
2025-09-26,Standing Desk,Furniture,Central,4,188.09,752.36,442.36
2025-09-26,Ballpoint Pens (Pack),Stationery,North,8,7.33,58.64,37.42
2025-09-26,Standing Desk,Furniture,South,3,135.92,407.76,212.59
2025-09-26,Sticky Notes,Stationery,North,6,7.47,44.82,24.17
2025-09-26,Water Bottle,Home & Kitchen,South,7,17.47,122.29,61.62
2025-09-27,Standing Desk,Furniture,Central,3,92.31,276.93,163.42
2025-09-27,Office Chair,Furniture,Central,2,251.02,502.04,274.96
2025-09-27,Office Chair,Furniture,South,5,88.57,442.85,305.44
2025-09-27,Coffee Mug,Home & Kitchen,Central,7,9.33,65.31,34.0
2025-09-27,Notebook Set,Stationery,Central,8,3.33,26.64,17.45
2025-09-27,Desk Lamp,Furniture,Central,5,130.12,650.6,399.68
2025-09-27,Water Bottle,Home & Kitchen,Central,6,21.61,129.66,89.59
2025-09-27,Sticky Notes,Stationery,West,8,9.73,77.84,54.24
2025-09-27,Standing Desk,Furniture,South,3,242.18,726.54,468.22
2025-09-27,Desk Lamp,Furniture,East,8,248.95,1991.6,1337.51
2025-09-27,Wireless Mouse,Electronics,East,4,58.58,234.32,119.61
2025-09-27,Coffee Mug,Home & Kitchen,West,5,13.41,67.05,40.83
2025-09-27,Wireless Mouse,Electronics,North,8,66.35,530.8,326.08
2025-09-27,Water Bottle,Home & Kitchen,East,2,29.28,58.56,30.54
2025-09-27,Ballpoint Pens (Pack),Stationery,North,8,4.32,34.56,20.11
2025-09-28,USB-C Hub,Electronics,West,3,42.14,126.42,77.54
2025-09-28,Notebook Set,Stationery,West,5,7.61,38.05,20.21
2025-09-28,Desk Lamp,Furniture,South,7,255.54,1788.78,1053.27
2025-09-28,Desk Lamp,Furniture,West,7,209.03,1463.21,976.43
2025-09-28,Wireless Mouse,Electronics,East,7,103.17,722.19,469.37
2025-09-28,Standing Desk,Furniture,North,8,140.66,1125.28,682.1
2025-09-28,USB-C Hub,Electronics,West,1,64.92,64.92,37.03
2025-09-28,Water Bottle,Home & Kitchen,South,5,27.84,139.2,73.21
2025-09-29,USB-C Hub,Electronics,Central,1,25.18,25.18,15.23
2025-09-29,Mechanical Keyboard,Electronics,North,7,69.83,488.81,311.39
2025-09-29,Desk Lamp,Furniture,East,4,156.63,626.52,323.01
2025-09-29,Sticky Notes,Stationery,East,1,5.42,5.42,3.11
2025-09-29,Sticky Notes,Stationery,West,1,14.5,14.5,7.83
2025-09-29,Mechanical Keyboard,Electronics,Central,8,38.01,304.08,207.78
2025-09-29,Wireless Mouse,Electronics,Central,7,116.21,813.47,516.56
2025-09-29,Coffee Mug,Home & Kitchen,South,4,19.47,77.88,42.12
2025-09-29,Water Bottle,Home & Kitchen,South,6,20.09,120.54,75.04
2025-09-29,Coffee Mug,Home & Kitchen,Central,6,19.38,116.28,58.42
2025-09-29,Coffee Mug,Home & Kitchen,East,2,14.62,29.24,19.57
2025-09-29,USB-C Hub,Electronics,West,4,20.49,81.96,45.54
2025-09-29,Sticky Notes,Stationery,West,1,13.87,13.87,7.69
2025-09-29,Water Bottle,Home & Kitchen,Central,2,13.94,27.88,16.29
2025-09-30,Office Chair,Furniture,West,8,225.96,1807.68,995.73
2025-09-30,Ballpoint Pens (Pack),Stationery,North,2,14.87,29.74,14.93
2025-09-30,Standing Desk,Furniture,Central,2,88.45,176.9,89.21
2025-09-30,Desk Lamp,Furniture,West,8,65.93,527.44,342.15
2025-09-30,Office Chair,Furniture,West,3,112.8,338.4,188.31
2025-09-30,Coffee Mug,Home & Kitchen,North,4,26.14,104.56,62.88
2025-09-30,Notebook Set,Stationery,Central,2,2.39,4.78,2.98
2025-09-30,Standing Desk,Furniture,North,6,203.82,1222.92,711.99
2025-09-30,Desk Lamp,Furniture,Central,5,290.65,1453.25,874.44
2025-09-30,Water Bottle,Home & Kitchen,North,1,14.8,14.8,8.48
2025-09-30,Standing Desk,Furniture,West,5,320.23,1601.15,868.51
2025-09-30,Water Bottle,Home & Kitchen,Central,2,27.84,55.68,37.27
2025-09-30,Standing Desk,Furniture,East,7,311.98,2183.86,1296.94
2025-09-30,Water Bottle,Home & Kitchen,South,7,15.09,105.63,58.08
2025-09-30,Office Chair,Furniture,Central,7,270.95,1896.65,1278.8
2025-09-30,Wireless Mouse,Electronics,South,8,25.33,202.64,135.99
2025-09-30,USB-C Hub,Electronics,South,7,35.96,251.72,172.93
2025-09-30,Ballpoint Pens (Pack),Stationery,North,7,14.79,103.53,58.79
2025-09-30,Mechanical Keyboard,Electronics,West,2,18.06,36.12,18.15
2025-09-30,Desk Lamp,Furniture,West,4,111.6,446.4,301.28
2025-10-01,Water Bottle,Home & Kitchen,East,8,13.76,110.08,55.55
2025-10-01,Desk Lamp,Furniture,West,8,147.83,1182.64,629.8
2025-10-01,Coffee Mug,Home & Kitchen,North,2,15.5,31.0,15.75
2025-10-01,Desk Lamp,Furniture,South,1,334.35,334.35,217.26
2025-10-01,Desk Lamp,Furniture,South,4,147.94,591.76,314.78
2025-10-01,Standing Desk,Furniture,West,1,211.36,211.36,147.18
2025-10-01,Wireless Mouse,Electronics,North,4,57.36,229.44,125.6
2025-10-01,Wireless Mouse,Electronics,North,6,108.96,653.76,369.12
2025-10-01,Mechanical Keyboard,Electronics,Central,4,31.8,127.2,69.19
2025-10-01,Wireless Mouse,Electronics,South,2,92.57,185.14,116.75
2025-10-01,Sticky Notes,Stationery,South,6,13.91,83.46,56.58
2025-10-01,Notebook Set,Stationery,South,1,7.94,7.94,4.95
2025-10-01,Standing Desk,Furniture,Central,4,133.15,532.6,309.13
2025-10-01,Coffee Mug,Home & Kitchen,North,2,15.66,31.32,18.49
2025-10-01,Desk Lamp,Furniture,North,4,348.84,1395.36,933.36
2025-10-01,Sticky Notes,Stationery,North,6,6.04,36.24,25.3
2025-10-01,Notebook Set,Stationery,Central,1,4.73,4.73,3.18
2025-10-01,Water Bottle,Home & Kitchen,North,8,15.45,123.6,77.19
2025-10-01,Standing Desk,Furniture,East,1,221.34,221.34,146.2
2025-10-01,USB-C Hub,Electronics,North,4,17.84,71.36,45.0
2025-10-01,Sticky Notes,Stationery,South,7,7.46,52.22,34.27
2025-10-01,Ballpoint Pens (Pack),Stationery,South,5,6.76,33.8,22.24
2025-10-01,Standing Desk,Furniture,South,8,206.1,1648.8,904.85
2025-10-02,Mechanical Keyboard,Electronics,East,5,64.7,323.5,201.0
2025-10-02,Desk Lamp,Furniture,East,8,128.98,1031.84,522.37
2025-10-02,Desk Lamp,Furniture,East,2,226.69,453.38,284.72
2025-10-02,Standing Desk,Furniture,East,4,200.64,802.56,431.1
2025-10-02,USB-C Hub,Electronics,South,2,96.1,192.2,96.42
2025-10-02,Office Chair,Furniture,South,3,342.38,1027.14,525.73
2025-10-02,USB-C Hub,Electronics,West,1,21.08,21.08,11.02
2025-10-02,Sticky Notes,Stationery,East,2,7.02,14.04,8.87
2025-10-02,Ballpoint Pens (Pack),Stationery,West,8,5.15,41.2,26.08
2025-10-02,Ballpoint Pens (Pack),Stationery,West,4,3.89,15.56,8.82
2025-10-02,Water Bottle,Home & Kitchen,West,3,8.42,25.26,16.28
2025-10-02,Office Chair,Furniture,West,2,275.0,550.0,298.32
2025-10-02,Wireless Mouse,Electronics,Central,7,78.28,547.96,336.82
2025-10-02,Sticky Notes,Stationery,North,8,3.7,29.6,16.69
2025-10-03,Office Chair,Furniture,West,1,132.89,132.89,85.98
2025-10-03,Office Chair,Furniture,West,3,143.06,429.18,266.43
2025-10-03,Ballpoint Pens (Pack),Stationery,West,1,5.03,5.03,3.19
2025-10-03,Water Bottle,Home & Kitchen,West,5,15.2,76.0,39.15
2025-10-03,Sticky Notes,Stationery,Central,8,2.94,23.52,11.94
2025-10-03,Mechanical Keyboard,Electronics,Central,6,115.8,694.8,383.45
2025-10-03,Sticky Notes,Stationery,West,1,3.12,3.12,1.62
2025-10-03,Standing Desk,Furniture,West,5,323.62,1618.1,1007.26
2025-10-03,Office Chair,Furniture,South,6,318.23,1909.38,964.12
2025-10-03,Desk Lamp,Furniture,West,7,328.39,2298.73,1361.8
2025-10-03,Notebook Set,Stationery,West,4,6.75,27.0,15.33
2025-10-03,Water Bottle,Home & Kitchen,North,7,16.58,116.06,71.52
2025-10-03,Water Bottle,Home & Kitchen,Central,8,14.43,115.44,59.04
2025-10-03,Office Chair,Furniture,East,3,282.55,847.65,572.43
2025-10-03,Standing Desk,Furniture,East,5,61.86,309.3,177.57
2025-10-03,Standing Desk,Furniture,East,7,232.72,1629.04,1099.94
2025-10-03,Sticky Notes,Stationery,West,8,7.25,58.0,29.27
2025-10-04,Ballpoint Pens (Pack),Stationery,South,5,13.83,69.15,34.9
2025-10-04,Mechanical Keyboard,Electronics,West,1,57.87,57.87,32.45
2025-10-04,USB-C Hub,Electronics,South,4,23.06,92.24,46.97
2025-10-04,Wireless Mouse,Electronics,West,7,52.62,368.34,217.7
2025-10-04,Sticky Notes,Stationery,North,4,11.01,44.04,29.57
2025-10-04,Notebook Set,Stationery,South,4,7.0,28.0,16.5
2025-10-04,Notebook Set,Stationery,North,3,5.39,16.17,10.1
2025-10-04,Ballpoint Pens (Pack),Stationery,West,8,12.22,97.76,60.99
2025-10-04,Wireless Mouse,Electronics,West,3,51.64,154.92,106.33
2025-10-04,Mechanical Keyboard,Electronics,East,6,60.03,360.18,242.04
2025-10-04,Ballpoint Pens (Pack),Stationery,Central,2,5.36,10.72,7.02
2025-10-05,Standing Desk,Furniture,West,8,236.49,1891.92,1166.59
2025-10-05,Wireless Mouse,Electronics,South,8,73.84,590.72,340.88
2025-10-05,Water Bottle,Home & Kitchen,North,5,8.75,43.75,27.91
2025-10-05,Coffee Mug,Home & Kitchen,West,6,26.54,159.24,81.75
2025-10-05,Coffee Mug,Home & Kitchen,North,7,19.98,139.86,74.82
2025-10-05,Office Chair,Furniture,West,5,194.62,973.1,589.98
2025-10-05,Standing Desk,Furniture,Central,8,207.1,1656.8,865.23
2025-10-05,Wireless Mouse,Electronics,East,3,24.56,73.68,47.5
2025-10-05,Ballpoint Pens (Pack),Stationery,Central,7,8.91,62.37,35.94
2025-10-05,Desk Lamp,Furniture,South,4,192.18,768.72,451.85
2025-10-05,Water Bottle,Home & Kitchen,East,8,18.33,146.64,86.75
2025-10-06,Water Bottle,Home & Kitchen,East,4,27.88,111.52,57.78
2025-10-06,Ballpoint Pens (Pack),Stationery,East,8,9.18,73.44,47.79
2025-10-06,Wireless Mouse,Electronics,Central,4,49.76,199.04,124.13
2025-10-06,Ballpoint Pens (Pack),Stationery,East,6,8.48,50.88,25.55
2025-10-06,Ballpoint Pens (Pack),Stationery,East,8,14.92,119.36,72.07
2025-10-06,Sticky Notes,Stationery,West,1,14.92,14.92,8.05
2025-10-06,Notebook Set,Stationery,North,1,2.7,2.7,1.54
2025-10-06,Water Bottle,Home & Kitchen,South,8,15.19,121.52,82.47
2025-10-06,Sticky Notes,Stationery,Central,7,10.58,74.06,45.93
2025-10-06,Notebook Set,Stationery,South,5,5.4,27.0,15.6
2025-10-06,Wireless Mouse,Electronics,East,8,75.83,606.64,369.12
2025-10-06,Coffee Mug,Home & Kitchen,East,8,12.32,98.56,61.23
2025-10-06,Office Chair,Furniture,East,7,137.53,962.71,655.35
2025-10-06,Sticky Notes,Stationery,West,4,14.0,56.0,32.26
2025-10-06,Sticky Notes,Stationery,East,7,9.39,65.73,38.84
2025-10-06,Office Chair,Furniture,West,6,210.99,1265.94,714.59
2025-10-06,Coffee Mug,Home & Kitchen,West,7,27.72,194.04,135.29
2025-10-06,Water Bottle,Home & Kitchen,East,8,29.99,239.92,164.17
2025-10-06,Sticky Notes,Stationery,North,2,10.45,20.9,13.79
2025-10-06,USB-C Hub,Electronics,West,5,27.99,139.95,80.21
2025-10-06,Office Chair,Furniture,East,6,283.82,1702.92,927.53
2025-10-07,USB-C Hub,Electronics,West,3,91.26,273.78,166.4
2025-10-07,Ballpoint Pens (Pack),Stationery,West,1,2.47,2.47,1.73
2025-10-07,Coffee Mug,Home & Kitchen,North,8,29.38,235.04,121.95
2025-10-07,Sticky Notes,Stationery,North,6,12.23,73.38,45.63
2025-10-07,USB-C Hub,Electronics,South,3,92.21,276.63,176.82
2025-10-07,Water Bottle,Home & Kitchen,East,1,12.71,12.71,6.53
2025-10-07,USB-C Hub,Electronics,North,3,106.48,319.44,164.02
2025-10-07,Standing Desk,Furniture,North,4,224.92,899.68,627.33
2025-10-07,Wireless Mouse,Electronics,Central,6,71.6,429.6,236.25
2025-10-07,USB-C Hub,Electronics,West,7,29.6,207.2,134.37
2025-10-07,Notebook Set,Stationery,South,1,3.71,3.71,2.01
2025-10-07,Sticky Notes,Stationery,Central,2,14.98,29.96,19.92
2025-10-07,Water Bottle,Home & Kitchen,West,1,27.06,27.06,13.65
2025-10-07,Water Bottle,Home & Kitchen,South,2,27.0,54.0,31.21
2025-10-07,USB-C Hub,Electronics,South,4,36.19,144.76,90.67
2025-10-08,Water Bottle,Home & Kitchen,Central,8,27.33,218.64,116.22
2025-10-08,Sticky Notes,Stationery,East,8,12.29,98.32,58.15
2025-10-08,Mechanical Keyboard,Electronics,South,3,28.96,86.88,55.67
2025-10-08,Wireless Mouse,Electronics,Central,1,107.81,107.81,60.19
2025-10-08,Office Chair,Furniture,Central,1,155.42,155.42,105.47
2025-10-08,Sticky Notes,Stationery,South,4,7.51,30.04,18.7
2025-10-08,Mechanical Keyboard,Electronics,South,2,68.06,136.12,78.61
2025-10-08,Desk Lamp,Furniture,Central,1,307.01,307.01,182.1
2025-10-08,Coffee Mug,Home & Kitchen,Central,2,20.3,40.6,20.62
2025-10-08,Water Bottle,Home & Kitchen,North,7,28.03,196.21,131.13
2025-10-08,Ballpoint Pens (Pack),Stationery,South,7,13.04,91.28,55.49
2025-10-08,Ballpoint Pens (Pack),Stationery,West,3,13.98,41.94,25.57
2025-10-08,Notebook Set,Stationery,Central,8,4.71,37.68,23.71
2025-10-08,USB-C Hub,Electronics,North,1,91.36,91.36,52.94
2025-10-08,Coffee Mug,Home & Kitchen,Central,3,18.96,56.88,39.2
2025-10-08,Coffee Mug,Home & Kitchen,East,4,28.28,113.12,64.01
2025-10-08,Notebook Set,Stationery,Central,1,6.66,6.66,3.86
2025-10-08,Desk Lamp,Furniture,West,6,240.17,1441.02,923.19
2025-10-08,Wireless Mouse,Electronics,East,4,83.26,333.04,167.12
2025-10-08,Wireless Mouse,Electronics,East,7,113.62,795.34,398.01
2025-10-08,Wireless Mouse,Electronics,North,6,15.34,92.04,49.14
2025-10-09,Standing Desk,Furniture,West,3,181.12,543.36,363.82
2025-10-09,Desk Lamp,Furniture,Central,4,349.54,1398.16,772.57
2025-10-09,Desk Lamp,Furniture,West,3,203.81,611.43,427.14
2025-10-09,USB-C Hub,Electronics,East,2,80.55,161.1,96.39
2025-10-09,Standing Desk,Furniture,West,6,214.49,1286.94,740.93
2025-10-09,Mechanical Keyboard,Electronics,West,1,98.3,98.3,60.73
2025-10-09,Standing Desk,Furniture,Central,8,337.61,2700.88,1843.89
2025-10-09,USB-C Hub,Electronics,West,4,87.63,350.52,239.01
2025-10-09,Wireless Mouse,Electronics,Central,3,105.34,316.02,203.22
2025-10-09,Water Bottle,Home & Kitchen,South,6,29.0,174.0,113.24
2025-10-09,Sticky Notes,Stationery,Central,1,9.46,9.46,5.76
2025-10-09,Sticky Notes,Stationery,South,6,10.54,63.24,43.7
2025-10-09,Water Bottle,Home & Kitchen,Central,6,9.48,56.88,29.78
2025-10-09,USB-C Hub,Electronics,North,8,112.21,897.68,542.25
2025-10-09,Water Bottle,Home & Kitchen,North,7,21.45,150.15,89.38
2025-10-09,USB-C Hub,Electronics,South,4,107.1,428.4,283.6
2025-10-09,Standing Desk,Furniture,East,5,86.44,432.2,243.5
2025-10-10,Coffee Mug,Home & Kitchen,East,8,17.7,141.6,71.1
2025-10-10,Coffee Mug,Home & Kitchen,East,5,16.5,82.5,43.26
2025-10-10,Desk Lamp,Furniture,North,4,300.24,1200.96,726.98
2025-10-10,Notebook Set,Stationery,West,1,13.89,13.89,7.25
2025-10-10,Wireless Mouse,Electronics,West,3,60.34,181.02,103.24
2025-10-10,Notebook Set,Stationery,East,1,2.43,2.43,1.38
2025-10-10,Standing Desk,Furniture,East,6,292.67,1756.02,1047.39
2025-10-10,USB-C Hub,Electronics,Central,5,98.29,491.45,328.75
2025-10-10,Notebook Set,Stationery,East,8,11.71,93.68,52.75
2025-10-10,Coffee Mug,Home & Kitchen,East,8,24.57,196.56,136.59
2025-10-10,Office Chair,Furniture,West,6,283.85,1703.1,1039.59
2025-10-10,Office Chair,Furniture,Central,2,92.42,184.84,108.65
2025-10-10,Desk Lamp,Furniture,West,3,242.2,726.6,429.59
2025-10-10,Sticky Notes,Stationery,North,8,9.42,75.36,47.21
2025-10-10,Office Chair,Furniture,North,6,181.3,1087.8,751.73
2025-10-10,Mechanical Keyboard,Electronics,South,7,100.74,705.18,435.82
2025-10-10,Standing Desk,Furniture,West,3,99.2,297.6,172.0
2025-10-10,Coffee Mug,Home & Kitchen,Central,8,21.03,168.24,92.52
2025-10-10,Office Chair,Furniture,South,7,311.76,2182.32,1279.54
2025-10-10,Wireless Mouse,Electronics,North,5,113.89,569.45,350.53
2025-10-10,Water Bottle,Home & Kitchen,West,8,21.84,174.72,98.83
2025-10-10,Desk Lamp,Furniture,Central,7,71.21,498.47,294.47
2025-10-10,Standing Desk,Furniture,North,5,319.96,1599.8,809.13
2025-10-10,Office Chair,Furniture,East,3,124.1,372.3,216.36
2025-10-10,Ballpoint Pens (Pack),Stationery,South,1,3.55,3.55,2.01
2025-10-10,Water Bottle,Home & Kitchen,South,3,9.68,29.04,20.22
2025-10-10,Standing Desk,Furniture,Central,4,236.87,947.48,558.45
2025-10-10,Coffee Mug,Home & Kitchen,North,1,9.12,9.12,5.85
2025-10-10,Notebook Set,Stationery,Central,8,2.06,16.48,10.09
2025-10-10,Water Bottle,Home & Kitchen,South,1,13.12,13.12,7.59
2025-10-11,Standing Desk,Furniture,North,8,278.2,2225.6,1525.07
2025-10-11,USB-C Hub,Electronics,Central,3,112.19,336.57,217.56
2025-10-11,Notebook Set,Stationery,Central,8,14.93,119.44,71.49
2025-10-11,Standing Desk,Furniture,Central,2,318.49,636.98,437.16
2025-10-11,Standing Desk,Furniture,South,3,86.58,259.74,135.75
2025-10-11,Ballpoint Pens (Pack),Stationery,West,5,13.28,66.4,40.32
2025-10-11,Water Bottle,Home & Kitchen,East,4,13.94,55.76,33.02
2025-10-12,Sticky Notes,Stationery,North,5,12.82,64.1,39.05
2025-10-12,Coffee Mug,Home & Kitchen,East,4,16.22,64.88,44.08
2025-10-12,Standing Desk,Furniture,Central,8,263.51,2108.08,1317.58
2025-10-12,Office Chair,Furniture,South,5,299.09,1495.45,790.66
2025-10-12,Sticky Notes,Stationery,North,8,2.46,19.68,13.52
2025-10-12,Sticky Notes,Stationery,North,5,9.39,46.95,26.84
2025-10-12,Water Bottle,Home & Kitchen,Central,4,15.86,63.44,38.71
2025-10-12,Standing Desk,Furniture,East,5,255.07,1275.35,771.57
2025-10-12,Office Chair,Furniture,Central,3,260.19,780.57,405.76
2025-10-12,Notebook Set,Stationery,West,7,10.66,74.62,52.14
2025-10-12,Office Chair,Furniture,East,7,210.35,1472.45,785.22
2025-10-13,Sticky Notes,Stationery,South,3,14.12,42.36,26.1
2025-10-13,Ballpoint Pens (Pack),Stationery,West,8,12.58,100.64,61.97
2025-10-13,Sticky Notes,Stationery,East,1,10.27,10.27,6.24
2025-10-13,Water Bottle,Home & Kitchen,North,5,13.38,66.9,43.4
2025-10-13,Mechanical Keyboard,Electronics,East,5,54.44,272.2,182.84
2025-10-13,Mechanical Keyboard,Electronics,South,3,71.34,214.02,111.46
2025-10-13,Coffee Mug,Home & Kitchen,East,2,25.92,51.84,35.85
2025-10-13,Water Bottle,Home & Kitchen,West,6,28.69,172.14,103.42
2025-10-13,USB-C Hub,Electronics,North,3,83.19,249.57,129.85
2025-10-13,Water Bottle,Home & Kitchen,Central,1,28.34,28.34,15.04
2025-10-14,Mechanical Keyboard,Electronics,Central,5,93.05,465.25,253.52
2025-10-14,Coffee Mug,Home & Kitchen,Central,1,12.15,12.15,6.19
2025-10-14,Notebook Set,Stationery,East,5,4.37,21.85,12.44
2025-10-14,Wireless Mouse,Electronics,East,4,60.37,241.48,136.24
2025-10-14,Water Bottle,Home & Kitchen,North,6,12.0,72.0,48.19
2025-10-14,Notebook Set,Stationery,South,3,10.8,32.4,18.87
2025-10-14,Mechanical Keyboard,Electronics,Central,5,43.58,217.9,121.92
2025-10-14,Wireless Mouse,Electronics,West,7,91.23,638.61,402.8
2025-10-14,Water Bottle,Home & Kitchen,North,1,14.6,14.6,9.63
2025-10-14,Water Bottle,Home & Kitchen,West,7,15.58,109.06,62.73
2025-10-14,Ballpoint Pens (Pack),Stationery,North,3,12.99,38.97,21.44
2025-10-15,Ballpoint Pens (Pack),Stationery,West,6,11.97,71.82,38.41
2025-10-15,Water Bottle,Home & Kitchen,East,8,29.74,237.92,143.5
2025-10-15,Mechanical Keyboard,Electronics,East,4,62.91,251.64,158.17
2025-10-15,USB-C Hub,Electronics,West,1,77.14,77.14,45.59
2025-10-15,Wireless Mouse,Electronics,West,8,50.29,402.32,237.83
2025-10-15,Wireless Mouse,Electronics,West,7,66.85,467.95,288.09
2025-10-15,Office Chair,Furniture,North,2,260.01,520.02,304.82
2025-10-15,Standing Desk,Furniture,South,7,347.78,2434.46,1483.62
2025-10-15,Coffee Mug,Home & Kitchen,North,4,23.9,95.6,54.76
2025-10-15,USB-C Hub,Electronics,West,3,72.75,218.25,143.58
2025-10-15,Standing Desk,Furniture,North,5,170.21,851.05,512.22
2025-10-15,USB-C Hub,Electronics,West,8,21.08,168.64,98.68
2025-10-15,Water Bottle,Home & Kitchen,West,2,9.6,19.2,10.07
2025-10-15,Notebook Set,Stationery,North,5,9.52,47.6,30.09
2025-10-15,Office Chair,Furniture,West,4,102.67,410.68,219.08
2025-10-15,Ballpoint Pens (Pack),Stationery,Central,1,4.76,4.76,2.52
2025-10-15,Wireless Mouse,Electronics,Central,7,66.45,465.15,277.49
2025-10-15,Mechanical Keyboard,Electronics,Central,7,54.31,380.17,192.0
2025-10-15,Coffee Mug,Home & Kitchen,South,8,13.1,104.8,63.81
2025-10-15,Coffee Mug,Home & Kitchen,West,6,20.11,120.66,75.42
2025-10-15,Office Chair,Furniture,West,1,144.97,144.97,99.11
2025-10-16,Desk Lamp,Furniture,North,2,216.56,433.12,277.96
2025-10-16,Ballpoint Pens (Pack),Stationery,North,4,5.86,23.44,12.02
2025-10-16,Notebook Set,Stationery,North,5,6.48,32.4,18.76
2025-10-16,Office Chair,Furniture,Central,5,84.68,423.4,295.32
2025-10-16,Standing Desk,Furniture,Central,3,166.98,500.94,310.94
2025-10-16,USB-C Hub,Electronics,West,1,23.72,23.72,13.54
2025-10-16,Desk Lamp,Furniture,West,7,197.61,1383.27,711.38
2025-10-16,Office Chair,Furniture,East,2,68.9,137.8,80.37
2025-10-16,Wireless Mouse,Electronics,Central,2,64.11,128.22,65.86
2025-10-16,Desk Lamp,Furniture,South,5,340.74,1703.7,964.13
2025-10-16,Sticky Notes,Stationery,East,6,10.23,61.38,32.33
2025-10-16,Standing Desk,Furniture,West,6,289.64,1737.84,1087.89
2025-10-16,Coffee Mug,Home & Kitchen,South,1,29.91,29.91,18.62
2025-10-16,Office Chair,Furniture,West,3,226.08,678.24,411.52
2025-10-16,Water Bottle,Home & Kitchen,East,1,9.88,9.88,5.62
2025-10-17,Sticky Notes,Stationery,West,6,13.88,83.28,47.71
2025-10-17,Sticky Notes,Stationery,North,1,11.75,11.75,7.41
2025-10-17,Desk Lamp,Furniture,West,8,291.22,2329.76,1368.18
2025-10-17,Wireless Mouse,Electronics,Central,5,92.01,460.05,313.24
2025-10-17,Notebook Set,Stationery,South,4,14.3,57.2,35.29
2025-10-17,Mechanical Keyboard,Electronics,North,8,84.56,676.48,351.71
2025-10-17,Notebook Set,Stationery,South,1,13.51,13.51,7.0
2025-10-17,Sticky Notes,Stationery,North,1,3.32,3.32,1.97
2025-10-17,Water Bottle,Home & Kitchen,North,1,9.77,9.77,6.66
2025-10-17,USB-C Hub,Electronics,North,1,84.33,84.33,42.4
2025-10-17,Mechanical Keyboard,Electronics,Central,8,113.98,911.84,515.16
2025-10-17,USB-C Hub,Electronics,Central,5,30.18,150.9,99.68
2025-10-17,Water Bottle,Home & Kitchen,South,5,22.19,110.95,57.33
2025-10-17,USB-C Hub,Electronics,East,4,98.51,394.04,213.0
2025-10-17,Wireless Mouse,Electronics,South,7,81.04,567.28,331.58
2025-10-17,Coffee Mug,Home & Kitchen,North,5,22.41,112.05,62.71
2025-10-17,Water Bottle,Home & Kitchen,South,1,26.45,26.45,17.67
2025-10-18,Ballpoint Pens (Pack),Stationery,Central,1,8.34,8.34,4.97
2025-10-18,Standing Desk,Furniture,East,4,117.44,469.76,257.65
2025-10-18,Water Bottle,Home & Kitchen,West,5,9.62,48.1,31.36
2025-10-18,Water Bottle,Home & Kitchen,North,4,12.5,50.0,27.13
2025-10-18,Desk Lamp,Furniture,North,7,77.45,542.15,311.63
2025-10-18,Mechanical Keyboard,Electronics,West,4,98.96,395.84,269.04
2025-10-18,Standing Desk,Furniture,East,8,128.14,1025.12,694.57
2025-10-18,Office Chair,Furniture,North,4,248.56,994.24,497.86
2025-10-18,Ballpoint Pens (Pack),Stationery,South,3,10.02,30.06,20.29
2025-10-18,USB-C Hub,Electronics,Central,8,17.74,141.92,87.63
2025-10-18,Ballpoint Pens (Pack),Stationery,East,2,12.13,24.26,15.07
2025-10-18,Standing Desk,Furniture,North,7,195.68,1369.76,783.03
2025-10-18,Notebook Set,Stationery,East,6,8.81,52.86,35.22
2025-10-18,Mechanical Keyboard,Electronics,South,1,38.33,38.33,21.45
2025-10-18,USB-C Hub,Electronics,North,4,72.21,288.84,158.45
2025-10-19,Office Chair,Furniture,North,1,143.9,143.9,82.75
2025-10-19,Office Chair,Furniture,North,3,257.93,773.79,462.78
2025-10-19,USB-C Hub,Electronics,North,3,17.51,52.53,33.57
2025-10-19,Desk Lamp,Furniture,East,7,84.3,590.1,378.41
2025-10-19,Office Chair,Furniture,North,5,199.16,995.8,546.81
2025-10-19,Desk Lamp,Furniture,South,6,98.31,589.86,299.06
2025-10-19,Coffee Mug,Home & Kitchen,West,7,15.16,106.12,62.78
2025-10-19,Office Chair,Furniture,Central,8,200.88,1607.04,832.02
2025-10-19,Coffee Mug,Home & Kitchen,North,5,15.97,79.85,46.2
2025-10-19,Standing Desk,Furniture,North,5,302.44,1512.2,915.82
2025-10-19,Ballpoint Pens (Pack),Stationery,Central,5,5.13,25.65,16.52
2025-10-19,Ballpoint Pens (Pack),Stationery,North,5,8.96,44.8,29.5
2025-10-19,Water Bottle,Home & Kitchen,Central,6,22.49,134.94,88.46
2025-10-19,USB-C Hub,Electronics,North,3,94.73,284.19,157.27
2025-10-20,Sticky Notes,Stationery,East,2,9.38,18.76,11.41
2025-10-20,Ballpoint Pens (Pack),Stationery,North,4,3.57,14.28,7.82
2025-10-20,Desk Lamp,Furniture,North,5,127.2,636.0,319.12
2025-10-20,Mechanical Keyboard,Electronics,West,1,110.07,110.07,59.53
2025-10-20,Notebook Set,Stationery,South,3,12.02,36.06,20.44
2025-10-20,Notebook Set,Stationery,North,6,3.67,22.02,12.02
2025-10-20,Water Bottle,Home & Kitchen,East,2,23.15,46.3,25.9
2025-10-20,Coffee Mug,Home & Kitchen,South,8,28.33,226.64,155.01
2025-10-20,Notebook Set,Stationery,North,8,2.73,21.84,12.17
2025-10-20,Standing Desk,Furniture,West,1,261.87,261.87,134.26
2025-10-20,USB-C Hub,Electronics,West,1,31.12,31.12,20.08
2025-10-20,Ballpoint Pens (Pack),Stationery,North,2,8.61,17.22,9.11
2025-10-20,Office Chair,Furniture,South,6,207.42,1244.52,847.03
2025-10-20,Wireless Mouse,Electronics,North,2,44.89,89.78,57.22
2025-10-20,Desk Lamp,Furniture,East,2,112.28,224.56,118.77
2025-10-20,Notebook Set,Stationery,North,7,12.23,85.61,55.32
2025-10-20,Ballpoint Pens (Pack),Stationery,South,6,9.26,55.56,33.53
2025-10-21,USB-C Hub,Electronics,South,7,65.71,459.97,283.78
2025-10-21,Water Bottle,Home & Kitchen,Central,7,22.52,157.64,89.84
2025-10-21,Coffee Mug,Home & Kitchen,West,2,21.65,43.3,25.82
2025-10-21,USB-C Hub,Electronics,East,2,70.67,141.34,84.19
2025-10-21,Sticky Notes,Stationery,West,5,7.35,36.75,23.68
2025-10-21,USB-C Hub,Electronics,West,2,39.61,79.22,43.13
2025-10-21,Standing Desk,Furniture,North,8,98.68,789.44,422.53
2025-10-21,Water Bottle,Home & Kitchen,Central,3,21.84,65.52,40.46
2025-10-21,Desk Lamp,Furniture,Central,7,304.88,2134.16,1400.34
2025-10-21,Standing Desk,Furniture,East,2,129.64,259.28,165.06
2025-10-21,Standing Desk,Furniture,South,2,210.98,421.96,291.79
2025-10-21,Desk Lamp,Furniture,North,5,123.16,615.8,314.87
2025-10-21,Notebook Set,Stationery,Central,3,2.78,8.34,5.46
2025-10-21,Desk Lamp,Furniture,Central,5,240.09,1200.45,772.62
2025-10-21,Sticky Notes,Stationery,South,5,5.21,26.05,18.09
2025-10-21,USB-C Hub,Electronics,West,1,59.03,59.03,32.76
2025-10-21,Ballpoint Pens (Pack),Stationery,West,5,9.97,49.85,33.26
2025-10-21,Wireless Mouse,Electronics,South,3,47.81,143.43,99.02
2025-10-22,Ballpoint Pens (Pack),Stationery,Central,3,14.46,43.38,22.21
2025-10-22,Desk Lamp,Furniture,South,5,240.28,1201.4,638.97
2025-10-22,Ballpoint Pens (Pack),Stationery,North,8,10.74,85.92,43.24
2025-10-22,Ballpoint Pens (Pack),Stationery,North,5,4.21,21.05,13.87
2025-10-22,Coffee Mug,Home & Kitchen,West,2,12.03,24.06,16.33
2025-10-22,Notebook Set,Stationery,North,6,9.06,54.36,37.92
2025-10-22,Notebook Set,Stationery,East,1,9.47,9.47,6.15
2025-10-22,USB-C Hub,Electronics,Central,6,38.92,233.52,139.54
2025-10-22,Standing Desk,Furniture,Central,3,292.99,878.97,522.12
2025-10-22,Mechanical Keyboard,Electronics,North,4,111.09,444.36,308.54
2025-10-22,Office Chair,Furniture,South,2,101.0,202.0,118.65
2025-10-23,Standing Desk,Furniture,East,5,315.15,1575.75,1040.4
2025-10-23,Water Bottle,Home & Kitchen,Central,1,9.97,9.97,5.46
2025-10-23,Office Chair,Furniture,South,8,93.53,748.24,481.28
2025-10-23,USB-C Hub,Electronics,Central,8,56.87,454.96,228.03
2025-10-23,Office Chair,Furniture,North,6,183.45,1100.7,762.18
2025-10-23,Notebook Set,Stationery,Central,3,5.69,17.07,9.27
2025-10-23,Ballpoint Pens (Pack),Stationery,East,1,10.59,10.59,5.95
2025-10-23,Standing Desk,Furniture,East,2,280.98,561.96,316.49
2025-10-23,Water Bottle,Home & Kitchen,South,4,13.02,52.08,28.18
2025-10-23,Sticky Notes,Stationery,North,7,10.03,70.21,35.73
2025-10-23,Office Chair,Furniture,Central,2,62.99,125.98,86.75
2025-10-23,Water Bottle,Home & Kitchen,East,1,22.77,22.77,13.73
2025-10-23,Sticky Notes,Stationery,West,2,2.77,5.54,3.04
2025-10-23,Office Chair,Furniture,Central,3,76.5,229.5,119.69
2025-10-23,Standing Desk,Furniture,Central,3,170.73,512.19,355.3
2025-10-23,Sticky Notes,Stationery,Central,5,8.77,43.85,27.82
2025-10-23,Standing Desk,Furniture,West,1,182.23,182.23,92.41
2025-10-24,Office Chair,Furniture,Central,3,280.93,842.79,527.74
2025-10-24,USB-C Hub,Electronics,South,4,54.27,217.08,114.44
2025-10-24,Wireless Mouse,Electronics,East,3,94.22,282.66,189.57
2025-10-24,Water Bottle,Home & Kitchen,Central,8,27.04,216.32,143.96
2025-10-25,Ballpoint Pens (Pack),Stationery,West,7,13.54,94.78,62.2
2025-10-25,Ballpoint Pens (Pack),Stationery,North,4,5.3,21.2,11.49
2025-10-25,Ballpoint Pens (Pack),Stationery,South,1,7.53,7.53,4.27
2025-10-25,Sticky Notes,Stationery,Central,7,14.25,99.75,65.46
2025-10-25,Office Chair,Furniture,West,8,245.3,1962.4,1256.31
2025-10-25,Ballpoint Pens (Pack),Stationery,East,1,12.55,12.55,7.9
2025-10-25,Standing Desk,Furniture,South,1,306.64,306.64,153.71
2025-10-25,Desk Lamp,Furniture,Central,4,115.17,460.68,312.51
2025-10-25,Standing Desk,Furniture,South,6,79.95,479.7,335.59
2025-10-25,Ballpoint Pens (Pack),Stationery,Central,5,12.39,61.95,32.19
2025-10-25,Sticky Notes,Stationery,South,3,9.42,28.26,19.59
2025-10-25,Notebook Set,Stationery,Central,6,10.38,62.28,34.39
2025-10-25,Notebook Set,Stationery,Central,4,5.38,21.52,12.17
2025-10-25,Coffee Mug,Home & Kitchen,North,5,9.52,47.6,32.66
2025-10-26,Coffee Mug,Home & Kitchen,East,2,23.73,47.46,26.38
2025-10-26,Standing Desk,Furniture,East,8,299.77,2398.16,1482.49
2025-10-26,Water Bottle,Home & Kitchen,North,3,15.34,46.02,28.39
2025-10-26,Office Chair,Furniture,Central,3,74.27,222.81,146.71
2025-10-26,USB-C Hub,Electronics,North,1,19.16,19.16,10.36
2025-10-26,Water Bottle,Home & Kitchen,East,8,26.82,214.56,141.39
2025-10-27,Sticky Notes,Stationery,South,3,14.76,44.28,25.15
2025-10-27,Desk Lamp,Furniture,Central,6,299.75,1798.5,1203.68
2025-10-27,Coffee Mug,Home & Kitchen,West,5,15.9,79.5,40.46
2025-10-27,Water Bottle,Home & Kitchen,West,3,21.46,64.38,35.61
2025-10-27,Water Bottle,Home & Kitchen,South,6,21.1,126.6,71.37
2025-10-27,Coffee Mug,Home & Kitchen,North,8,13.44,107.52,68.86
2025-10-27,Coffee Mug,Home & Kitchen,Central,4,9.06,36.24,20.62
2025-10-27,Water Bottle,Home & Kitchen,South,8,23.79,190.32,125.32
2025-10-27,Mechanical Keyboard,Electronics,North,5,43.88,219.4,116.29
2025-10-27,Mechanical Keyboard,Electronics,Central,5,45.39,226.95,129.0
2025-10-27,Desk Lamp,Furniture,Central,8,153.97,1231.76,858.54
2025-10-27,Wireless Mouse,Electronics,South,3,105.84,317.52,174.37
2025-10-27,Water Bottle,Home & Kitchen,East,5,12.42,62.1,39.51
2025-10-27,Wireless Mouse,Electronics,North,7,44.17,309.19,200.0
2025-10-27,Water Bottle,Home & Kitchen,North,7,12.36,86.52,44.46
2025-10-27,Sticky Notes,Stationery,West,6,2.27,13.62,8.7
2025-10-27,Mechanical Keyboard,Electronics,East,7,48.87,342.09,216.71
2025-10-27,USB-C Hub,Electronics,South,1,98.0,98.0,62.41
2025-10-27,Wireless Mouse,Electronics,North,2,60.95,121.9,68.6
2025-10-27,Standing Desk,Furniture,West,1,347.87,347.87,232.3
2025-10-27,Wireless Mouse,Electronics,North,8,100.47,803.76,530.98
2025-10-27,Water Bottle,Home & Kitchen,Central,1,20.38,20.38,13.53
2025-10-27,Notebook Set,Stationery,North,5,8.03,40.15,25.13
2025-10-27,Notebook Set,Stationery,West,1,6.94,6.94,4.13
2025-10-27,Coffee Mug,Home & Kitchen,Central,4,26.61,106.44,65.84
2025-10-27,USB-C Hub,Electronics,South,2,69.12,138.24,81.06
2025-10-27,USB-C Hub,Electronics,East,5,43.21,216.05,117.32
2025-10-27,Wireless Mouse,Electronics,South,5,18.11,90.55,51.13
2025-10-27,Mechanical Keyboard,Electronics,East,1,99.04,99.04,55.29
2025-10-28,Coffee Mug,Home & Kitchen,South,2,15.75,31.5,17.73
2025-10-28,Standing Desk,Furniture,Central,1,75.89,75.89,49.14
2025-10-28,Ballpoint Pens (Pack),Stationery,Central,6,7.13,42.78,24.42
2025-10-28,Coffee Mug,Home & Kitchen,South,4,28.9,115.6,61.23
2025-10-28,Notebook Set,Stationery,Central,3,4.79,14.37,8.65
2025-10-28,Desk Lamp,Furniture,South,2,226.15,452.3,266.58
2025-10-28,Desk Lamp,Furniture,South,4,169.2,676.8,359.45
2025-10-28,Mechanical Keyboard,Electronics,Central,7,33.18,232.26,122.09
2025-10-28,Desk Lamp,Furniture,North,4,223.51,894.04,593.8
2025-10-28,Coffee Mug,Home & Kitchen,East,3,22.14,66.42,39.83
2025-10-28,Ballpoint Pens (Pack),Stationery,North,8,6.91,55.28,31.61
2025-10-28,USB-C Hub,Electronics,West,5,31.09,155.45,95.89
2025-10-28,Desk Lamp,Furniture,West,6,287.72,1726.32,1115.06
2025-10-28,Standing Desk,Furniture,East,5,74.24,371.2,222.49
2025-10-29,USB-C Hub,Electronics,Central,3,46.58,139.74,81.82
2025-10-29,Mechanical Keyboard,Electronics,North,8,106.65,853.2,556.56
2025-10-29,Coffee Mug,Home & Kitchen,North,1,8.71,8.71,4.69
2025-10-29,Desk Lamp,Furniture,East,7,193.94,1357.58,945.98
2025-10-29,Notebook Set,Stationery,South,6,10.14,60.84,34.09
2025-10-29,Desk Lamp,Furniture,North,8,153.72,1229.76,740.83
2025-10-29,Mechanical Keyboard,Electronics,East,6,80.47,482.82,276.42
2025-10-29,Water Bottle,Home & Kitchen,North,5,18.94,94.7,52.95
2025-10-29,USB-C Hub,Electronics,North,3,15.13,45.39,24.63
2025-10-29,Notebook Set,Stationery,North,1,14.12,14.12,7.43
2025-10-29,Coffee Mug,Home & Kitchen,North,5,10.21,51.05,31.53
2025-10-29,Coffee Mug,Home & Kitchen,East,4,9.56,38.24,23.03
2025-10-29,Notebook Set,Stationery,West,1,6.29,6.29,3.9
2025-10-29,Water Bottle,Home & Kitchen,South,4,12.29,49.16,28.33
2025-10-30,Wireless Mouse,Electronics,East,8,30.57,244.56,125.76
2025-10-30,Water Bottle,Home & Kitchen,West,8,13.24,105.92,70.91
2025-10-30,Desk Lamp,Furniture,Central,3,334.62,1003.86,675.11
2025-10-30,Sticky Notes,Stationery,North,4,4.8,19.2,11.83
2025-10-30,Standing Desk,Furniture,South,7,328.35,2298.45,1496.77
2025-10-30,Desk Lamp,Furniture,East,2,279.72,559.44,391.42
2025-10-30,USB-C Hub,Electronics,South,2,88.73,177.46,111.03
2025-10-30,Coffee Mug,Home & Kitchen,North,2,26.55,53.1,32.14
2025-10-30,Ballpoint Pens (Pack),Stationery,West,2,8.45,16.9,10.59
2025-10-30,Ballpoint Pens (Pack),Stationery,West,7,7.86,55.02,35.67
2025-10-30,Standing Desk,Furniture,East,2,169.5,339.0,229.75
2025-10-30,Ballpoint Pens (Pack),Stationery,East,3,4.8,14.4,9.47
2025-10-30,Mechanical Keyboard,Electronics,Central,1,97.27,97.27,58.4
2025-10-30,Water Bottle,Home & Kitchen,East,6,13.8,82.8,54.69
2025-10-30,Mechanical Keyboard,Electronics,East,2,35.75,71.5,37.8
2025-10-30,Standing Desk,Furniture,North,5,132.89,664.45,416.42
2025-10-30,Coffee Mug,Home & Kitchen,North,4,11.37,45.48,28.08
2025-10-30,Ballpoint Pens (Pack),Stationery,South,3,7.84,23.52,16.27
2025-10-30,Wireless Mouse,Electronics,Central,6,27.73,166.38,113.76
2025-10-30,Mechanical Keyboard,Electronics,South,3,31.39,94.17,57.5
2025-10-31,USB-C Hub,Electronics,East,2,24.14,48.28,27.0
2025-10-31,USB-C Hub,Electronics,South,4,27.61,110.44,70.65
2025-10-31,Office Chair,Furniture,South,8,67.61,540.88,337.84
2025-10-31,Mechanical Keyboard,Electronics,Central,2,43.11,86.22,45.61
2025-10-31,Ballpoint Pens (Pack),Stationery,East,2,8.22,16.44,10.74
2025-10-31,USB-C Hub,Electronics,Central,8,60.37,482.96,324.68
2025-10-31,Notebook Set,Stationery,Central,6,2.86,17.16,10.86
2025-10-31,Desk Lamp,Furniture,Central,7,103.11,721.77,455.8
2025-10-31,Wireless Mouse,Electronics,North,4,80.09,320.36,165.44
2025-10-31,Mechanical Keyboard,Electronics,North,8,18.52,148.16,93.51
2025-10-31,Ballpoint Pens (Pack),Stationery,South,8,3.76,30.08,17.83
2025-11-01,Wireless Mouse,Electronics,South,1,67.46,67.46,34.49
2025-11-01,Mechanical Keyboard,Electronics,West,4,116.42,465.68,238.93
2025-11-01,Wireless Mouse,Electronics,West,8,26.75,214.0,144.18
2025-11-01,Standing Desk,Furniture,North,7,300.34,2102.38,1418.64
2025-11-01,Water Bottle,Home & Kitchen,Central,5,11.0,55.0,31.25
2025-11-01,Standing Desk,Furniture,Central,7,162.67,1138.69,794.66
2025-11-01,Standing Desk,Furniture,East,2,155.67,311.34,181.92
2025-11-01,Ballpoint Pens (Pack),Stationery,South,2,12.89,25.78,15.29
2025-11-01,Sticky Notes,Stationery,South,3,14.38,43.14,26.34
2025-11-01,Sticky Notes,Stationery,East,1,5.88,5.88,3.56
2025-11-01,Desk Lamp,Furniture,West,8,78.38,627.04,360.74
2025-11-01,Sticky Notes,Stationery,South,7,4.3,30.1,16.29
2025-11-01,Coffee Mug,Home & Kitchen,South,8,9.81,78.48,42.53
2025-11-01,USB-C Hub,Electronics,West,3,49.39,148.17,77.0
2025-11-01,Water Bottle,Home & Kitchen,East,1,19.03,19.03,10.5
2025-11-01,Notebook Set,Stationery,North,6,3.52,21.12,13.8
2025-11-01,Notebook Set,Stationery,South,8,5.13,41.04,28.54
2025-11-01,Wireless Mouse,Electronics,West,2,26.86,53.72,32.81
2025-11-01,Desk Lamp,Furniture,South,8,344.46,2755.68,1854.5
2025-11-01,Office Chair,Furniture,South,6,152.52,915.12,525.95
2025-11-01,Notebook Set,Stationery,South,4,6.0,24.0,13.38
2025-11-01,Mechanical Keyboard,Electronics,West,2,48.26,96.52,56.53
2025-11-02,Wireless Mouse,Electronics,East,8,82.84,662.72,369.84
2025-11-02,Standing Desk,Furniture,South,6,135.34,812.04,500.4
2025-11-02,Office Chair,Furniture,South,6,189.86,1139.16,651.63
2025-11-02,Sticky Notes,Stationery,East,5,5.51,27.55,19.13
2025-11-02,Ballpoint Pens (Pack),Stationery,Central,8,13.34,106.72,63.11
2025-11-02,Mechanical Keyboard,Electronics,East,1,119.06,119.06,81.51
2025-11-02,Wireless Mouse,Electronics,Central,8,78.16,625.28,376.29
2025-11-02,Sticky Notes,Stationery,East,8,13.52,108.16,56.55
2025-11-02,Standing Desk,Furniture,South,1,340.67,340.67,206.12
2025-11-02,Water Bottle,Home & Kitchen,Central,6,10.94,65.64,42.43
2025-11-02,Mechanical Keyboard,Electronics,South,2,116.04,232.08,135.66
2025-11-02,Office Chair,Furniture,South,2,276.0,552.0,303.86
2025-11-02,Ballpoint Pens (Pack),Stationery,West,1,13.53,13.53,6.91
2025-11-02,Desk Lamp,Furniture,South,4,258.78,1035.12,564.62
2025-11-03,Coffee Mug,Home & Kitchen,Central,7,22.09,154.63,105.22
2025-11-03,Office Chair,Furniture,West,5,224.84,1124.2,639.63
2025-11-03,Desk Lamp,Furniture,South,2,286.88,573.76,308.31
2025-11-03,Desk Lamp,Furniture,Central,5,291.89,1459.45,1013.49
2025-11-03,Office Chair,Furniture,North,8,321.84,2574.72,1538.55
2025-11-03,Ballpoint Pens (Pack),Stationery,East,1,12.26,12.26,6.99
2025-11-03,Notebook Set,Stationery,East,5,3.98,19.9,13.8
2025-11-03,Office Chair,Furniture,South,5,206.12,1030.6,627.95
2025-11-03,Wireless Mouse,Electronics,South,3,114.88,344.64,197.35
2025-11-03,Mechanical Keyboard,Electronics,West,6,87.23,523.38,331.93
2025-11-03,Ballpoint Pens (Pack),Stationery,East,3,14.24,42.72,28.57
2025-11-03,Sticky Notes,Stationery,South,5,13.3,66.5,39.38
2025-11-03,USB-C Hub,Electronics,West,7,68.83,481.81,277.79
2025-11-03,Coffee Mug,Home & Kitchen,North,4,13.07,52.28,27.47
2025-11-03,Notebook Set,Stationery,West,2,8.52,17.04,11.2
2025-11-03,Ballpoint Pens (Pack),Stationery,South,3,6.22,18.66,9.77
2025-11-03,Desk Lamp,Furniture,South,3,243.83,731.49,454.31
2025-11-03,Mechanical Keyboard,Electronics,Central,1,70.29,70.29,35.18
2025-11-03,Water Bottle,Home & Kitchen,Central,4,9.21,36.84,22.0
2025-11-03,Coffee Mug,Home & Kitchen,East,4,27.47,109.88,64.9
2025-11-03,Office Chair,Furniture,Central,3,161.92,485.76,318.17
2025-11-03,Desk Lamp,Furniture,West,7,221.5,1550.5,817.85
2025-11-03,Standing Desk,Furniture,North,2,256.89,513.78,327.58
2025-11-04,Water Bottle,Home & Kitchen,East,5,16.98,84.9,46.7
2025-11-04,Wireless Mouse,Electronics,Central,5,15.68,78.4,43.66
2025-11-04,Mechanical Keyboard,Electronics,Central,6,70.52,423.12,215.82
2025-11-04,Notebook Set,Stationery,South,5,13.71,68.55,37.04
2025-11-04,Wireless Mouse,Electronics,East,8,34.54,276.32,169.4
2025-11-04,Sticky Notes,Stationery,South,4,8.32,33.28,17.55
2025-11-04,Coffee Mug,Home & Kitchen,West,2,29.37,58.74,32.74
2025-11-04,USB-C Hub,Electronics,South,4,51.13,204.52,118.85
2025-11-04,USB-C Hub,Electronics,South,3,46.6,139.8,83.76
2025-11-04,Notebook Set,Stationery,Central,8,8.42,67.36,38.45
2025-11-04,Mechanical Keyboard,Electronics,South,8,20.7,165.6,97.76
2025-11-04,Coffee Mug,Home & Kitchen,West,1,10.2,10.2,6.14
2025-11-04,Notebook Set,Stationery,West,4,7.66,30.64,17.16
2025-11-04,Coffee Mug,Home & Kitchen,Central,6,12.53,75.18,42.35
2025-11-04,Mechanical Keyboard,Electronics,North,5,71.74,358.7,246.2
2025-11-04,Sticky Notes,Stationery,North,4,12.35,49.4,34.3
2025-11-04,Office Chair,Furniture,North,4,117.68,470.72,289.48
2025-11-04,Office Chair,Furniture,East,3,236.1,708.3,360.44
2025-11-04,Standing Desk,Furniture,North,8,293.66,2349.28,1504.44
2025-11-04,Mechanical Keyboard,Electronics,North,4,83.23,332.92,184.73
2025-11-04,Wireless Mouse,Electronics,East,1,38.92,38.92,22.58
2025-11-04,Mechanical Keyboard,Electronics,North,1,60.86,60.86,37.59
2025-11-04,Mechanical Keyboard,Electronics,East,3,22.34,67.02,38.55
2025-11-04,Standing Desk,Furniture,East,2,277.71,555.42,364.36
2025-11-04,Standing Desk,Furniture,North,6,65.31,391.86,254.08
2025-11-04,Desk Lamp,Furniture,West,2,126.31,252.62,168.41
2025-11-04,Coffee Mug,Home & Kitchen,South,2,24.18,48.36,30.43
2025-11-04,USB-C Hub,Electronics,South,6,88.93,533.58,317.83
2025-11-04,USB-C Hub,Electronics,West,3,91.69,275.07,178.53
2025-11-04,Coffee Mug,Home & Kitchen,North,7,27.68,193.76,134.74
2025-11-05,Office Chair,Furniture,North,8,255.86,2046.88,1140.86
2025-11-05,Wireless Mouse,Electronics,North,3,84.78,254.34,149.12
2025-11-05,Standing Desk,Furniture,West,8,334.35,2674.8,1604.48
2025-11-05,Desk Lamp,Furniture,South,3,346.01,1038.03,671.78
2025-11-05,Notebook Set,Stationery,East,5,2.06,10.3,6.84
2025-11-05,Coffee Mug,Home & Kitchen,North,4,13.24,52.96,32.67
2025-11-05,USB-C Hub,Electronics,Central,4,97.12,388.48,224.05
2025-11-05,Office Chair,Furniture,North,1,225.55,225.55,125.72
2025-11-05,Coffee Mug,Home & Kitchen,East,1,14.63,14.63,8.51
2025-11-05,Desk Lamp,Furniture,North,6,200.76,1204.56,838.97
2025-11-05,Wireless Mouse,Electronics,South,4,113.7,454.8,276.19
2025-11-05,Standing Desk,Furniture,East,6,313.96,1883.76,1248.75
2025-11-05,Coffee Mug,Home & Kitchen,Central,3,29.3,87.9,55.98
2025-11-05,Standing Desk,Furniture,North,1,61.06,61.06,42.64
2025-11-05,Coffee Mug,Home & Kitchen,West,8,17.51,140.08,77.25
2025-11-05,Coffee Mug,Home & Kitchen,West,5,28.76,143.8,95.58
2025-11-05,Coffee Mug,Home & Kitchen,West,3,25.82,77.46,53.6
2025-11-05,Coffee Mug,Home & Kitchen,South,5,29.29,146.45,78.72
2025-11-05,Desk Lamp,Furniture,West,3,318.38,955.14,501.77
2025-11-05,Water Bottle,Home & Kitchen,West,1,20.03,20.03,11.27
2025-11-05,Desk Lamp,Furniture,Central,2,70.34,140.68,83.27
2025-11-06,Mechanical Keyboard,Electronics,South,5,118.42,592.1,360.11
2025-11-06,Sticky Notes,Stationery,North,1,10.88,10.88,7.56
2025-11-06,Ballpoint Pens (Pack),Stationery,North,8,13.15,105.2,62.67
2025-11-06,Office Chair,Furniture,South,3,76.83,230.49,148.44
2025-11-06,Desk Lamp,Furniture,West,4,333.04,1332.16,773.14
2025-11-06,Wireless Mouse,Electronics,North,8,109.69,877.52,563.25
2025-11-06,Sticky Notes,Stationery,South,3,9.47,28.41,14.98
2025-11-06,USB-C Hub,Electronics,South,5,73.0,365.0,234.99
2025-11-06,Mechanical Keyboard,Electronics,Central,5,95.85,479.25,288.61
2025-11-06,Ballpoint Pens (Pack),Stationery,South,1,4.73,4.73,3.15
2025-11-06,Sticky Notes,Stationery,East,8,7.12,56.96,35.83
2025-11-06,Wireless Mouse,Electronics,Central,3,27.82,83.46,55.52
2025-11-06,Ballpoint Pens (Pack),Stationery,East,1,14.68,14.68,8.19
2025-11-06,Ballpoint Pens (Pack),Stationery,East,4,3.43,13.72,7.85
2025-11-06,Water Bottle,Home & Kitchen,West,7,16.17,113.19,58.47
2025-11-06,Wireless Mouse,Electronics,South,2,68.72,137.44,72.54
2025-11-06,Coffee Mug,Home & Kitchen,East,2,13.41,26.82,15.6
2025-11-06,Sticky Notes,Stationery,Central,1,2.1,2.1,1.42
2025-11-06,Office Chair,Furniture,South,6,153.57,921.42,496.82
2025-11-06,Ballpoint Pens (Pack),Stationery,South,1,11.76,11.76,6.85
2025-11-06,Wireless Mouse,Electronics,West,5,104.24,521.2,298.38
2025-11-06,Ballpoint Pens (Pack),Stationery,South,7,12.44,87.08,45.05
2025-11-06,Notebook Set,Stationery,North,2,5.02,10.04,5.47
2025-11-06,USB-C Hub,Electronics,South,3,41.22,123.66,79.66
2025-11-06,Standing Desk,Furniture,East,4,263.5,1054.0,555.99
2025-11-06,Ballpoint Pens (Pack),Stationery,East,2,7.14,14.28,7.61
2025-11-06,Desk Lamp,Furniture,Central,7,108.63,760.41,476.97
2025-11-06,USB-C Hub,Electronics,East,5,37.87,189.35,117.29
2025-11-06,Coffee Mug,Home & Kitchen,West,1,9.75,9.75,5.56
2025-11-06,Mechanical Keyboard,Electronics,East,1,92.85,92.85,56.28
2025-11-07,Mechanical Keyboard,Electronics,West,6,36.01,216.06,123.68
2025-11-07,Water Bottle,Home & Kitchen,North,6,9.36,56.16,35.01
2025-11-07,Sticky Notes,Stationery,South,6,5.58,33.48,16.8
2025-11-07,Mechanical Keyboard,Electronics,East,3,90.24,270.72,179.34
2025-11-07,Standing Desk,Furniture,Central,7,241.49,1690.43,1044.38
2025-11-07,Office Chair,Furniture,South,5,240.33,1201.65,808.09
2025-11-07,Sticky Notes,Stationery,Central,7,10.45,73.15,44.02
2025-11-07,Mechanical Keyboard,Electronics,South,7,54.6,382.2,215.58
2025-11-07,Ballpoint Pens (Pack),Stationery,West,5,11.61,58.05,32.59
2025-11-07,Sticky Notes,Stationery,South,2,4.01,8.02,5.33
2025-11-07,Notebook Set,Stationery,West,2,12.94,25.88,15.31
2025-11-07,USB-C Hub,Electronics,North,4,60.54,242.16,129.24
2025-11-07,USB-C Hub,Electronics,Central,7,39.03,273.21,146.48
2025-11-07,Wireless Mouse,Electronics,East,1,93.7,93.7,55.85
2025-11-07,Wireless Mouse,Electronics,Central,8,26.99,215.92,117.31
2025-11-07,Notebook Set,Stationery,East,1,5.53,5.53,2.81
2025-11-07,Sticky Notes,Stationery,West,7,8.9,62.3,39.86
2025-11-07,Water Bottle,Home & Kitchen,East,4,10.85,43.4,26.95
2025-11-07,Mechanical Keyboard,Electronics,East,4,84.09,336.36,222.7
2025-11-07,Wireless Mouse,Electronics,East,1,80.19,80.19,46.62
2025-11-07,USB-C Hub,Electronics,East,4,33.22,132.88,88.19
2025-11-07,Sticky Notes,Stationery,East,1,9.46,9.46,5.23
2025-11-07,Mechanical Keyboard,Electronics,West,3,107.43,322.29,169.71
2025-11-07,Ballpoint Pens (Pack),Stationery,East,5,9.4,47.0,25.48
2025-11-07,USB-C Hub,Electronics,West,7,104.98,734.86,385.53
2025-11-07,Mechanical Keyboard,Electronics,West,6,67.55,405.3,253.37
2025-11-07,Desk Lamp,Furniture,East,2,228.74,457.48,306.95
2025-11-07,Sticky Notes,Stationery,North,6,13.04,78.24,45.23
2025-11-07,Wireless Mouse,Electronics,East,7,36.01,252.07,163.82
2025-11-07,Sticky Notes,Stationery,Central,6,8.08,48.48,26.35
2025-11-08,Coffee Mug,Home & Kitchen,East,1,28.14,28.14,19.16
2025-11-08,Office Chair,Furniture,South,3,257.02,771.06,415.93
2025-11-08,Desk Lamp,Furniture,North,7,212.59,1488.13,808.97
2025-11-08,Sticky Notes,Stationery,Central,1,8.49,8.49,5.79
2025-11-08,Ballpoint Pens (Pack),Stationery,Central,1,5.26,5.26,3.01
2025-11-08,Water Bottle,Home & Kitchen,West,8,21.15,169.2,98.08
2025-11-08,Sticky Notes,Stationery,East,6,13.46,80.76,42.05
2025-11-08,Office Chair,Furniture,West,1,335.6,335.6,230.02
2025-11-08,Ballpoint Pens (Pack),Stationery,North,6,11.24,67.44,37.4
2025-11-08,Mechanical Keyboard,Electronics,East,3,111.77,335.31,188.17
2025-11-08,Wireless Mouse,Electronics,Central,5,28.12,140.6,80.28
2025-11-08,Sticky Notes,Stationery,North,5,2.12,10.6,5.56
2025-11-08,Wireless Mouse,Electronics,East,1,84.73,84.73,44.09
2025-11-08,Standing Desk,Furniture,East,1,213.06,213.06,136.37
2025-11-08,Desk Lamp,Furniture,East,2,286.79,573.58,318.08
2025-11-08,Desk Lamp,Furniture,West,6,106.0,636.0,405.8
2025-11-08,Desk Lamp,Furniture,Central,5,204.66,1023.3,536.43
2025-11-08,Mechanical Keyboard,Electronics,West,1,17.35,17.35,10.19
2025-11-08,Ballpoint Pens (Pack),Stationery,West,7,2.62,18.34,10.88
2025-11-08,Office Chair,Furniture,West,8,301.55,2412.4,1619.05
2025-11-08,Office Chair,Furniture,North,4,344.17,1376.68,798.55
2025-11-08,Desk Lamp,Furniture,South,6,344.92,2069.52,1266.05
2025-11-08,USB-C Hub,Electronics,Central,2,71.32,142.64,89.62
2025-11-08,Ballpoint Pens (Pack),Stationery,East,4,3.7,14.8,7.69
2025-11-09,Mechanical Keyboard,Electronics,East,7,29.98,209.86,126.94
2025-11-09,Standing Desk,Furniture,West,8,220.63,1765.04,1039.25
2025-11-09,Standing Desk,Furniture,East,4,139.34,557.36,376.73
2025-11-09,Standing Desk,Furniture,West,3,217.53,652.59,385.85
2025-11-09,USB-C Hub,Electronics,North,7,115.34,807.38,458.67
2025-11-09,Wireless Mouse,Electronics,South,8,48.14,385.12,217.43
2025-11-09,Ballpoint Pens (Pack),Stationery,North,5,7.8,39.0,26.53
2025-11-09,Office Chair,Furniture,West,3,265.21,795.63,536.11
2025-11-09,Desk Lamp,Furniture,West,5,179.85,899.25,603.38
2025-11-09,Water Bottle,Home & Kitchen,Central,1,23.17,23.17,15.3
2025-11-09,Mechanical Keyboard,Electronics,West,7,66.24,463.68,242.87
2025-11-09,Desk Lamp,Furniture,North,7,221.4,1549.8,887.64
2025-11-09,Sticky Notes,Stationery,South,6,2.02,12.12,8.1
2025-11-09,Wireless Mouse,Electronics,West,7,17.57,122.99,70.51
2025-11-09,Wireless Mouse,Electronics,North,8,81.85,654.8,426.53
2025-11-09,USB-C Hub,Electronics,North,3,71.43,214.29,119.83
2025-11-09,Sticky Notes,Stationery,North,2,9.02,18.04,11.57
2025-11-09,Office Chair,Furniture,West,5,341.56,1707.8,1171.03
2025-11-09,Notebook Set,Stationery,West,5,7.02,35.1,21.55
2025-11-09,Water Bottle,Home & Kitchen,East,3,14.48,43.44,26.37
2025-11-09,Sticky Notes,Stationery,South,1,3.86,3.86,2.53
2025-11-10,Notebook Set,Stationery,East,6,4.46,26.76,17.91
2025-11-10,Wireless Mouse,Electronics,South,1,33.28,33.28,19.25
2025-11-10,Mechanical Keyboard,Electronics,Central,6,90.05,540.3,352.38
2025-11-10,Standing Desk,Furniture,East,2,259.31,518.62,267.35
2025-11-10,Sticky Notes,Stationery,South,6,6.69,40.14,23.28
2025-11-10,Sticky Notes,Stationery,East,6,11.45,68.7,34.38
2025-11-10,Coffee Mug,Home & Kitchen,South,5,12.66,63.3,31.87
2025-11-10,Water Bottle,Home & Kitchen,South,2,18.53,37.06,20.46
2025-11-10,USB-C Hub,Electronics,West,5,90.64,453.2,259.24
2025-11-10,Mechanical Keyboard,Electronics,East,6,73.12,438.72,235.28
2025-11-10,Coffee Mug,Home & Kitchen,Central,1,11.75,11.75,6.45
2025-11-10,Coffee Mug,Home & Kitchen,North,1,8.66,8.66,5.58
2025-11-10,Coffee Mug,Home & Kitchen,East,4,17.32,69.28,34.65
2025-11-10,Water Bottle,Home & Kitchen,West,2,25.85,51.7,32.0
2025-11-10,Wireless Mouse,Electronics,South,5,48.01,240.05,150.26
2025-11-10,USB-C Hub,Electronics,North,3,41.27,123.81,77.45
2025-11-11,Office Chair,Furniture,Central,8,103.16,825.28,532.84
2025-11-11,Office Chair,Furniture,North,5,98.01,490.05,260.73
2025-11-11,Office Chair,Furniture,South,3,268.38,805.14,437.74
2025-11-11,Notebook Set,Stationery,Central,3,4.25,12.75,6.63
2025-11-11,Coffee Mug,Home & Kitchen,East,4,16.54,66.16,40.84
2025-11-11,Sticky Notes,Stationery,Central,3,14.6,43.8,30.01
2025-11-11,Water Bottle,Home & Kitchen,East,5,8.93,44.65,26.92
2025-11-11,Office Chair,Furniture,East,7,142.56,997.92,609.36
2025-11-11,Sticky Notes,Stationery,North,2,3.12,6.24,4.04
2025-11-11,Coffee Mug,Home & Kitchen,West,6,9.14,54.84,29.58
2025-11-11,Notebook Set,Stationery,East,2,7.9,15.8,10.61
2025-11-11,Mechanical Keyboard,Electronics,North,6,47.29,283.74,166.98
2025-11-11,Sticky Notes,Stationery,South,5,10.18,50.9,31.28
2025-11-11,USB-C Hub,Electronics,Central,2,21.15,42.3,25.73
2025-11-11,Desk Lamp,Furniture,Central,6,338.67,2032.02,1086.83
2025-11-11,Coffee Mug,Home & Kitchen,South,2,29.97,59.94,40.08
2025-11-11,Wireless Mouse,Electronics,South,4,42.47,169.88,94.26
2025-11-11,Mechanical Keyboard,Electronics,West,2,49.85,99.7,56.58
2025-11-11,Office Chair,Furniture,East,1,314.01,314.01,198.19
2025-11-11,Sticky Notes,Stationery,West,2,14.49,28.98,18.46
2025-11-11,Notebook Set,Stationery,West,1,8.04,8.04,4.23
2025-11-11,Office Chair,Furniture,West,5,289.29,1446.45,1003.96
2025-11-11,Wireless Mouse,Electronics,West,5,63.01,315.05,203.99
2025-11-11,Sticky Notes,Stationery,South,6,7.11,42.66,26.15
2025-11-11,Wireless Mouse,Electronics,West,2,76.95,153.9,91.04
2025-11-11,Standing Desk,Furniture,East,1,142.78,142.78,95.58
2025-11-11,Notebook Set,Stationery,West,4,3.38,13.52,8.02
2025-11-11,Notebook Set,Stationery,North,3,3.73,11.19,6.36
2025-11-11,Wireless Mouse,Electronics,Central,6,57.08,342.48,185.07
2025-11-11,Sticky Notes,Stationery,North,1,10.31,10.31,6.34
2025-11-11,Mechanical Keyboard,Electronics,West,5,90.74,453.7,272.31
2025-11-11,Mechanical Keyboard,Electronics,East,8,96.51,772.08,445.8
2025-11-11,Water Bottle,Home & Kitchen,West,6,11.2,67.2,40.87
2025-11-11,Notebook Set,Stationery,South,7,8.79,61.53,40.05
2025-11-11,USB-C Hub,Electronics,Central,8,25.91,207.28,137.36
2025-11-11,Desk Lamp,Furniture,North,5,140.81,704.05,368.54
2025-11-11,USB-C Hub,Electronics,North,3,71.47,214.41,122.2
2025-11-11,Ballpoint Pens (Pack),Stationery,North,6,5.23,31.38,16.66
2025-11-11,Coffee Mug,Home & Kitchen,East,5,23.58,117.9,76.39
2025-11-11,USB-C Hub,Electronics,South,1,118.88,118.88,60.02
2025-11-11,Wireless Mouse,Electronics,Central,5,91.75,458.75,266.56
2025-11-11,Ballpoint Pens (Pack),Stationery,South,4,7.22,28.88,15.02
2025-11-12,Wireless Mouse,Electronics,West,4,68.87,275.48,172.37
2025-11-12,Desk Lamp,Furniture,West,8,231.8,1854.4,1176.17
2025-11-12,Coffee Mug,Home & Kitchen,East,7,12.3,86.1,51.47
2025-11-12,Wireless Mouse,Electronics,North,8,116.87,934.96,469.1
2025-11-12,Notebook Set,Stationery,South,5,14.97,74.85,47.09
2025-11-12,Coffee Mug,Home & Kitchen,Central,3,13.01,39.03,26.86
2025-11-12,Mechanical Keyboard,Electronics,Central,2,53.41,106.82,73.19
2025-11-12,Office Chair,Furniture,West,6,325.11,1950.66,1336.57
2025-11-12,Ballpoint Pens (Pack),Stationery,East,6,2.12,12.72,6.89
2025-11-12,Desk Lamp,Furniture,North,2,108.48,216.96,112.97
2025-11-12,Mechanical Keyboard,Electronics,South,5,79.52,397.6,239.08
2025-11-12,USB-C Hub,Electronics,South,2,105.91,211.82,110.3
2025-11-12,Sticky Notes,Stationery,Central,1,6.47,6.47,3.76
2025-11-12,Desk Lamp,Furniture,Central,4,301.44,1205.76,608.76
2025-11-12,Mechanical Keyboard,Electronics,East,6,28.54,171.24,86.0
2025-11-12,Sticky Notes,Stationery,Central,3,5.99,17.97,9.04
2025-11-12,Ballpoint Pens (Pack),Stationery,East,6,14.13,84.78,52.67
2025-11-12,Sticky Notes,Stationery,Central,8,3.57,28.56,16.84
2025-11-12,Coffee Mug,Home & Kitchen,East,2,8.58,17.16,11.64
2025-11-12,Desk Lamp,Furniture,South,6,294.84,1769.04,989.56
2025-11-12,Water Bottle,Home & Kitchen,West,8,14.09,112.72,63.44
2025-11-12,Ballpoint Pens (Pack),Stationery,East,2,7.25,14.5,9.11
2025-11-12,Office Chair,Furniture,South,6,215.56,1293.36,871.65
2025-11-12,USB-C Hub,Electronics,West,5,110.1,550.5,321.54
2025-11-12,Coffee Mug,Home & Kitchen,Central,6,22.65,135.9,68.14
2025-11-13,Coffee Mug,Home & Kitchen,Central,4,18.16,72.64,40.28
2025-11-13,Desk Lamp,Furniture,West,4,213.95,855.8,454.84
2025-11-13,Sticky Notes,Stationery,West,7,7.71,53.97,35.54
2025-11-13,Mechanical Keyboard,Electronics,South,2,17.26,34.52,17.48
2025-11-13,Sticky Notes,Stationery,Central,4,11.42,45.68,28.94
2025-11-13,Office Chair,Furniture,North,1,192.46,192.46,108.43
2025-11-13,Standing Desk,Furniture,South,3,327.64,982.92,501.89
2025-11-13,Ballpoint Pens (Pack),Stationery,East,7,7.29,51.03,33.98
2025-11-13,Mechanical Keyboard,Electronics,North,7,119.72,838.04,493.05
2025-11-13,USB-C Hub,Electronics,Central,6,54.13,324.78,193.29
2025-11-13,Sticky Notes,Stationery,East,1,12.68,12.68,6.56
2025-11-13,Coffee Mug,Home & Kitchen,Central,3,8.14,24.42,13.87
2025-11-13,Notebook Set,Stationery,Central,3,9.82,29.46,15.6
2025-11-13,USB-C Hub,Electronics,East,2,100.88,201.76,119.48
2025-11-13,Notebook Set,Stationery,Central,1,8.37,8.37,4.46
2025-11-13,Coffee Mug,Home & Kitchen,Central,7,10.68,74.76,46.44
2025-11-13,Standing Desk,Furniture,North,6,197.79,1186.74,703.21
2025-11-13,USB-C Hub,Electronics,Central,3,52.76,158.28,89.78
2025-11-13,Mechanical Keyboard,Electronics,East,7,110.78,775.46,418.75
2025-11-13,Wireless Mouse,Electronics,Central,6,39.03,234.18,122.05
2025-11-13,Water Bottle,Home & Kitchen,East,4,16.37,65.48,43.16
2025-11-13,Standing Desk,Furniture,Central,4,253.91,1015.64,529.93
2025-11-13,Mechanical Keyboard,Electronics,West,5,33.21,166.05,103.75
2025-11-13,Desk Lamp,Furniture,West,7,315.74,2210.18,1304.93
2025-11-13,Desk Lamp,Furniture,South,5,255.18,1275.9,769.88
2025-11-14,Mechanical Keyboard,Electronics,South,4,43.72,174.88,116.1
2025-11-14,Wireless Mouse,Electronics,North,5,47.11,235.55,118.23
2025-11-14,Notebook Set,Stationery,North,4,12.12,48.48,29.28
2025-11-14,Office Chair,Furniture,West,4,212.6,850.4,479.61
2025-11-14,Sticky Notes,Stationery,West,4,10.17,40.68,25.26
2025-11-14,Office Chair,Furniture,Central,5,344.18,1720.9,1022.43
2025-11-14,Office Chair,Furniture,South,1,85.35,85.35,58.22
2025-11-14,Water Bottle,Home & Kitchen,North,7,28.43,199.01,128.45
2025-11-14,Ballpoint Pens (Pack),Stationery,Central,8,14.17,113.36,57.14
2025-11-14,Desk Lamp,Furniture,West,5,60.05,300.25,152.38
2025-11-14,Wireless Mouse,Electronics,North,2,70.48,140.96,75.7
2025-11-14,Mechanical Keyboard,Electronics,North,1,98.09,98.09,63.76
2025-11-14,Coffee Mug,Home & Kitchen,North,1,16.99,16.99,10.66
2025-11-14,Notebook Set,Stationery,South,5,2.46,12.3,8.05
2025-11-14,Ballpoint Pens (Pack),Stationery,Central,5,13.02,65.1,32.75
2025-11-14,Mechanical Keyboard,Electronics,South,6,97.24,583.44,402.78
2025-11-14,Office Chair,Furniture,East,4,181.84,727.36,477.35
2025-11-14,Office Chair,Furniture,West,1,159.4,159.4,89.61
2025-11-14,Water Bottle,Home & Kitchen,West,7,20.4,142.8,80.14
2025-11-14,Water Bottle,Home & Kitchen,Central,5,22.23,111.15,70.97
2025-11-14,Notebook Set,Stationery,North,8,14.82,118.56,74.37
2025-11-14,Sticky Notes,Stationery,North,5,6.27,31.35,16.21
2025-11-14,Standing Desk,Furniture,East,8,141.77,1134.16,789.03
2025-11-14,Water Bottle,Home & Kitchen,South,8,11.75,94.0,58.76
2025-11-14,Mechanical Keyboard,Electronics,South,2,95.0,190.0,112.0
2025-11-14,Mechanical Keyboard,Electronics,West,1,25.21,25.21,16.25
2025-11-14,Coffee Mug,Home & Kitchen,East,3,27.18,81.54,44.64
2025-11-14,Wireless Mouse,Electronics,Central,5,31.31,156.55,96.6
2025-11-14,Desk Lamp,Furniture,East,5,347.71,1738.55,1063.93
2025-11-14,USB-C Hub,Electronics,Central,3,100.86,302.58,186.34
2025-11-14,Water Bottle,Home & Kitchen,West,4,23.29,93.16,65.18
2025-11-14,USB-C Hub,Electronics,East,2,119.97,239.94,150.31
2025-11-14,Desk Lamp,Furniture,South,5,345.42,1727.1,997.78
2025-11-14,Coffee Mug,Home & Kitchen,Central,7,21.05,147.35,92.73
2025-11-14,Wireless Mouse,Electronics,West,6,105.65,633.9,338.54
2025-11-14,Office Chair,Furniture,East,1,189.31,189.31,116.1
2025-11-14,Ballpoint Pens (Pack),Stationery,East,4,8.46,33.84,18.0
2025-11-14,Desk Lamp,Furniture,Central,8,314.8,2518.4,1293.71
2025-11-14,Desk Lamp,Furniture,North,4,186.71,746.84,466.77
2025-11-14,Office Chair,Furniture,Central,7,122.87,860.09,468.6
2025-11-14,Office Chair,Furniture,West,3,277.27,831.81,548.4
2025-11-14,Sticky Notes,Stationery,North,2,6.84,13.68,8.81
2025-11-14,Office Chair,Furniture,Central,7,212.52,1487.64,833.54
2025-11-14,Mechanical Keyboard,Electronics,North,6,33.69,202.14,118.84
2025-11-15,Mechanical Keyboard,Electronics,North,1,17.54,17.54,11.08
2025-11-15,Water Bottle,Home & Kitchen,West,6,16.64,99.84,52.49
2025-11-15,Coffee Mug,Home & Kitchen,East,8,27.71,221.68,129.65
2025-11-15,Wireless Mouse,Electronics,North,3,78.81,236.43,135.18
2025-11-15,Sticky Notes,Stationery,South,2,3.31,6.62,4.28
2025-11-15,Ballpoint Pens (Pack),Stationery,North,2,8.68,17.36,12.15
2025-11-15,Mechanical Keyboard,Electronics,West,3,86.96,260.88,152.48
2025-11-15,Sticky Notes,Stationery,Central,5,9.62,48.1,24.89
2025-11-15,Office Chair,Furniture,South,3,178.29,534.87,326.66
2025-11-15,Ballpoint Pens (Pack),Stationery,South,8,8.63,69.04,42.4
2025-11-15,USB-C Hub,Electronics,Central,8,93.06,744.48,517.81
2025-11-16,Standing Desk,Furniture,South,1,155.9,155.9,96.14
2025-11-16,Wireless Mouse,Electronics,East,1,73.72,73.72,41.99
2025-11-16,Office Chair,Furniture,West,4,236.35,945.4,644.9
2025-11-16,Coffee Mug,Home & Kitchen,South,6,11.56,69.36,35.62
2025-11-16,Desk Lamp,Furniture,North,6,85.19,511.14,346.06
2025-11-16,USB-C Hub,Electronics,Central,8,18.36,146.88,92.57
2025-11-16,Office Chair,Furniture,Central,3,330.04,990.12,583.03
2025-11-16,Standing Desk,Furniture,East,6,309.15,1854.9,1168.99
2025-11-16,Water Bottle,Home & Kitchen,North,8,17.83,142.64,91.24
2025-11-16,Standing Desk,Furniture,East,3,324.77,974.31,532.21
2025-11-16,Water Bottle,Home & Kitchen,East,3,20.04,60.12,37.08
2025-11-16,Desk Lamp,Furniture,North,2,184.65,369.3,210.29
2025-11-16,USB-C Hub,Electronics,South,2,107.16,214.32,140.51
2025-11-16,Standing Desk,Furniture,Central,5,264.6,1323.0,752.02
2025-11-16,Desk Lamp,Furniture,West,6,224.96,1349.76,749.61
2025-11-16,USB-C Hub,Electronics,East,1,114.38,114.38,65.43
2025-11-16,Coffee Mug,Home & Kitchen,East,8,27.72,221.76,141.33
2025-11-16,Notebook Set,Stationery,East,4,5.9,23.6,12.51
2025-11-16,Sticky Notes,Stationery,Central,1,7.48,7.48,4.46
2025-11-16,Standing Desk,Furniture,Central,1,192.26,192.26,120.6
2025-11-16,Ballpoint Pens (Pack),Stationery,South,4,3.3,13.2,7.8
2025-11-16,Mechanical Keyboard,Electronics,North,1,86.86,86.86,60.66
2025-11-16,USB-C Hub,Electronics,Central,7,59.59,417.13,262.76
2025-11-16,Office Chair,Furniture,East,2,305.9,611.8,409.53
2025-11-16,Ballpoint Pens (Pack),Stationery,Central,2,5.45,10.9,6.62
2025-11-16,Water Bottle,Home & Kitchen,South,6,25.09,150.54,101.68
2025-11-16,Office Chair,Furniture,East,7,128.46,899.22,450.78
2025-11-17,Sticky Notes,Stationery,North,2,14.51,29.02,18.55
2025-11-17,Notebook Set,Stationery,North,1,6.75,6.75,4.51
2025-11-17,Office Chair,Furniture,North,2,322.96,645.92,367.01
2025-11-17,Coffee Mug,Home & Kitchen,South,4,13.5,54.0,28.12
2025-11-17,Standing Desk,Furniture,West,7,344.35,2410.45,1247.2
2025-11-17,Desk Lamp,Furniture,Central,2,146.89,293.78,172.92
2025-11-17,Mechanical Keyboard,Electronics,West,4,92.61,370.44,242.08
2025-11-17,Mechanical Keyboard,Electronics,South,8,107.16,857.28,429.11
2025-11-17,Notebook Set,Stationery,North,8,10.64,85.12,50.89
2025-11-17,Ballpoint Pens (Pack),Stationery,West,8,6.97,55.76,37.84
2025-11-17,Mechanical Keyboard,Electronics,West,3,48.65,145.95,86.25
2025-11-17,Ballpoint Pens (Pack),Stationery,South,1,14.13,14.13,7.97
2025-11-17,Desk Lamp,Furniture,West,2,215.14,430.28,288.35
2025-11-17,Water Bottle,Home & Kitchen,East,1,22.82,22.82,15.58
2025-11-17,USB-C Hub,Electronics,West,1,93.75,93.75,53.48
2025-11-17,Ballpoint Pens (Pack),Stationery,West,2,6.68,13.36,8.01
2025-11-17,Office Chair,Furniture,West,6,116.94,701.64,428.77
2025-11-17,Water Bottle,Home & Kitchen,North,2,18.78,37.56,22.79
2025-11-17,Coffee Mug,Home & Kitchen,Central,4,18.67,74.68,45.58
2025-11-17,Standing Desk,Furniture,West,2,266.37,532.74,300.77
2025-11-17,Water Bottle,Home & Kitchen,North,5,12.98,64.9,41.67
2025-11-17,Mechanical Keyboard,Electronics,South,5,81.62,408.1,213.25
2025-11-17,Standing Desk,Furniture,South,8,321.03,2568.24,1468.97
2025-11-18,Coffee Mug,Home & Kitchen,West,6,25.69,154.14,106.17
2025-11-18,Ballpoint Pens (Pack),Stationery,South,1,12.48,12.48,7.97
2025-11-18,USB-C Hub,Electronics,East,2,70.0,140.0,94.26
2025-11-18,Wireless Mouse,Electronics,West,1,56.43,56.43,32.72
2025-11-18,USB-C Hub,Electronics,East,1,68.37,68.37,42.84
2025-11-18,Wireless Mouse,Electronics,North,3,64.22,192.66,119.49
2025-11-18,USB-C Hub,Electronics,East,8,17.59,140.72,74.8
2025-11-18,Sticky Notes,Stationery,South,6,12.4,74.4,40.65
2025-11-18,Mechanical Keyboard,Electronics,West,6,40.27,241.62,139.3
2025-11-18,Coffee Mug,Home & Kitchen,North,4,14.18,56.72,35.32
2025-11-18,Notebook Set,Stationery,Central,3,10.51,31.53,18.36
2025-11-18,Mechanical Keyboard,Electronics,Central,6,61.34,368.04,187.79
2025-11-18,Office Chair,Furniture,North,6,132.93,797.58,486.27
2025-11-18,Water Bottle,Home & Kitchen,West,5,14.98,74.9,47.1
2025-11-18,Office Chair,Furniture,South,2,317.17,634.34,319.47
2025-11-18,USB-C Hub,Electronics,North,6,89.17,535.02,374.5
2025-11-18,Sticky Notes,Stationery,South,7,6.91,48.37,29.05
2025-11-18,Coffee Mug,Home & Kitchen,East,8,8.34,66.72,40.1
2025-11-18,USB-C Hub,Electronics,North,5,69.67,348.35,204.07
2025-11-18,USB-C Hub,Electronics,Central,6,65.24,391.44,264.77
2025-11-18,Notebook Set,Stationery,West,2,10.37,20.74,13.91
2025-11-18,Wireless Mouse,Electronics,South,7,109.46,766.22,404.36
2025-11-18,Water Bottle,Home & Kitchen,West,4,16.94,67.76,39.09
2025-11-18,Coffee Mug,Home & Kitchen,North,2,11.5,23.0,15.15
2025-11-18,Coffee Mug,Home & Kitchen,North,8,24.54,196.32,111.47
2025-11-18,Water Bottle,Home & Kitchen,Central,3,14.03,42.09,26.58
2025-11-18,Office Chair,Furniture,North,2,136.34,272.68,151.59
2025-11-18,Sticky Notes,Stationery,Central,3,14.72,44.16,23.99
2025-11-18,Notebook Set,Stationery,West,3,10.87,32.61,20.14
2025-11-18,Mechanical Keyboard,Electronics,East,8,38.44,307.52,211.24
2025-11-18,USB-C Hub,Electronics,North,6,71.46,428.76,282.55
2025-11-18,Mechanical Keyboard,Electronics,West,5,84.54,422.7,222.11
2025-11-18,Notebook Set,Stationery,Central,7,5.57,38.99,24.15
2025-11-18,Mechanical Keyboard,Electronics,East,3,41.13,123.39,77.61
2025-11-18,Wireless Mouse,Electronics,South,1,22.36,22.36,11.65
2025-11-18,Mechanical Keyboard,Electronics,West,5,66.66,333.3,211.37
2025-11-18,Office Chair,Furniture,West,7,141.92,993.44,627.32
2025-11-18,Water Bottle,Home & Kitchen,West,6,8.42,50.52,29.13
2025-11-18,Wireless Mouse,Electronics,North,6,87.6,525.6,328.43
2025-11-18,Notebook Set,Stationery,North,4,6.7,26.8,15.24
2025-11-18,Coffee Mug,Home & Kitchen,South,7,26.11,182.77,112.88
2025-11-18,Mechanical Keyboard,Electronics,Central,5,118.74,593.7,324.83
2025-11-19,Standing Desk,Furniture,South,4,284.28,1137.12,618.69
2025-11-19,Wireless Mouse,Electronics,West,2,78.73,157.46,101.74
2025-11-19,Water Bottle,Home & Kitchen,North,7,19.77,138.39,70.51
2025-11-19,Water Bottle,Home & Kitchen,North,8,22.4,179.2,124.8
2025-11-19,Office Chair,Furniture,East,2,307.22,614.44,390.42
2025-11-19,Standing Desk,Furniture,South,8,98.2,785.6,530.72
2025-11-19,Sticky Notes,Stationery,East,3,7.96,23.88,12.86
2025-11-19,Desk Lamp,Furniture,West,5,181.38,906.9,501.27
2025-11-19,Office Chair,Furniture,West,5,226.56,1132.8,788.85
2025-11-19,Desk Lamp,Furniture,Central,1,208.76,208.76,144.74
2025-11-19,Wireless Mouse,Electronics,South,6,26.31,157.86,106.26
2025-11-19,Notebook Set,Stationery,North,3,5.07,15.21,10.19
2025-11-19,Mechanical Keyboard,Electronics,North,3,33.33,99.99,50.49
2025-11-19,Coffee Mug,Home & Kitchen,South,3,12.16,36.48,18.25
2025-11-19,Coffee Mug,Home & Kitchen,Central,8,11.27,90.16,48.61
2025-11-19,Office Chair,Furniture,North,1,119.09,119.09,62.4
2025-11-19,Standing Desk,Furniture,North,1,100.01,100.01,56.07
2025-11-19,Sticky Notes,Stationery,West,1,13.11,13.11,7.88
2025-11-19,USB-C Hub,Electronics,East,8,87.53,700.24,433.02
2025-11-19,USB-C Hub,Electronics,West,7,76.52,535.64,296.56
2025-11-19,Desk Lamp,Furniture,North,3,244.48,733.44,430.18
2025-11-19,Coffee Mug,Home & Kitchen,South,8,11.55,92.4,59.77
2025-11-19,Desk Lamp,Furniture,South,4,202.03,808.12,412.52
2025-11-19,USB-C Hub,Electronics,West,5,94.11,470.55,267.67
2025-11-19,Standing Desk,Furniture,South,3,179.29,537.87,372.67
2025-11-19,Office Chair,Furniture,North,3,210.36,631.08,433.74
2025-11-19,Ballpoint Pens (Pack),Stationery,Central,1,14.63,14.63,8.21
2025-11-19,Ballpoint Pens (Pack),Stationery,South,5,5.54,27.7,18.74
2025-11-19,Office Chair,Furniture,West,7,80.88,566.16,308.37
2025-11-19,Water Bottle,Home & Kitchen,Central,2,12.23,24.46,15.68
2025-11-19,Standing Desk,Furniture,Central,5,283.99,1419.95,789.56
2025-11-19,Water Bottle,Home & Kitchen,North,6,22.26,133.56,80.42
2025-11-19,Wireless Mouse,Electronics,West,7,91.04,637.28,379.22
2025-11-19,Notebook Set,Stationery,South,6,12.55,75.3,49.95
2025-11-19,Wireless Mouse,Electronics,South,7,95.85,670.95,383.76
2025-11-20,USB-C Hub,Electronics,West,1,103.62,103.62,64.93
2025-11-20,Water Bottle,Home & Kitchen,South,3,8.83,26.49,16.36
2025-11-20,Mechanical Keyboard,Electronics,North,1,73.71,73.71,49.92
2025-11-20,Mechanical Keyboard,Electronics,North,4,104.47,417.88,217.72
2025-11-20,Mechanical Keyboard,Electronics,East,2,63.88,127.76,88.82
2025-11-20,Mechanical Keyboard,Electronics,West,3,92.29,276.87,188.09
2025-11-20,Desk Lamp,Furniture,South,8,198.69,1589.52,890.96
2025-11-20,USB-C Hub,Electronics,North,6,72.65,435.9,258.88
2025-11-20,Desk Lamp,Furniture,Central,8,133.8,1070.4,592.06
2025-11-20,USB-C Hub,Electronics,East,7,57.52,402.64,222.81
2025-11-20,USB-C Hub,Electronics,North,1,16.53,16.53,11.42
2025-11-20,Mechanical Keyboard,Electronics,West,1,78.37,78.37,39.89
2025-11-20,Office Chair,Furniture,North,3,335.15,1005.45,688.87
2025-11-20,Wireless Mouse,Electronics,Central,1,53.95,53.95,32.37
2025-11-20,Mechanical Keyboard,Electronics,East,2,115.53,231.06,126.38
2025-11-20,Standing Desk,Furniture,South,2,250.85,501.7,307.76
2025-11-20,Coffee Mug,Home & Kitchen,North,6,21.98,131.88,80.96
2025-11-20,Desk Lamp,Furniture,East,8,267.64,2141.12,1428.16
2025-11-20,Sticky Notes,Stationery,North,7,7.04,49.28,26.6
2025-11-20,Notebook Set,Stationery,South,5,3.54,17.7,12.39
2025-11-20,Water Bottle,Home & Kitchen,South,6,14.72,88.32,56.97
2025-11-20,Wireless Mouse,Electronics,East,6,43.14,258.84,158.09
2025-11-20,Ballpoint Pens (Pack),Stationery,North,1,7.08,7.08,4.76
2025-11-20,USB-C Hub,Electronics,West,7,24.95,174.65,97.7
2025-11-20,Ballpoint Pens (Pack),Stationery,West,1,9.82,9.82,6.82
2025-11-20,Coffee Mug,Home & Kitchen,West,3,13.09,39.27,26.13
2025-11-20,Coffee Mug,Home & Kitchen,Central,6,25.53,153.18,92.27
2025-11-20,Standing Desk,Furniture,Central,7,163.29,1143.03,773.06
2025-11-20,Wireless Mouse,Electronics,South,2,97.38,194.76,99.9
2025-11-20,Office Chair,Furniture,North,4,97.63,390.52,246.96
2025-11-20,Desk Lamp,Furniture,North,8,283.29,2266.32,1217.2
2025-11-20,Water Bottle,Home & Kitchen,West,3,23.13,69.39,38.11
2025-11-20,Standing Desk,Furniture,East,8,248.57,1988.56,1198.79
2025-11-20,Notebook Set,Stationery,West,1,14.0,14.0,7.74
2025-11-20,Notebook Set,Stationery,North,2,12.6,25.2,15.96
2025-11-21,USB-C Hub,Electronics,East,5,82.13,410.65,284.82
2025-11-21,Desk Lamp,Furniture,North,6,86.79,520.74,316.38
2025-11-21,Wireless Mouse,Electronics,South,1,57.12,57.12,39.72
2025-11-21,Ballpoint Pens (Pack),Stationery,Central,8,10.15,81.2,52.83
2025-11-21,Mechanical Keyboard,Electronics,Central,5,82.12,410.6,208.97
2025-11-21,Office Chair,Furniture,West,7,326.06,2282.42,1394.83
2025-11-21,Ballpoint Pens (Pack),Stationery,Central,2,11.26,22.52,13.19
2025-11-21,Wireless Mouse,Electronics,West,6,115.06,690.36,360.03
2025-11-21,USB-C Hub,Electronics,East,3,64.78,194.34,111.8
2025-11-21,Water Bottle,Home & Kitchen,North,6,16.61,99.66,55.39
2025-11-21,Office Chair,Furniture,North,7,64.34,450.38,227.86
2025-11-21,Water Bottle,Home & Kitchen,East,3,12.46,37.38,18.71
2025-11-21,Coffee Mug,Home & Kitchen,West,4,23.16,92.64,53.95
2025-11-21,Notebook Set,Stationery,Central,5,2.86,14.3,7.58
2025-11-21,Coffee Mug,Home & Kitchen,North,8,21.76,174.08,104.44
2025-11-21,Coffee Mug,Home & Kitchen,East,3,11.32,33.96,17.03
2025-11-21,Office Chair,Furniture,Central,1,313.1,313.1,194.65
2025-11-21,USB-C Hub,Electronics,Central,4,96.38,385.52,195.32
2025-11-22,Coffee Mug,Home & Kitchen,West,1,22.84,22.84,15.51
2025-11-22,Office Chair,Furniture,West,1,152.52,152.52,81.73
2025-11-22,USB-C Hub,Electronics,Central,2,62.41,124.82,84.76
2025-11-22,Desk Lamp,Furniture,East,5,116.6,583.0,351.03
2025-11-22,Sticky Notes,Stationery,West,2,2.36,4.72,2.71
2025-11-22,Notebook Set,Stationery,Central,4,10.24,40.96,24.64
2025-11-23,Ballpoint Pens (Pack),Stationery,East,6,7.84,47.04,25.72
2025-11-23,USB-C Hub,Electronics,Central,3,39.26,117.78,78.23
2025-11-23,Standing Desk,Furniture,West,2,200.73,401.46,207.22
2025-11-23,Office Chair,Furniture,Central,6,88.38,530.28,310.24
2025-11-23,Mechanical Keyboard,Electronics,North,2,30.72,61.44,35.78
2025-11-23,Mechanical Keyboard,Electronics,Central,7,101.73,712.11,462.07
2025-11-23,Notebook Set,Stationery,South,6,8.2,49.2,34.37
2025-11-23,Coffee Mug,Home & Kitchen,North,6,14.2,85.2,51.42
2025-11-23,Mechanical Keyboard,Electronics,North,4,104.93,419.72,286.67
2025-11-23,Standing Desk,Furniture,Central,3,306.24,918.72,533.88
2025-11-23,Mechanical Keyboard,Electronics,South,8,68.82,550.56,373.59
2025-11-23,Mechanical Keyboard,Electronics,South,3,57.58,172.74,107.37
2025-11-23,Notebook Set,Stationery,South,5,4.25,21.25,11.48
2025-11-23,Notebook Set,Stationery,East,8,3.89,31.12,20.03
2025-11-23,Office Chair,Furniture,East,1,284.4,284.4,198.6
2025-11-23,Wireless Mouse,Electronics,East,5,67.01,335.05,175.57
2025-11-23,USB-C Hub,Electronics,East,5,92.61,463.05,283.37
2025-11-23,Coffee Mug,Home & Kitchen,Central,1,11.94,11.94,7.32
2025-11-23,USB-C Hub,Electronics,East,5,94.97,474.85,252.25
2025-11-23,Ballpoint Pens (Pack),Stationery,West,6,2.59,15.54,8.46
2025-11-23,Mechanical Keyboard,Electronics,Central,8,46.53,372.24,234.15
2025-11-23,Coffee Mug,Home & Kitchen,East,1,17.78,17.78,9.91
2025-11-23,Ballpoint Pens (Pack),Stationery,South,4,6.25,25.0,12.62
2025-11-23,Coffee Mug,Home & Kitchen,North,4,23.23,92.92,62.12
2025-11-23,Water Bottle,Home & Kitchen,Central,6,21.62,129.72,87.31
2025-11-23,Notebook Set,Stationery,West,4,9.47,37.88,19.83
2025-11-24,Wireless Mouse,Electronics,West,4,80.94,323.76,202.37
2025-11-24,Mechanical Keyboard,Electronics,East,2,79.44,158.88,91.91
2025-11-24,Ballpoint Pens (Pack),Stationery,North,8,5.77,46.16,23.25
2025-11-24,Water Bottle,Home & Kitchen,East,7,25.12,175.84,105.37
2025-11-24,Coffee Mug,Home & Kitchen,North,1,25.4,25.4,15.41
2025-11-24,Coffee Mug,Home & Kitchen,West,8,9.99,79.92,49.91
2025-11-24,Mechanical Keyboard,Electronics,North,8,20.78,166.24,102.73
2025-11-24,Mechanical Keyboard,Electronics,East,8,75.8,606.4,373.64
2025-11-24,Notebook Set,Stationery,Central,5,5.22,26.1,13.72
2025-11-24,Water Bottle,Home & Kitchen,East,5,24.42,122.1,69.11
2025-11-24,Wireless Mouse,Electronics,East,3,107.64,322.92,166.98
2025-11-24,Notebook Set,Stationery,West,6,13.46,80.76,55.29
2025-11-24,Standing Desk,Furniture,North,4,316.29,1265.16,667.87
2025-11-24,Sticky Notes,Stationery,North,7,12.74,89.18,48.38
2025-11-24,Notebook Set,Stationery,South,2,13.16,26.32,16.39
2025-11-24,Ballpoint Pens (Pack),Stationery,South,2,6.17,12.34,7.62
2025-11-24,Office Chair,Furniture,West,3,263.96,791.88,469.15
2025-11-24,Notebook Set,Stationery,North,8,3.67,29.36,16.2
2025-11-24,Desk Lamp,Furniture,West,3,248.09,744.27,444.17
2025-11-24,Coffee Mug,Home & Kitchen,Central,5,21.85,109.25,72.03
2025-11-24,Mechanical Keyboard,Electronics,Central,3,55.43,166.29,109.65
2025-11-24,Coffee Mug,Home & Kitchen,South,7,16.09,112.63,78.69
2025-11-24,Wireless Mouse,Electronics,North,3,106.12,318.36,219.21
2025-11-24,Wireless Mouse,Electronics,South,5,77.0,385.0,213.29
2025-11-24,Ballpoint Pens (Pack),Stationery,West,1,8.78,8.78,5.44
2025-11-24,Office Chair,Furniture,West,2,163.88,327.76,184.08
2025-11-24,Office Chair,Furniture,East,8,134.67,1077.36,710.0
2025-11-24,Office Chair,Furniture,South,5,330.66,1653.3,885.16
2025-11-25,Wireless Mouse,Electronics,South,2,46.88,93.76,61.27
2025-11-25,Ballpoint Pens (Pack),Stationery,East,1,7.95,7.95,4.59
2025-11-25,USB-C Hub,Electronics,South,8,107.54,860.32,433.34
2025-11-25,Desk Lamp,Furniture,North,1,172.22,172.22,93.21
2025-11-25,Sticky Notes,Stationery,Central,1,14.07,14.07,7.59
2025-11-25,USB-C Hub,Electronics,Central,8,68.39,547.12,348.53
2025-11-25,Ballpoint Pens (Pack),Stationery,South,4,14.6,58.4,35.48
2025-11-25,Desk Lamp,Furniture,North,4,284.92,1139.68,792.04
2025-11-25,Wireless Mouse,Electronics,North,3,37.07,111.21,74.17
2025-11-25,Standing Desk,Furniture,South,2,162.94,325.88,189.5
2025-11-25,Sticky Notes,Stationery,Central,4,9.92,39.68,25.58
2025-11-25,Wireless Mouse,Electronics,East,8,48.77,390.16,200.98
2025-11-25,Sticky Notes,Stationery,North,2,13.38,26.76,16.3
2025-11-25,Sticky Notes,Stationery,Central,2,3.45,6.9,3.59
2025-11-25,Office Chair,Furniture,Central,5,91.12,455.6,285.36
2025-11-25,Wireless Mouse,Electronics,South,4,113.07,452.28,231.63
2025-11-25,Ballpoint Pens (Pack),Stationery,North,6,7.57,45.42,27.18
2025-11-25,Mechanical Keyboard,Electronics,Central,7,76.43,535.01,315.07
2025-11-25,Notebook Set,Stationery,South,7,11.54,80.78,51.97
2025-11-25,Ballpoint Pens (Pack),Stationery,East,6,11.81,70.86,47.15
2025-11-25,Sticky Notes,Stationery,South,7,11.21,78.47,48.03
2025-11-25,Wireless Mouse,Electronics,East,2,62.22,124.44,84.94
2025-11-25,Wireless Mouse,Electronics,South,4,50.86,203.44,103.31
2025-11-25,USB-C Hub,Electronics,Central,6,49.41,296.46,174.26
2025-11-25,Mechanical Keyboard,Electronics,North,7,69.19,484.33,317.48
2025-11-25,Ballpoint Pens (Pack),Stationery,South,7,13.95,97.65,50.36
2025-11-25,Water Bottle,Home & Kitchen,North,1,20.7,20.7,11.82
2025-11-25,Mechanical Keyboard,Electronics,South,1,26.45,26.45,16.1
2025-11-25,Notebook Set,Stationery,South,5,11.92,59.6,39.0
2025-11-25,USB-C Hub,Electronics,East,8,98.59,788.72,529.45
2025-11-25,Desk Lamp,Furniture,Central,5,322.19,1610.95,965.36
2025-11-25,Desk Lamp,Furniture,Central,6,250.54,1503.24,1013.29
2025-11-25,USB-C Hub,Electronics,Central,1,105.04,105.04,56.06
2025-11-25,Office Chair,Furniture,West,3,83.9,251.7,176.18
2025-11-25,Desk Lamp,Furniture,North,3,310.03,930.09,528.94
2025-11-26,Desk Lamp,Furniture,South,6,209.1,1254.6,784.74
2025-11-26,Sticky Notes,Stationery,Central,1,6.55,6.55,3.9
2025-11-26,USB-C Hub,Electronics,Central,3,19.55,58.65,39.4
2025-11-26,USB-C Hub,Electronics,Central,3,79.59,238.77,130.46
2025-11-26,Water Bottle,Home & Kitchen,West,6,9.33,55.98,32.59
2025-11-26,Standing Desk,Furniture,North,2,183.93,367.86,247.36
2025-11-26,Mechanical Keyboard,Electronics,South,3,106.26,318.78,209.33
2025-11-26,Ballpoint Pens (Pack),Stationery,South,4,8.69,34.76,20.9
2025-11-26,Office Chair,Furniture,West,1,108.41,108.41,58.91
2025-11-26,Water Bottle,Home & Kitchen,West,2,26.16,52.32,29.35
2025-11-26,Mechanical Keyboard,Electronics,East,8,17.39,139.12,90.6
2025-11-26,Notebook Set,Stationery,North,6,4.13,24.78,12.51
2025-11-26,Standing Desk,Furniture,East,8,179.63,1437.04,920.54
2025-11-26,Standing Desk,Furniture,Central,5,63.8,319.0,208.73
2025-11-26,Notebook Set,Stationery,Central,2,10.81,21.62,12.41
2025-11-26,Desk Lamp,Furniture,East,6,151.62,909.72,477.71
2025-11-26,Desk Lamp,Furniture,East,1,165.78,165.78,83.0
2025-11-26,Ballpoint Pens (Pack),Stationery,North,6,9.95,59.7,37.22
2025-11-26,Water Bottle,Home & Kitchen,South,5,16.07,80.35,55.41
2025-11-26,Sticky Notes,Stationery,South,6,9.86,59.16,31.79
2025-11-26,Office Chair,Furniture,East,6,299.99,1799.94,989.84
2025-11-26,Wireless Mouse,Electronics,Central,8,113.87,910.96,553.61
2025-11-26,USB-C Hub,Electronics,Central,7,54.76,383.32,239.49
2025-11-26,Standing Desk,Furniture,North,7,225.1,1575.7,1039.42
2025-11-26,Mechanical Keyboard,Electronics,North,3,101.82,305.46,200.58
2025-11-26,Office Chair,Furniture,North,2,130.84,261.68,162.12
2025-11-26,Sticky Notes,Stationery,West,5,8.9,44.5,30.85
2025-11-26,Standing Desk,Furniture,Central,2,258.57,517.14,342.58
2025-11-26,USB-C Hub,Electronics,South,2,77.97,155.94,106.18
2025-11-26,Wireless Mouse,Electronics,East,7,74.97,524.79,336.03
2025-11-27,Standing Desk,Furniture,East,7,135.49,948.43,488.64
2025-11-27,Notebook Set,Stationery,West,1,14.37,14.37,9.67
2025-11-27,Office Chair,Furniture,South,7,289.12,2023.84,1267.86
2025-11-27,Sticky Notes,Stationery,West,2,12.8,25.6,14.99
2025-11-27,Notebook Set,Stationery,South,3,14.96,44.88,28.98
2025-11-27,Water Bottle,Home & Kitchen,Central,8,15.45,123.6,74.0
2025-11-27,Water Bottle,Home & Kitchen,South,6,13.92,83.52,48.96
2025-11-27,Mechanical Keyboard,Electronics,Central,3,110.09,330.27,192.44
2025-11-27,Water Bottle,Home & Kitchen,Central,3,23.02,69.06,34.73
2025-11-27,Desk Lamp,Furniture,North,7,200.23,1401.61,841.99
2025-11-27,Water Bottle,Home & Kitchen,North,8,9.21,73.68,46.81
2025-11-27,Office Chair,Furniture,North,4,128.15,512.6,341.24
2025-11-27,Sticky Notes,Stationery,North,4,12.92,51.68,26.08
2025-11-27,Coffee Mug,Home & Kitchen,East,5,9.44,47.2,26.0
2025-11-27,Wireless Mouse,Electronics,South,1,60.76,60.76,36.98
2025-11-27,Desk Lamp,Furniture,South,7,76.55,535.85,310.38
2025-11-27,Coffee Mug,Home & Kitchen,West,8,21.68,173.44,116.11
2025-11-27,Ballpoint Pens (Pack),Stationery,North,8,4.06,32.48,18.36
2025-11-27,Water Bottle,Home & Kitchen,West,2,21.05,42.1,21.58
2025-11-27,Water Bottle,Home & Kitchen,Central,7,29.65,207.55,119.2
2025-11-27,Water Bottle,Home & Kitchen,East,7,21.43,150.01,103.28
2025-11-27,Desk Lamp,Furniture,East,2,182.79,365.58,248.31
2025-11-27,Mechanical Keyboard,Electronics,East,4,45.3,181.2,118.41
2025-11-28,USB-C Hub,Electronics,West,7,84.48,591.36,348.44
2025-11-28,Sticky Notes,Stationery,West,1,4.27,4.27,2.24
2025-11-28,Wireless Mouse,Electronics,East,2,95.16,190.32,105.47
2025-11-28,Wireless Mouse,Electronics,East,8,19.48,155.84,80.11
2025-11-28,Mechanical Keyboard,Electronics,North,6,52.42,314.52,191.14
2025-11-28,Wireless Mouse,Electronics,West,5,79.31,396.55,225.75
2025-11-28,Wireless Mouse,Electronics,Central,5,111.63,558.15,388.47
2025-11-28,USB-C Hub,Electronics,South,4,74.86,299.44,164.49
2025-11-28,Ballpoint Pens (Pack),Stationery,North,4,5.39,21.56,12.88
2025-11-28,Water Bottle,Home & Kitchen,West,2,22.29,44.58,29.64
2025-11-28,Water Bottle,Home & Kitchen,West,4,28.67,114.68,79.85
2025-11-28,Notebook Set,Stationery,North,7,14.89,104.23,62.22
2025-11-28,USB-C Hub,Electronics,East,4,45.37,181.48,98.75
2025-11-28,Sticky Notes,Stationery,East,5,10.92,54.6,33.81
2025-11-28,Wireless Mouse,Electronics,North,6,103.44,620.64,389.29
2025-11-28,Notebook Set,Stationery,North,7,11.63,81.41,47.85
2025-11-28,Coffee Mug,Home & Kitchen,Central,3,15.41,46.23,24.76
2025-11-28,Sticky Notes,Stationery,South,4,11.39,45.56,27.89
2025-11-28,Standing Desk,Furniture,East,2,305.1,610.2,405.82
2025-11-28,Desk Lamp,Furniture,North,6,122.85,737.1,392.85
2025-11-28,USB-C Hub,Electronics,Central,4,54.79,219.16,141.12
2025-11-28,Coffee Mug,Home & Kitchen,Central,7,23.89,167.23,93.74
2025-11-28,Sticky Notes,Stationery,South,6,8.07,48.42,31.35
2025-11-28,Sticky Notes,Stationery,Central,6,9.5,57.0,35.49
2025-11-28,Sticky Notes,Stationery,West,2,9.74,19.48,11.56
2025-11-28,Wireless Mouse,Electronics,West,7,59.03,413.21,267.53
2025-11-28,Water Bottle,Home & Kitchen,West,2,9.77,19.54,10.61
2025-11-28,Desk Lamp,Furniture,North,3,78.39,235.17,145.95
2025-11-28,Office Chair,Furniture,West,5,112.91,564.55,344.13
2025-11-28,Desk Lamp,Furniture,West,5,89.31,446.55,308.63
2025-11-29,Sticky Notes,Stationery,East,4,12.64,50.56,25.65
2025-11-29,Water Bottle,Home & Kitchen,Central,5,13.11,65.55,35.3
2025-11-29,USB-C Hub,Electronics,East,2,52.21,104.42,56.89
2025-11-29,Sticky Notes,Stationery,North,5,12.04,60.2,37.44
2025-11-29,Standing Desk,Furniture,West,6,289.84,1739.04,907.47
2025-11-29,Office Chair,Furniture,East,6,337.45,2024.7,1346.37
2025-11-29,Mechanical Keyboard,Electronics,West,3,68.4,205.2,127.62
2025-11-29,Coffee Mug,Home & Kitchen,South,8,19.88,159.04,95.0
2025-11-29,Office Chair,Furniture,South,4,182.8,731.2,500.48
2025-11-29,Ballpoint Pens (Pack),Stationery,West,2,11.18,22.36,15.24
2025-11-29,USB-C Hub,Electronics,West,7,25.43,178.01,92.12
2025-11-29,USB-C Hub,Electronics,Central,1,72.86,72.86,37.42
2025-11-29,USB-C Hub,Electronics,Central,5,72.34,361.7,231.19
2025-11-30,Mechanical Keyboard,Electronics,Central,7,72.82,509.74,287.91
2025-11-30,Notebook Set,Stationery,East,1,10.22,10.22,6.95
2025-11-30,USB-C Hub,Electronics,Central,1,20.18,20.18,12.41
2025-11-30,Desk Lamp,Furniture,West,3,154.56,463.68,254.79
2025-11-30,Water Bottle,Home & Kitchen,West,3,24.9,74.7,42.26
2025-11-30,Desk Lamp,Furniture,South,7,115.26,806.82,446.29
2025-11-30,Standing Desk,Furniture,South,1,87.06,87.06,51.04
2025-11-30,USB-C Hub,Electronics,North,5,105.0,525.0,329.21
2025-11-30,Coffee Mug,Home & Kitchen,West,3,27.85,83.55,56.03
2025-11-30,USB-C Hub,Electronics,North,2,82.51,165.02,108.04
2025-11-30,Water Bottle,Home & Kitchen,South,4,12.72,50.88,34.76
2025-12-01,Water Bottle,Home & Kitchen,West,3,9.85,29.55,17.32
2025-12-01,Mechanical Keyboard,Electronics,East,6,59.83,358.98,211.0
2025-12-01,Mechanical Keyboard,Electronics,North,8,119.11,952.88,643.09
2025-12-01,Ballpoint Pens (Pack),Stationery,West,6,14.72,88.32,49.3
2025-12-01,Wireless Mouse,Electronics,East,8,93.91,751.28,479.7
2025-12-01,Mechanical Keyboard,Electronics,Central,3,49.75,149.25,94.38
2025-12-01,Office Chair,Furniture,West,3,78.85,236.55,131.51
2025-12-01,Water Bottle,Home & Kitchen,East,6,17.99,107.94,59.49
2025-12-01,Coffee Mug,Home & Kitchen,South,5,29.84,149.2,91.04
2025-12-01,Ballpoint Pens (Pack),Stationery,South,2,10.74,21.48,11.28
2025-12-01,Wireless Mouse,Electronics,East,5,72.47,362.35,196.89
2025-12-01,Standing Desk,Furniture,East,7,113.65,795.55,541.56
2025-12-01,Coffee Mug,Home & Kitchen,South,2,13.33,26.66,14.73
2025-12-01,Ballpoint Pens (Pack),Stationery,South,1,12.31,12.31,6.75
2025-12-01,Ballpoint Pens (Pack),Stationery,West,3,6.37,19.11,11.86
2025-12-01,Sticky Notes,Stationery,East,3,6.54,19.62,11.26
2025-12-01,Sticky Notes,Stationery,West,7,11.72,82.04,53.51
2025-12-01,Standing Desk,Furniture,North,4,60.9,243.6,161.6
2025-12-01,Mechanical Keyboard,Electronics,North,7,30.41,212.87,130.44
2025-12-01,Mechanical Keyboard,Electronics,Central,3,85.5,256.5,171.13
2025-12-01,Notebook Set,Stationery,East,6,11.11,66.66,46.19
2025-12-01,Notebook Set,Stationery,West,1,7.54,7.54,4.97
2025-12-01,Desk Lamp,Furniture,North,4,228.7,914.8,541.62
2025-12-01,Office Chair,Furniture,East,6,293.54,1761.24,1100.69
2025-12-01,Mechanical Keyboard,Electronics,Central,5,87.28,436.4,273.81
2025-12-01,Office Chair,Furniture,West,1,314.51,314.51,162.43
2025-12-01,Sticky Notes,Stationery,West,5,10.66,53.3,28.32
2025-12-01,Coffee Mug,Home & Kitchen,East,2,20.37,40.74,23.94
2025-12-01,Notebook Set,Stationery,Central,2,6.57,13.14,8.4
2025-12-01,Coffee Mug,Home & Kitchen,North,5,21.31,106.55,55.78
2025-12-01,Desk Lamp,Furniture,West,5,333.16,1665.8,1056.71
2025-12-01,Notebook Set,Stationery,Central,1,11.28,11.28,6.76
2025-12-01,Sticky Notes,Stationery,South,3,12.34,37.02,20.27
2025-12-01,USB-C Hub,Electronics,West,5,109.88,549.4,293.45
2025-12-01,Sticky Notes,Stationery,North,6,4.41,26.46,16.48
2025-12-02,Office Chair,Furniture,West,3,151.53,454.59,290.02
2025-12-02,USB-C Hub,Electronics,North,5,36.69,183.45,106.92
2025-12-02,Office Chair,Furniture,West,6,245.48,1472.88,790.36
2025-12-02,Coffee Mug,Home & Kitchen,Central,5,25.77,128.85,73.23
2025-12-02,Notebook Set,Stationery,North,6,12.27,73.62,45.58
2025-12-02,Coffee Mug,Home & Kitchen,West,6,25.97,155.82,98.94
2025-12-02,Mechanical Keyboard,Electronics,Central,2,80.27,160.54,88.34
2025-12-02,Desk Lamp,Furniture,South,2,214.95,429.9,219.4
2025-12-02,Sticky Notes,Stationery,South,1,3.78,3.78,2.57
2025-12-02,Standing Desk,Furniture,South,7,277.79,1944.53,1008.48
2025-12-02,Office Chair,Furniture,Central,5,104.66,523.3,345.45
2025-12-02,Notebook Set,Stationery,Central,5,2.29,11.45,7.33
2025-12-02,USB-C Hub,Electronics,South,4,49.05,196.2,125.42
2025-12-02,Wireless Mouse,Electronics,East,8,90.76,726.08,507.52
2025-12-02,USB-C Hub,Electronics,North,1,31.04,31.04,16.07
2025-12-02,Desk Lamp,Furniture,Central,7,144.66,1012.62,636.45
2025-12-02,Desk Lamp,Furniture,North,3,69.05,207.15,117.05
2025-12-02,USB-C Hub,Electronics,West,2,66.43,132.86,69.83
2025-12-02,Notebook Set,Stationery,North,3,7.72,23.16,13.46
2025-12-02,Wireless Mouse,Electronics,East,1,34.14,34.14,22.39
2025-12-02,Mechanical Keyboard,Electronics,North,1,69.14,69.14,36.6
2025-12-02,Standing Desk,Furniture,North,1,121.26,121.26,83.11
2025-12-02,Water Bottle,Home & Kitchen,Central,4,26.37,105.48,64.64
2025-12-02,Ballpoint Pens (Pack),Stationery,Central,8,11.77,94.16,59.0
2025-12-02,Mechanical Keyboard,Electronics,West,2,58.11,116.22,72.69
2025-12-02,USB-C Hub,Electronics,West,7,38.44,269.08,166.65
2025-12-02,Ballpoint Pens (Pack),Stationery,Central,8,3.94,31.52,19.78
2025-12-02,Sticky Notes,Stationery,East,2,14.17,28.34,16.12
2025-12-02,Desk Lamp,Furniture,East,5,146.86,734.3,482.5
2025-12-02,Notebook Set,Stationery,Central,4,5.45,21.8,14.03
2025-12-03,Standing Desk,Furniture,West,3,291.87,875.61,516.69
2025-12-03,Desk Lamp,Furniture,East,5,109.0,545.0,282.68
2025-12-03,USB-C Hub,Electronics,East,4,31.36,125.44,77.59
2025-12-03,USB-C Hub,Electronics,North,8,79.0,632.0,433.96
2025-12-03,Water Bottle,Home & Kitchen,West,2,17.15,34.3,18.48
2025-12-03,Water Bottle,Home & Kitchen,Central,6,11.22,67.32,46.97
2025-12-03,Sticky Notes,Stationery,North,4,3.95,15.8,10.24
2025-12-03,USB-C Hub,Electronics,West,7,68.83,481.81,301.75
2025-12-03,Mechanical Keyboard,Electronics,North,8,111.98,895.84,477.91
2025-12-03,Mechanical Keyboard,Electronics,North,6,117.2,703.2,386.19
2025-12-03,Notebook Set,Stationery,East,2,2.28,4.56,2.55
2025-12-03,USB-C Hub,Electronics,Central,1,98.63,98.63,49.7
2025-12-03,Ballpoint Pens (Pack),Stationery,South,6,12.52,75.12,51.56
2025-12-03,Coffee Mug,Home & Kitchen,South,1,13.99,13.99,8.42
2025-12-03,USB-C Hub,Electronics,Central,2,40.59,81.18,45.01
2025-12-03,Mechanical Keyboard,Electronics,North,8,30.0,240.0,131.06
2025-12-03,Mechanical Keyboard,Electronics,West,6,60.4,362.4,189.58
2025-12-03,Desk Lamp,Furniture,Central,7,292.03,2044.21,1392.53
2025-12-03,Water Bottle,Home & Kitchen,North,8,28.05,224.4,134.36
2025-12-03,Office Chair,Furniture,East,2,185.59,371.18,217.3
2025-12-03,Wireless Mouse,Electronics,South,4,62.34,249.36,138.01
2025-12-03,Ballpoint Pens (Pack),Stationery,East,2,12.44,24.88,16.09
2025-12-03,Office Chair,Furniture,West,8,279.25,2234.0,1259.51
2025-12-03,Office Chair,Furniture,North,8,336.44,2691.52,1874.96
2025-12-03,Mechanical Keyboard,Electronics,West,8,91.25,730.0,477.0
2025-12-03,Desk Lamp,Furniture,North,1,119.32,119.32,68.56
2025-12-03,Standing Desk,Furniture,Central,4,105.41,421.64,220.33
2025-12-03,Office Chair,Furniture,South,4,117.24,468.96,287.89
2025-12-03,USB-C Hub,Electronics,South,4,109.84,439.36,302.1
2025-12-03,Desk Lamp,Furniture,Central,2,163.56,327.12,185.49
2025-12-04,Water Bottle,Home & Kitchen,West,8,9.09,72.72,44.47
2025-12-04,Mechanical Keyboard,Electronics,Central,8,15.87,126.96,86.76
2025-12-04,Office Chair,Furniture,Central,2,347.53,695.06,403.04
2025-12-04,Coffee Mug,Home & Kitchen,West,1,16.81,16.81,8.65
2025-12-04,USB-C Hub,Electronics,West,1,62.3,62.3,38.67
2025-12-04,Standing Desk,Furniture,East,7,236.04,1652.28,877.81
2025-12-04,Mechanical Keyboard,Electronics,Central,4,61.48,245.92,147.78
2025-12-04,Wireless Mouse,Electronics,East,5,105.0,525.0,271.01
2025-12-04,Coffee Mug,Home & Kitchen,East,3,11.5,34.5,18.47
2025-12-04,Office Chair,Furniture,North,5,227.48,1137.4,576.44
2025-12-04,Desk Lamp,Furniture,North,2,322.13,644.26,437.91
2025-12-04,Water Bottle,Home & Kitchen,West,8,23.09,184.72,94.47
2025-12-04,Desk Lamp,Furniture,South,6,280.55,1683.3,898.11
2025-12-04,Office Chair,Furniture,West,6,329.17,1975.02,1092.12
2025-12-04,Mechanical Keyboard,Electronics,South,3,55.31,165.93,91.89
2025-12-04,Sticky Notes,Stationery,East,7,12.81,89.67,58.99
2025-12-04,Desk Lamp,Furniture,East,8,298.19,2385.52,1308.26
2025-12-04,Wireless Mouse,Electronics,North,7,27.49,192.43,107.69
2025-12-04,Notebook Set,Stationery,South,2,12.99,25.98,15.17
2025-12-04,Coffee Mug,Home & Kitchen,South,4,10.46,41.84,23.26
2025-12-04,Ballpoint Pens (Pack),Stationery,East,4,6.09,24.36,13.79
2025-12-04,Ballpoint Pens (Pack),Stationery,North,2,13.26,26.52,15.61
2025-12-04,Notebook Set,Stationery,West,2,11.98,23.96,13.32
2025-12-05,USB-C Hub,Electronics,Central,4,28.49,113.96,63.04
2025-12-05,Wireless Mouse,Electronics,Central,5,28.27,141.35,84.07
2025-12-05,Standing Desk,Furniture,South,7,126.31,884.17,469.99
2025-12-05,Notebook Set,Stationery,South,2,5.57,11.14,7.19
2025-12-05,Standing Desk,Furniture,North,6,185.88,1115.28,692.59
2025-12-05,Ballpoint Pens (Pack),Stationery,South,2,14.11,28.22,15.35
2025-12-05,Standing Desk,Furniture,Central,7,314.5,2201.5,1376.22
2025-12-05,Sticky Notes,Stationery,South,1,13.13,13.13,8.8
2025-12-05,Wireless Mouse,Electronics,West,6,64.61,387.66,215.15
2025-12-05,Water Bottle,Home & Kitchen,South,8,12.24,97.92,57.14
2025-12-05,Water Bottle,Home & Kitchen,North,8,29.51,236.08,163.45
2025-12-05,Ballpoint Pens (Pack),Stationery,East,4,3.9,15.6,8.36
2025-12-05,USB-C Hub,Electronics,East,7,62.73,439.11,236.31
2025-12-05,Mechanical Keyboard,Electronics,West,5,119.77,598.85,417.96
2025-12-05,Ballpoint Pens (Pack),Stationery,East,7,14.04,98.28,63.47
2025-12-05,Desk Lamp,Furniture,East,2,238.23,476.46,252.7
2025-12-05,USB-C Hub,Electronics,South,5,29.44,147.2,88.4
2025-12-05,USB-C Hub,Electronics,South,4,85.75,343.0,181.78
2025-12-05,Office Chair,Furniture,South,7,203.09,1421.63,772.95
2025-12-05,Desk Lamp,Furniture,Central,7,227.27,1590.89,1042.59
2025-12-05,Standing Desk,Furniture,West,6,239.73,1438.38,794.06
2025-12-05,USB-C Hub,Electronics,Central,1,95.8,95.8,59.75
2025-12-05,Desk Lamp,Furniture,North,8,66.69,533.52,347.77
2025-12-05,Sticky Notes,Stationery,Central,5,2.7,13.5,9.26
2025-12-05,Notebook Set,Stationery,South,4,12.61,50.44,33.97
2025-12-05,Office Chair,Furniture,West,5,65.44,327.2,184.88
2025-12-05,Notebook Set,Stationery,East,7,14.96,104.72,62.49
2025-12-05,USB-C Hub,Electronics,East,6,54.99,329.94,179.15
2025-12-06,Sticky Notes,Stationery,Central,8,11.56,92.48,62.37
2025-12-06,Standing Desk,Furniture,West,7,268.54,1879.78,1200.63
2025-12-06,Water Bottle,Home & Kitchen,South,3,28.44,85.32,44.99
2025-12-06,Standing Desk,Furniture,West,2,315.48,630.96,349.27
2025-12-06,Wireless Mouse,Electronics,Central,2,80.08,160.16,111.8
2025-12-06,Wireless Mouse,Electronics,West,7,74.07,518.49,332.31
2025-12-06,Wireless Mouse,Electronics,South,2,104.18,208.36,117.28
2025-12-06,Sticky Notes,Stationery,North,7,4.81,33.67,20.78
2025-12-06,Ballpoint Pens (Pack),Stationery,North,5,6.15,30.75,16.83
2025-12-06,Ballpoint Pens (Pack),Stationery,West,1,12.5,12.5,7.51
2025-12-06,Water Bottle,Home & Kitchen,West,6,25.64,153.84,102.01
2025-12-06,Desk Lamp,Furniture,South,7,186.9,1308.3,839.85
2025-12-06,Coffee Mug,Home & Kitchen,West,6,18.13,108.78,71.02
2025-12-06,Coffee Mug,Home & Kitchen,North,7,15.32,107.24,65.56
2025-12-06,USB-C Hub,Electronics,West,4,111.61,446.44,310.91
2025-12-06,Coffee Mug,Home & Kitchen,North,6,25.13,150.78,104.75
2025-12-06,Water Bottle,Home & Kitchen,East,1,24.77,24.77,15.9
2025-12-06,Mechanical Keyboard,Electronics,North,2,15.72,31.44,19.77
2025-12-06,Notebook Set,Stationery,Central,1,6.0,6.0,3.59
2025-12-06,Coffee Mug,Home & Kitchen,South,7,16.23,113.61,78.58
2025-12-06,Coffee Mug,Home & Kitchen,Central,2,8.09,16.18,9.97
2025-12-06,Ballpoint Pens (Pack),Stationery,South,2,12.26,24.52,13.63
2025-12-06,Ballpoint Pens (Pack),Stationery,North,8,10.16,81.28,48.69
2025-12-06,Wireless Mouse,Electronics,North,3,70.97,212.91,107.73
2025-12-07,Ballpoint Pens (Pack),Stationery,South,2,6.68,13.36,9.08
2025-12-07,Ballpoint Pens (Pack),Stationery,Central,3,10.92,32.76,22.14
2025-12-07,Water Bottle,Home & Kitchen,South,5,22.74,113.7,73.49
2025-12-07,USB-C Hub,Electronics,West,5,107.73,538.65,274.31
2025-12-07,Sticky Notes,Stationery,West,1,3.06,3.06,1.54
2025-12-07,Office Chair,Furniture,North,3,325.14,975.42,537.77
2025-12-07,Office Chair,Furniture,South,1,68.8,68.8,45.29
2025-12-07,Standing Desk,Furniture,South,7,184.18,1289.26,731.61
2025-12-07,Desk Lamp,Furniture,East,3,121.47,364.41,238.08
2025-12-07,Coffee Mug,Home & Kitchen,East,4,17.39,69.56,44.35
2025-12-07,Office Chair,Furniture,South,2,97.66,195.32,131.63
2025-12-07,Mechanical Keyboard,Electronics,West,1,113.89,113.89,73.14
2025-12-07,Sticky Notes,Stationery,Central,3,10.59,31.77,15.98
2025-12-07,Water Bottle,Home & Kitchen,Central,5,18.64,93.2,52.16
2025-12-07,Office Chair,Furniture,South,1,147.73,147.73,98.44
2025-12-07,Coffee Mug,Home & Kitchen,East,4,22.08,88.32,51.85
2025-12-07,Notebook Set,Stationery,West,5,6.33,31.65,16.44
2025-12-07,Coffee Mug,Home & Kitchen,Central,7,22.81,159.67,106.15
2025-12-07,Notebook Set,Stationery,Central,6,3.61,21.66,13.01
2025-12-07,USB-C Hub,Electronics,Central,8,70.76,566.08,318.21
2025-12-07,Wireless Mouse,Electronics,West,6,35.12,210.72,124.96
2025-12-07,Mechanical Keyboard,Electronics,Central,3,30.01,90.03,47.63
2025-12-07,Notebook Set,Stationery,North,4,12.06,48.24,32.15
2025-12-07,Wireless Mouse,Electronics,North,2,78.0,156.0,94.28
2025-12-08,Ballpoint Pens (Pack),Stationery,East,6,7.37,44.22,26.17
2025-12-08,Ballpoint Pens (Pack),Stationery,South,7,5.68,39.76,21.34
2025-12-08,Coffee Mug,Home & Kitchen,East,7,13.98,97.86,58.91
2025-12-08,Standing Desk,Furniture,West,2,221.66,443.32,292.52
2025-12-08,Coffee Mug,Home & Kitchen,Central,5,10.28,51.4,30.96
2025-12-08,Water Bottle,Home & Kitchen,North,6,13.3,79.8,55.39
2025-12-08,Coffee Mug,Home & Kitchen,West,3,23.56,70.68,41.07
2025-12-08,Sticky Notes,Stationery,North,3,2.92,8.76,5.42
2025-12-08,USB-C Hub,Electronics,East,1,116.29,116.29,63.67
2025-12-08,Mechanical Keyboard,Electronics,East,5,53.36,266.8,167.05
2025-12-08,Water Bottle,Home & Kitchen,West,4,18.73,74.92,48.95
2025-12-08,Standing Desk,Furniture,North,2,181.55,363.1,196.01
2025-12-08,USB-C Hub,Electronics,North,2,103.93,207.86,120.27
2025-12-08,Water Bottle,Home & Kitchen,Central,1,21.73,21.73,13.04
2025-12-08,Ballpoint Pens (Pack),Stationery,West,4,5.09,20.36,14.24
2025-12-08,USB-C Hub,Electronics,Central,3,27.69,83.07,57.96
2025-12-08,USB-C Hub,Electronics,South,5,87.02,435.1,278.78
2025-12-08,Mechanical Keyboard,Electronics,Central,4,28.14,112.56,66.17
2025-12-08,Coffee Mug,Home & Kitchen,North,6,18.01,108.06,64.78
2025-12-08,USB-C Hub,Electronics,North,4,56.49,225.96,126.12
2025-12-08,Sticky Notes,Stationery,West,1,12.84,12.84,7.1
2025-12-08,Standing Desk,Furniture,East,8,326.69,2613.52,1807.42
2025-12-08,Notebook Set,Stationery,South,2,4.71,9.42,5.86
2025-12-08,USB-C Hub,Electronics,Central,4,34.56,138.24,90.66
2025-12-08,Sticky Notes,Stationery,North,1,11.96,11.96,6.84
2025-12-08,Notebook Set,Stationery,West,4,7.59,30.36,15.55
2025-12-08,Mechanical Keyboard,Electronics,North,8,96.45,771.6,536.71
2025-12-08,Desk Lamp,Furniture,North,6,97.03,582.18,297.91
2025-12-08,Notebook Set,Stationery,South,6,3.69,22.14,13.18
2025-12-08,Coffee Mug,Home & Kitchen,North,5,13.52,67.6,38.35
2025-12-08,Sticky Notes,Stationery,South,2,2.09,4.18,2.73
2025-12-08,Water Bottle,Home & Kitchen,North,2,18.17,36.34,24.54
2025-12-08,USB-C Hub,Electronics,Central,3,68.06,204.18,134.6
2025-12-08,Water Bottle,Home & Kitchen,South,3,25.78,77.34,49.73
2025-12-08,Wireless Mouse,Electronics,South,6,63.23,379.38,234.09
2025-12-08,Coffee Mug,Home & Kitchen,West,3,17.26,51.78,28.97
2025-12-08,Ballpoint Pens (Pack),Stationery,South,6,14.11,84.66,48.55
2025-12-08,Desk Lamp,Furniture,South,5,140.28,701.4,424.33
2025-12-08,Desk Lamp,Furniture,South,2,312.13,624.26,319.37
2025-12-08,Desk Lamp,Furniture,East,8,276.11,2208.88,1524.17
2025-12-08,Office Chair,Furniture,East,2,148.77,297.54,179.01
2025-12-08,Sticky Notes,Stationery,Central,4,6.54,26.16,14.53
2025-12-08,Notebook Set,Stationery,North,4,10.08,40.32,26.04
2025-12-08,Notebook Set,Stationery,East,2,7.14,14.28,9.04
2025-12-08,Ballpoint Pens (Pack),Stationery,North,8,5.45,43.6,21.82
2025-12-08,Office Chair,Furniture,South,6,249.48,1496.88,801.34
2025-12-08,Notebook Set,Stationery,Central,8,13.76,110.08,70.56
2025-12-09,Notebook Set,Stationery,West,2,9.2,18.4,10.93
2025-12-09,Ballpoint Pens (Pack),Stationery,North,4,13.98,55.92,38.87
2025-12-09,Mechanical Keyboard,Electronics,East,2,37.72,75.44,38.32
2025-12-09,Sticky Notes,Stationery,West,4,6.88,27.52,17.99
2025-12-09,USB-C Hub,Electronics,North,7,20.05,140.35,89.33
2025-12-09,Mechanical Keyboard,Electronics,West,5,118.95,594.75,400.3
2025-12-09,Sticky Notes,Stationery,South,5,4.56,22.8,15.85
2025-12-09,Standing Desk,Furniture,Central,5,196.48,982.4,650.59
2025-12-09,Office Chair,Furniture,North,5,342.48,1712.4,1035.26
2025-12-09,Notebook Set,Stationery,North,8,5.11,40.88,23.91
2025-12-09,Standing Desk,Furniture,West,2,120.68,241.36,146.24
2025-12-09,Notebook Set,Stationery,East,8,14.95,119.6,67.36
2025-12-09,Water Bottle,Home & Kitchen,East,6,24.59,147.54,79.36
2025-12-09,Sticky Notes,Stationery,Central,3,11.92,35.76,19.51
2025-12-09,Water Bottle,Home & Kitchen,North,7,25.9,181.3,97.26
2025-12-09,USB-C Hub,Electronics,Central,6,18.63,111.78,69.64
2025-12-09,Ballpoint Pens (Pack),Stationery,North,7,6.15,43.05,28.36
2025-12-09,Sticky Notes,Stationery,West,3,13.04,39.12,23.52
2025-12-09,Sticky Notes,Stationery,North,4,13.7,54.8,28.6
2025-12-09,Mechanical Keyboard,Electronics,Central,3,116.12,348.36,178.45
2025-12-09,Water Bottle,Home & Kitchen,Central,3,21.42,64.26,43.58
2025-12-09,Notebook Set,Stationery,East,3,8.81,26.43,17.24
2025-12-09,Desk Lamp,Furniture,East,1,241.64,241.64,122.96
2025-12-10,Office Chair,Furniture,South,6,230.31,1381.86,924.0
2025-12-10,Mechanical Keyboard,Electronics,South,3,90.61,271.83,167.79
2025-12-10,Sticky Notes,Stationery,East,3,10.74,32.22,21.52
2025-12-10,Standing Desk,Furniture,South,1,86.64,86.64,56.27
2025-12-10,Desk Lamp,Furniture,West,4,88.61,354.44,210.73
2025-12-10,Water Bottle,Home & Kitchen,West,7,11.8,82.6,55.49
2025-12-10,Office Chair,Furniture,South,1,204.88,204.88,108.54
2025-12-10,Coffee Mug,Home & Kitchen,South,2,28.41,56.82,34.56
2025-12-10,Notebook Set,Stationery,Central,5,4.62,23.1,11.91
2025-12-10,Water Bottle,Home & Kitchen,South,7,10.59,74.13,42.58
2025-12-10,USB-C Hub,Electronics,Central,3,34.02,102.06,67.6
2025-12-10,Coffee Mug,Home & Kitchen,West,2,15.0,30.0,19.02
2025-12-10,Mechanical Keyboard,Electronics,South,4,18.35,73.4,40.04
2025-12-10,Wireless Mouse,Electronics,North,1,112.16,112.16,72.69
2025-12-10,Mechanical Keyboard,Electronics,East,5,97.92,489.6,258.24
2025-12-10,Coffee Mug,Home & Kitchen,East,2,27.67,55.34,37.22
2025-12-10,Notebook Set,Stationery,West,4,12.59,50.36,29.57
2025-12-10,Water Bottle,Home & Kitchen,West,2,10.05,20.1,10.74
2025-12-10,Coffee Mug,Home & Kitchen,East,1,11.02,11.02,7.42
2025-12-10,Water Bottle,Home & Kitchen,North,8,22.82,182.56,98.51
2025-12-10,Sticky Notes,Stationery,North,8,8.97,71.76,41.81
2025-12-10,Ballpoint Pens (Pack),Stationery,East,8,8.03,64.24,34.65
2025-12-10,Mechanical Keyboard,Electronics,Central,7,62.55,437.85,246.6
2025-12-11,Notebook Set,Stationery,Central,4,2.79,11.16,7.37
2025-12-11,Desk Lamp,Furniture,East,2,195.95,391.9,207.38
2025-12-11,Office Chair,Furniture,South,6,92.96,557.76,288.64
2025-12-11,Coffee Mug,Home & Kitchen,Central,3,13.63,40.89,24.62
2025-12-11,Office Chair,Furniture,East,5,101.32,506.6,265.53
2025-12-11,USB-C Hub,Electronics,South,1,31.5,31.5,20.8
2025-12-11,Ballpoint Pens (Pack),Stationery,South,4,9.11,36.44,20.18
2025-12-11,Standing Desk,Furniture,East,1,89.45,89.45,49.76
2025-12-11,Sticky Notes,Stationery,Central,8,12.35,98.8,50.3
2025-12-11,Ballpoint Pens (Pack),Stationery,South,6,10.44,62.64,39.04
2025-12-11,Wireless Mouse,Electronics,Central,3,98.51,295.53,200.37
2025-12-11,Desk Lamp,Furniture,South,3,311.87,935.61,496.26
2025-12-11,Wireless Mouse,Electronics,North,7,89.8,628.6,364.05
2025-12-11,Standing Desk,Furniture,East,7,209.2,1464.4,922.92
2025-12-11,Mechanical Keyboard,Electronics,South,5,66.06,330.3,217.92
2025-12-11,Ballpoint Pens (Pack),Stationery,East,4,2.69,10.76,5.87
2025-12-11,Water Bottle,Home & Kitchen,South,6,9.75,58.5,40.4
2025-12-11,Ballpoint Pens (Pack),Stationery,South,8,9.23,73.84,43.58
2025-12-11,USB-C Hub,Electronics,West,1,95.75,95.75,48.39
2025-12-11,Office Chair,Furniture,East,1,187.1,187.1,121.59
2025-12-11,Ballpoint Pens (Pack),Stationery,East,1,6.17,6.17,4.16
2025-12-11,Notebook Set,Stationery,South,3,3.72,11.16,7.35
2025-12-11,Coffee Mug,Home & Kitchen,Central,7,29.51,206.57,114.76
2025-12-11,Sticky Notes,Stationery,North,3,11.16,33.48,23.16
2025-12-11,Wireless Mouse,Electronics,West,3,49.15,147.45,98.63
2025-12-11,Water Bottle,Home & Kitchen,Central,2,19.56,39.12,26.04
2025-12-12,Ballpoint Pens (Pack),Stationery,West,8,9.56,76.48,47.2
2025-12-12,Office Chair,Furniture,South,1,191.38,191.38,128.22
2025-12-12,Office Chair,Furniture,North,7,184.66,1292.62,791.8
2025-12-12,Mechanical Keyboard,Electronics,West,2,52.64,105.28,52.99
2025-12-12,Wireless Mouse,Electronics,South,7,60.36,422.52,257.09
2025-12-12,Ballpoint Pens (Pack),Stationery,South,4,12.09,48.36,30.8
2025-12-12,Water Bottle,Home & Kitchen,Central,4,21.56,86.24,46.4
2025-12-12,Desk Lamp,Furniture,West,5,157.57,787.85,533.45
2025-12-12,Office Chair,Furniture,South,6,314.39,1886.34,1119.69
2025-12-12,USB-C Hub,Electronics,South,5,94.25,471.25,327.99
2025-12-12,Coffee Mug,Home & Kitchen,North,2,26.91,53.82,32.31
2025-12-12,Notebook Set,Stationery,South,2,8.36,16.72,9.3
2025-12-12,Sticky Notes,Stationery,West,3,13.42,40.26,21.74
2025-12-12,Standing Desk,Furniture,South,2,175.16,350.32,222.3
2025-12-12,Coffee Mug,Home & Kitchen,North,1,12.96,12.96,7.84
2025-12-12,Wireless Mouse,Electronics,North,3,25.01,75.03,51.48
2025-12-12,Notebook Set,Stationery,South,4,4.96,19.84,12.22
2025-12-12,Coffee Mug,Home & Kitchen,Central,3,12.42,37.26,24.59
2025-12-12,USB-C Hub,Electronics,North,4,30.91,123.64,82.82
2025-12-12,Wireless Mouse,Electronics,West,5,100.66,503.3,290.41
2025-12-12,Coffee Mug,Home & Kitchen,South,6,21.38,128.28,72.0
2025-12-12,Coffee Mug,Home & Kitchen,South,1,12.14,12.14,6.19
2025-12-12,Standing Desk,Furniture,South,3,226.75,680.25,430.15
2025-12-12,USB-C Hub,Electronics,East,4,28.22,112.88,72.47
2025-12-12,Standing Desk,Furniture,Central,5,253.41,1267.05,824.65
2025-12-12,Desk Lamp,Furniture,West,1,116.51,116.51,63.97
2025-12-12,Water Bottle,Home & Kitchen,East,8,16.15,129.2,72.2
2025-12-12,Office Chair,Furniture,South,8,104.71,837.68,482.38
2025-12-12,Standing Desk,Furniture,South,3,182.84,548.52,379.74
2025-12-12,Ballpoint Pens (Pack),Stationery,North,5,7.47,37.35,25.74
2025-12-12,Sticky Notes,Stationery,East,4,3.71,14.84,9.35
2025-12-12,Ballpoint Pens (Pack),Stationery,East,1,9.15,9.15,5.69
2025-12-12,Mechanical Keyboard,Electronics,West,2,83.97,167.94,111.12
2025-12-12,Standing Desk,Furniture,South,8,81.08,648.64,387.99
2025-12-12,Standing Desk,Furniture,South,6,262.94,1577.64,947.6
2025-12-12,Ballpoint Pens (Pack),Stationery,Central,8,13.41,107.28,59.22
2025-12-12,Ballpoint Pens (Pack),Stationery,West,6,6.98,41.88,27.49
2025-12-12,Coffee Mug,Home & Kitchen,West,1,21.11,21.11,12.12
2025-12-12,Mechanical Keyboard,Electronics,East,5,21.26,106.3,71.91
2025-12-12,USB-C Hub,Electronics,East,8,49.92,399.36,244.43
2025-12-13,Wireless Mouse,Electronics,South,5,58.01,290.05,166.56
2025-12-13,Mechanical Keyboard,Electronics,North,8,95.61,764.88,533.47
2025-12-13,Water Bottle,Home & Kitchen,Central,3,27.91,83.73,52.56
2025-12-13,Standing Desk,Furniture,West,3,162.92,488.76,341.6
2025-12-13,Sticky Notes,Stationery,East,6,4.86,29.16,18.99
2025-12-13,Standing Desk,Furniture,Central,4,345.65,1382.6,694.71
2025-12-13,Sticky Notes,Stationery,Central,8,14.78,118.24,72.08
2025-12-13,Office Chair,Furniture,Central,5,88.49,442.45,253.59
2025-12-13,Notebook Set,Stationery,South,5,5.25,26.25,16.94
2025-12-13,Water Bottle,Home & Kitchen,North,7,25.72,180.04,119.33
2025-12-13,Sticky Notes,Stationery,North,4,12.4,49.6,25.83
2025-12-13,Ballpoint Pens (Pack),Stationery,South,1,4.95,4.95,2.59
2025-12-13,Office Chair,Furniture,Central,1,66.36,66.36,36.87
2025-12-13,Wireless Mouse,Electronics,North,7,29.22,204.54,142.61
2025-12-13,Wireless Mouse,Electronics,Central,1,38.94,38.94,21.83
2025-12-13,Standing Desk,Furniture,South,1,318.62,318.62,211.36
2025-12-13,Desk Lamp,Furniture,Central,1,294.88,294.88,174.88
2025-12-13,Coffee Mug,Home & Kitchen,South,5,15.4,77.0,44.39
2025-12-14,USB-C Hub,Electronics,South,7,15.15,106.05,62.51
2025-12-14,Desk Lamp,Furniture,Central,8,339.7,2717.6,1875.16
2025-12-14,Wireless Mouse,Electronics,Central,1,103.09,103.09,70.24
2025-12-14,Coffee Mug,Home & Kitchen,North,6,27.96,167.76,100.9
2025-12-14,Desk Lamp,Furniture,Central,2,282.59,565.18,356.56
2025-12-14,Ballpoint Pens (Pack),Stationery,South,6,3.59,21.54,11.23
2025-12-14,Sticky Notes,Stationery,Central,6,6.55,39.3,21.14
2025-12-14,Mechanical Keyboard,Electronics,South,3,71.47,214.41,118.56
2025-12-14,USB-C Hub,Electronics,Central,7,58.17,407.19,217.74
2025-12-14,Office Chair,Furniture,West,3,262.78,788.34,480.44
2025-12-14,Coffee Mug,Home & Kitchen,West,1,27.95,27.95,15.89
2025-12-14,USB-C Hub,Electronics,Central,2,91.94,183.88,100.4
2025-12-14,Coffee Mug,Home & Kitchen,South,8,22.04,176.32,97.04
2025-12-14,Office Chair,Furniture,North,2,243.39,486.78,324.74
2025-12-14,Sticky Notes,Stationery,West,1,7.41,7.41,4.19
2025-12-14,Wireless Mouse,Electronics,East,2,26.07,52.14,28.45
2025-12-14,Notebook Set,Stationery,East,3,12.83,38.49,21.6
2025-12-14,Water Bottle,Home & Kitchen,North,1,23.09,23.09,13.95
2025-12-14,Wireless Mouse,Electronics,West,7,113.18,792.26,401.74
2025-12-14,Ballpoint Pens (Pack),Stationery,Central,3,10.98,32.94,22.85
2025-12-14,Standing Desk,Furniture,Central,4,156.88,627.52,322.02
2025-12-14,Water Bottle,Home & Kitchen,East,1,15.21,15.21,9.39
2025-12-14,Desk Lamp,Furniture,West,4,239.38,957.52,548.38
2025-12-15,Standing Desk,Furniture,Central,4,115.71,462.84,260.07
2025-12-15,Wireless Mouse,Electronics,West,5,48.09,240.45,148.82
2025-12-15,Desk Lamp,Furniture,West,3,63.72,191.16,128.9
2025-12-15,Desk Lamp,Furniture,Central,7,291.75,2042.25,1138.02
2025-12-15,Wireless Mouse,Electronics,Central,6,110.3,661.8,352.83
2025-12-15,Sticky Notes,Stationery,West,5,3.85,19.25,10.26
2025-12-15,Water Bottle,Home & Kitchen,Central,3,9.85,29.55,20.41
2025-12-15,Standing Desk,Furniture,North,7,333.59,2335.13,1192.1
2025-12-15,Water Bottle,Home & Kitchen,North,7,26.27,183.89,113.02
2025-12-15,Mechanical Keyboard,Electronics,South,1,101.78,101.78,59.75
2025-12-15,USB-C Hub,Electronics,Central,3,106.42,319.26,177.56
2025-12-15,Coffee Mug,Home & Kitchen,Central,1,22.42,22.42,15.46
2025-12-15,Water Bottle,Home & Kitchen,West,1,26.63,26.63,17.4
2025-12-15,Standing Desk,Furniture,Central,3,64.18,192.54,112.16
2025-12-15,Water Bottle,Home & Kitchen,South,2,23.27,46.54,31.79
2025-12-15,Desk Lamp,Furniture,East,8,187.75,1502.0,1023.03
2025-12-15,Coffee Mug,Home & Kitchen,East,5,10.89,54.45,37.64
2025-12-15,USB-C Hub,Electronics,North,7,80.91,566.37,347.68
2025-12-15,Ballpoint Pens (Pack),Stationery,North,2,6.78,13.56,7.6
2025-12-15,Mechanical Keyboard,Electronics,West,4,107.94,431.76,298.02
2025-12-15,Mechanical Keyboard,Electronics,South,5,101.12,505.6,349.73
2025-12-15,Ballpoint Pens (Pack),Stationery,Central,3,3.33,9.99,5.32
2025-12-15,Water Bottle,Home & Kitchen,East,1,23.23,23.23,15.19
2025-12-15,Sticky Notes,Stationery,Central,8,6.43,51.44,26.69
2025-12-15,Wireless Mouse,Electronics,West,3,98.36,295.08,175.91
2025-12-15,Wireless Mouse,Electronics,Central,4,29.91,119.64,79.98
2025-12-15,Wireless Mouse,Electronics,Central,4,86.29,345.16,204.95
2025-12-15,Standing Desk,Furniture,West,7,63.52,444.64,255.72
2025-12-15,Notebook Set,Stationery,North,4,4.43,17.72,9.65
2025-12-15,Ballpoint Pens (Pack),Stationery,East,6,9.41,56.46,30.09
2025-12-16,Office Chair,Furniture,East,8,100.4,803.2,559.28
2025-12-16,Coffee Mug,Home & Kitchen,Central,8,17.24,137.92,92.55
2025-12-16,Desk Lamp,Furniture,East,1,100.61,100.61,60.82
2025-12-16,Desk Lamp,Furniture,South,4,232.07,928.28,640.39
2025-12-16,Sticky Notes,Stationery,West,3,14.26,42.78,28.07
2025-12-16,Wireless Mouse,Electronics,South,8,41.74,333.92,206.05
2025-12-16,USB-C Hub,Electronics,Central,3,40.48,121.44,80.2
2025-12-16,Ballpoint Pens (Pack),Stationery,Central,2,10.19,20.38,13.7
2025-12-16,Office Chair,Furniture,East,2,310.63,621.26,413.85
2025-12-16,Sticky Notes,Stationery,East,7,5.7,39.9,22.37
2025-12-16,Office Chair,Furniture,Central,6,306.47,1838.82,1099.44
2025-12-16,Standing Desk,Furniture,North,6,133.01,798.06,533.03
2025-12-16,Office Chair,Furniture,South,4,142.24,568.96,333.37
2025-12-16,Standing Desk,Furniture,Central,7,247.62,1733.34,995.85
2025-12-16,Ballpoint Pens (Pack),Stationery,South,1,13.64,13.64,6.85
2025-12-16,Notebook Set,Stationery,South,1,6.43,6.43,4.2
2025-12-16,USB-C Hub,Electronics,West,6,53.22,319.32,183.07
2025-12-16,Wireless Mouse,Electronics,East,8,98.71,789.68,434.06
2025-12-16,Office Chair,Furniture,South,5,324.25,1621.25,1038.12
2025-12-16,Desk Lamp,Furniture,West,2,183.1,366.2,188.93
2025-12-16,Standing Desk,Furniture,Central,3,135.79,407.37,242.66
2025-12-16,Office Chair,Furniture,South,8,324.77,2598.16,1355.19
2025-12-16,Sticky Notes,Stationery,East,7,7.45,52.15,30.33
2025-12-16,Notebook Set,Stationery,North,4,3.67,14.68,9.66
2025-12-16,Ballpoint Pens (Pack),Stationery,East,7,5.08,35.56,20.48
2025-12-16,USB-C Hub,Electronics,South,5,100.48,502.4,290.67
2025-12-16,Office Chair,Furniture,Central,4,71.23,284.92,197.82
2025-12-16,Water Bottle,Home & Kitchen,South,3,20.68,62.04,34.36
2025-12-16,Office Chair,Furniture,East,2,333.8,667.6,422.36
2025-12-16,Mechanical Keyboard,Electronics,West,2,42.94,85.88,53.21
2025-12-16,USB-C Hub,Electronics,North,3,103.4,310.2,165.92
2025-12-16,Ballpoint Pens (Pack),Stationery,South,7,14.89,104.23,61.94
2025-12-16,Desk Lamp,Furniture,West,7,134.62,942.34,532.82
2025-12-16,USB-C Hub,Electronics,South,8,83.49,667.92,390.28
2025-12-16,Desk Lamp,Furniture,West,8,262.35,2098.8,1404.2
2025-12-17,Coffee Mug,Home & Kitchen,Central,6,9.59,57.54,40.2
2025-12-17,Desk Lamp,Furniture,Central,5,317.27,1586.35,1060.52
2025-12-17,Notebook Set,Stationery,North,6,4.86,29.16,18.11
2025-12-17,Sticky Notes,Stationery,East,1,8.55,8.55,4.74
2025-12-17,Coffee Mug,Home & Kitchen,North,1,23.99,23.99,12.74
2025-12-17,Mechanical Keyboard,Electronics,Central,5,35.73,178.65,122.85
2025-12-17,Wireless Mouse,Electronics,West,5,107.84,539.2,307.49
2025-12-17,Standing Desk,Furniture,North,2,253.91,507.82,317.84
2025-12-17,Wireless Mouse,Electronics,South,6,110.1,660.6,413.13
2025-12-17,Sticky Notes,Stationery,North,5,5.83,29.15,18.1
2025-12-17,Office Chair,Furniture,South,6,150.2,901.2,537.7
2025-12-17,USB-C Hub,Electronics,West,1,108.68,108.68,71.95
2025-12-17,Coffee Mug,Home & Kitchen,Central,6,29.97,179.82,105.54
2025-12-17,Desk Lamp,Furniture,East,3,223.06,669.18,367.53
2025-12-17,Notebook Set,Stationery,Central,7,2.32,16.24,8.29
2025-12-17,Water Bottle,Home & Kitchen,North,1,22.22,22.22,13.2
2025-12-17,Ballpoint Pens (Pack),Stationery,South,3,8.4,25.2,16.22
2025-12-17,USB-C Hub,Electronics,Central,5,43.53,217.65,127.11
2025-12-17,USB-C Hub,Electronics,Central,7,78.26,547.82,380.3
2025-12-17,Ballpoint Pens (Pack),Stationery,Central,8,13.06,104.48,58.32
2025-12-17,Office Chair,Furniture,East,3,167.34,502.02,329.45
2025-12-17,Notebook Set,Stationery,South,1,6.44,6.44,3.64
2025-12-17,Coffee Mug,Home & Kitchen,West,6,24.83,148.98,103.89
2025-12-17,Ballpoint Pens (Pack),Stationery,West,7,7.57,52.99,35.58
2025-12-17,Desk Lamp,Furniture,West,4,243.81,975.24,599.45
2025-12-17,Desk Lamp,Furniture,West,8,326.54,2612.32,1710.27
2025-12-17,Wireless Mouse,Electronics,South,8,36.82,294.56,192.36
2025-12-17,Desk Lamp,Furniture,North,3,150.66,451.98,238.57
2025-12-17,Desk Lamp,Furniture,South,4,242.46,969.84,508.31
2025-12-17,Coffee Mug,Home & Kitchen,North,7,25.38,177.66,104.44
2025-12-17,Coffee Mug,Home & Kitchen,East,5,25.9,129.5,68.96
2025-12-18,Wireless Mouse,Electronics,East,1,37.47,37.47,21.56
2025-12-18,Water Bottle,Home & Kitchen,South,2,24.68,49.36,31.72
2025-12-18,Ballpoint Pens (Pack),Stationery,North,1,9.49,9.49,5.6
2025-12-18,Office Chair,Furniture,Central,1,117.16,117.16,78.1
2025-12-18,Mechanical Keyboard,Electronics,West,6,85.58,513.48,315.84
2025-12-18,Water Bottle,Home & Kitchen,South,1,20.9,20.9,14.28
2025-12-18,Coffee Mug,Home & Kitchen,Central,2,18.09,36.18,20.9
2025-12-18,Office Chair,Furniture,West,1,256.77,256.77,129.57
2025-12-18,Ballpoint Pens (Pack),Stationery,South,6,8.41,50.46,32.4
2025-12-18,USB-C Hub,Electronics,West,2,15.28,30.56,19.55
2025-12-18,Office Chair,Furniture,East,8,194.67,1557.36,863.25
2025-12-18,Desk Lamp,Furniture,West,8,257.75,2062.0,1210.02
2025-12-18,Standing Desk,Furniture,West,7,261.91,1833.37,977.34
2025-12-18,Office Chair,Furniture,South,5,309.63,1548.15,950.42
2025-12-18,Ballpoint Pens (Pack),Stationery,West,2,4.04,8.08,4.9
2025-12-18,Standing Desk,Furniture,North,2,258.57,517.14,305.91
2025-12-18,Coffee Mug,Home & Kitchen,South,7,17.08,119.56,65.7
2025-12-18,USB-C Hub,Electronics,East,7,77.64,543.48,354.94
2025-12-18,Mechanical Keyboard,Electronics,South,2,32.16,64.32,42.89
2025-12-18,USB-C Hub,Electronics,Central,2,52.61,105.22,61.16
2025-12-18,Mechanical Keyboard,Electronics,South,2,89.63,179.26,124.92
2025-12-18,Standing Desk,Furniture,East,2,291.86,583.72,408.23
2025-12-18,Office Chair,Furniture,North,2,240.16,480.32,251.61
2025-12-18,Desk Lamp,Furniture,Central,8,136.46,1091.68,597.12
2025-12-18,Wireless Mouse,Electronics,West,8,105.63,845.04,462.34
2025-12-18,Sticky Notes,Stationery,Central,2,9.84,19.68,11.8
2025-12-18,Notebook Set,Stationery,Central,8,12.17,97.36,52.51
2025-12-18,Ballpoint Pens (Pack),Stationery,South,5,12.44,62.2,36.91
2025-12-18,Desk Lamp,Furniture,South,4,166.48,665.92,395.13
2025-12-18,Wireless Mouse,Electronics,Central,8,35.03,280.24,183.93
2025-12-18,Water Bottle,Home & Kitchen,North,6,26.54,159.24,90.78
2025-12-19,Office Chair,Furniture,North,8,97.67,781.36,407.28
2025-12-19,Water Bottle,Home & Kitchen,South,5,18.71,93.55,64.02
2025-12-19,Sticky Notes,Stationery,East,4,11.76,47.04,25.55
2025-12-19,Office Chair,Furniture,North,3,324.2,972.6,665.62
2025-12-19,Coffee Mug,Home & Kitchen,West,4,14.16,56.64,33.87
2025-12-19,Mechanical Keyboard,Electronics,North,2,20.0,40.0,21.77
2025-12-19,Mechanical Keyboard,Electronics,South,8,109.97,879.76,470.3
2025-12-19,Water Bottle,Home & Kitchen,West,7,14.68,102.76,61.83
2025-12-19,Office Chair,Furniture,West,7,190.18,1331.26,724.93
2025-12-19,Notebook Set,Stationery,West,8,11.01,88.08,53.8
2025-12-19,Standing Desk,Furniture,South,4,280.75,1123.0,748.37
2025-12-19,Water Bottle,Home & Kitchen,East,5,21.91,109.55,62.7
2025-12-19,Sticky Notes,Stationery,North,7,8.74,61.18,39.11
2025-12-19,Wireless Mouse,Electronics,Central,3,91.47,274.41,144.19
2025-12-19,Water Bottle,Home & Kitchen,East,1,15.54,15.54,10.55
2025-12-19,Desk Lamp,Furniture,West,4,293.99,1175.96,791.79
2025-12-19,Water Bottle,Home & Kitchen,Central,6,27.97,167.82,105.97
2025-12-19,Wireless Mouse,Electronics,South,4,67.62,270.48,184.08
2025-12-19,Coffee Mug,Home & Kitchen,North,8,25.19,201.52,127.78
2025-12-19,Desk Lamp,Furniture,West,1,129.72,129.72,71.0
2025-12-19,Desk Lamp,Furniture,Central,5,263.33,1316.65,679.42
2025-12-19,Water Bottle,Home & Kitchen,West,3,25.72,77.16,49.9
2025-12-19,Sticky Notes,Stationery,West,5,12.51,62.55,41.81
2025-12-19,Standing Desk,Furniture,North,5,214.93,1074.65,657.48
2025-12-19,Mechanical Keyboard,Electronics,North,2,84.06,168.12,106.76
2025-12-19,Mechanical Keyboard,Electronics,North,8,74.64,597.12,371.1
2025-12-19,USB-C Hub,Electronics,North,6,24.99,149.94,80.51
2025-12-19,Sticky Notes,Stationery,South,2,9.28,18.56,12.05
2025-12-19,Wireless Mouse,Electronics,South,2,97.26,194.52,106.83
2025-12-19,Sticky Notes,Stationery,South,6,14.97,89.82,55.0
2025-12-19,Notebook Set,Stationery,West,7,4.07,28.49,18.82
2025-12-20,Coffee Mug,Home & Kitchen,Central,7,22.62,158.34,108.73
2025-12-20,Office Chair,Furniture,East,3,311.58,934.74,552.78
2025-12-20,Desk Lamp,Furniture,South,4,151.78,607.12,315.95
2025-12-20,Desk Lamp,Furniture,North,3,315.02,945.06,538.33
2025-12-20,Mechanical Keyboard,Electronics,East,3,62.06,186.18,111.11
2025-12-20,Wireless Mouse,Electronics,North,3,113.14,339.42,237.16
2025-12-20,Notebook Set,Stationery,East,3,6.12,18.36,10.7
2025-12-20,Mechanical Keyboard,Electronics,Central,3,100.08,300.24,204.49
2025-12-20,USB-C Hub,Electronics,North,4,87.02,348.08,208.81
2025-12-20,Mechanical Keyboard,Electronics,South,3,106.57,319.71,218.31
2025-12-20,Water Bottle,Home & Kitchen,West,7,25.39,177.73,96.55
2025-12-20,Ballpoint Pens (Pack),Stationery,Central,3,5.45,16.35,8.33
2025-12-20,USB-C Hub,Electronics,Central,4,90.73,362.92,203.03
2025-12-20,Standing Desk,Furniture,North,3,64.58,193.74,124.5
2025-12-20,Sticky Notes,Stationery,Central,4,11.41,45.64,23.56
2025-12-20,Sticky Notes,Stationery,South,8,10.19,81.52,55.91
2025-12-20,USB-C Hub,Electronics,Central,6,74.17,445.02,242.85
2025-12-20,Office Chair,Furniture,South,2,238.95,477.9,322.3
2025-12-20,Mechanical Keyboard,Electronics,West,3,84.0,252.0,158.15
2025-12-20,Mechanical Keyboard,Electronics,Central,1,110.11,110.11,55.98
2025-12-20,Water Bottle,Home & Kitchen,West,3,17.38,52.14,27.22
2025-12-21,Office Chair,Furniture,North,2,341.93,683.86,478.07
2025-12-21,USB-C Hub,Electronics,North,3,118.53,355.59,208.9
2025-12-21,Office Chair,Furniture,Central,6,341.57,2049.42,1404.74
2025-12-21,Sticky Notes,Stationery,West,5,3.62,18.1,9.95
2025-12-21,Desk Lamp,Furniture,Central,7,123.73,866.11,459.31
2025-12-21,Office Chair,Furniture,North,8,310.79,2486.32,1536.74
2025-12-21,Office Chair,Furniture,South,6,135.37,812.22,523.29
2025-12-21,Water Bottle,Home & Kitchen,East,8,20.04,160.32,92.39
2025-12-21,Sticky Notes,Stationery,West,7,7.06,49.42,31.91
2025-12-21,Wireless Mouse,Electronics,West,6,55.83,334.98,179.18
2025-12-21,Office Chair,Furniture,Central,5,310.43,1552.15,1085.51
2025-12-21,Coffee Mug,Home & Kitchen,East,1,16.13,16.13,10.22
2025-12-21,Wireless Mouse,Electronics,South,6,59.78,358.68,190.39
2025-12-21,Desk Lamp,Furniture,East,8,85.06,680.48,366.52
2025-12-21,Water Bottle,Home & Kitchen,Central,6,14.81,88.86,60.7
2025-12-21,Water Bottle,Home & Kitchen,South,4,22.86,91.44,47.69
2025-12-21,Wireless Mouse,Electronics,East,3,44.19,132.57,92.41
2025-12-21,Standing Desk,Furniture,North,7,248.71,1740.97,1055.15
2025-12-21,Coffee Mug,Home & Kitchen,Central,6,8.96,53.76,29.74
2025-12-21,Sticky Notes,Stationery,South,2,12.68,25.36,15.45
2025-12-22,Mechanical Keyboard,Electronics,East,6,18.34,110.04,67.91
2025-12-22,Office Chair,Furniture,East,5,264.68,1323.4,800.67
2025-12-22,USB-C Hub,Electronics,East,8,84.99,679.92,423.38
2025-12-22,Ballpoint Pens (Pack),Stationery,Central,4,13.94,55.76,34.77
2025-12-22,Ballpoint Pens (Pack),Stationery,Central,3,12.61,37.83,24.42
2025-12-22,Water Bottle,Home & Kitchen,Central,1,15.63,15.63,8.52
2025-12-22,Ballpoint Pens (Pack),Stationery,West,8,10.6,84.8,57.06
2025-12-22,Office Chair,Furniture,West,2,81.87,163.74,94.38
2025-12-22,Standing Desk,Furniture,West,7,151.66,1061.62,723.2
2025-12-22,Office Chair,Furniture,East,8,187.26,1498.08,781.3
2025-12-22,Water Bottle,Home & Kitchen,East,5,26.52,132.6,69.91
2025-12-23,USB-C Hub,Electronics,North,8,74.87,598.96,301.05
2025-12-23,Sticky Notes,Stationery,West,5,8.1,40.5,24.29
2025-12-23,USB-C Hub,Electronics,Central,8,95.81,766.48,529.63
2025-12-23,Coffee Mug,Home & Kitchen,East,6,24.48,146.88,78.49
2025-12-23,Mechanical Keyboard,Electronics,East,3,43.22,129.66,83.94
2025-12-23,Desk Lamp,Furniture,West,3,221.16,663.48,463.24
2025-12-23,Notebook Set,Stationery,Central,5,14.03,70.15,41.6
2025-12-23,Office Chair,Furniture,West,3,98.87,296.61,160.3
2025-12-23,Coffee Mug,Home & Kitchen,South,6,26.06,156.36,100.61
2025-12-23,Office Chair,Furniture,West,7,288.55,2019.85,1396.21
2025-12-23,Water Bottle,Home & Kitchen,South,6,13.4,80.4,46.15
2025-12-23,Water Bottle,Home & Kitchen,North,2,27.3,54.6,35.7
2025-12-23,Coffee Mug,Home & Kitchen,Central,5,18.63,93.15,56.7
2025-12-23,USB-C Hub,Electronics,East,7,35.01,245.07,163.52
2025-12-23,Notebook Set,Stationery,Central,4,14.47,57.88,31.12
2025-12-23,Mechanical Keyboard,Electronics,East,4,33.03,132.12,71.82
2025-12-23,Notebook Set,Stationery,Central,3,10.89,32.67,22.62
2025-12-23,Water Bottle,Home & Kitchen,North,3,29.57,88.71,44.72
2025-12-23,Standing Desk,Furniture,Central,4,310.47,1241.88,793.27
2025-12-23,Coffee Mug,Home & Kitchen,Central,3,19.09,57.27,38.71
2025-12-23,Ballpoint Pens (Pack),Stationery,East,5,10.37,51.85,30.03
2025-12-23,Office Chair,Furniture,Central,3,91.07,273.21,165.05
2025-12-23,USB-C Hub,Electronics,North,1,22.59,22.59,11.91
2025-12-23,Coffee Mug,Home & Kitchen,North,5,29.17,145.85,83.61
2025-12-23,Standing Desk,Furniture,West,2,330.34,660.68,367.37
2025-12-23,Mechanical Keyboard,Electronics,West,8,36.5,292.0,187.66
2025-12-23,Desk Lamp,Furniture,North,7,185.43,1298.01,847.55
2025-12-23,Mechanical Keyboard,Electronics,North,8,96.7,773.6,419.4
2025-12-23,Mechanical Keyboard,Electronics,North,1,79.12,79.12,55.27
2025-12-23,Office Chair,Furniture,Central,8,115.5,924.0,598.88
2025-12-23,Ballpoint Pens (Pack),Stationery,East,2,11.99,23.98,13.24
2025-12-23,Standing Desk,Furniture,East,3,299.54,898.62,528.78
2025-12-23,Office Chair,Furniture,Central,1,267.59,267.59,169.08
2025-12-23,Notebook Set,Stationery,East,2,2.73,5.46,3.3
2025-12-23,Desk Lamp,Furniture,East,5,186.49,932.45,553.56
2025-12-24,Mechanical Keyboard,Electronics,North,8,104.4,835.2,457.99
2025-12-24,Desk Lamp,Furniture,Central,6,74.87,449.22,283.43
2025-12-24,Desk Lamp,Furniture,West,1,256.7,256.7,158.69
2025-12-24,Mechanical Keyboard,Electronics,East,8,54.94,439.52,305.78
2025-12-24,USB-C Hub,Electronics,East,3,73.51,220.53,154.31
2025-12-24,Sticky Notes,Stationery,East,7,9.44,66.08,45.84
2025-12-24,Desk Lamp,Furniture,Central,4,241.72,966.88,582.38
2025-12-24,Sticky Notes,Stationery,East,3,9.63,28.89,19.62
2025-12-24,USB-C Hub,Electronics,West,2,69.19,138.38,94.36
2025-12-24,Mechanical Keyboard,Electronics,East,7,41.17,288.19,192.78
2025-12-24,Desk Lamp,Furniture,West,2,129.1,258.2,161.9
2025-12-24,Sticky Notes,Stationery,South,2,5.48,10.96,5.53
2025-12-24,Mechanical Keyboard,Electronics,North,1,89.73,89.73,50.88
2025-12-24,Office Chair,Furniture,North,7,325.2,2276.4,1293.73
2025-12-24,Ballpoint Pens (Pack),Stationery,East,2,12.52,25.04,16.36
2025-12-24,Mechanical Keyboard,Electronics,East,1,16.46,16.46,10.57
2025-12-24,USB-C Hub,Electronics,East,2,105.69,211.38,114.45
2025-12-24,Ballpoint Pens (Pack),Stationery,West,5,6.72,33.6,21.46
2025-12-24,Coffee Mug,Home & Kitchen,East,3,24.36,73.08,44.92
2025-12-24,Water Bottle,Home & Kitchen,West,8,8.25,66.0,42.04
2025-12-24,Desk Lamp,Furniture,Central,3,196.21,588.63,391.07
2025-12-24,Office Chair,Furniture,North,4,337.42,1349.68,802.34
2025-12-24,USB-C Hub,Electronics,Central,2,89.79,179.58,105.48
2025-12-24,Sticky Notes,Stationery,North,2,11.45,22.9,15.7
2025-12-24,Desk Lamp,Furniture,North,7,184.44,1291.08,863.42
2025-12-24,Desk Lamp,Furniture,East,1,200.04,200.04,133.19
2025-12-24,Wireless Mouse,Electronics,East,8,80.93,647.44,345.2
2025-12-24,Ballpoint Pens (Pack),Stationery,South,4,7.35,29.4,17.41
2025-12-24,Office Chair,Furniture,South,2,273.07,546.14,360.6
2025-12-24,Notebook Set,Stationery,East,6,4.54,27.24,15.61
2025-12-24,Office Chair,Furniture,West,2,298.28,596.56,387.54
2025-12-24,Ballpoint Pens (Pack),Stationery,North,3,8.45,25.35,13.12
2025-12-24,Mechanical Keyboard,Electronics,West,5,83.34,416.7,263.19
2025-12-24,USB-C Hub,Electronics,North,3,61.72,185.16,105.02
2025-12-24,Desk Lamp,Furniture,South,4,300.24,1200.96,650.01
2025-12-25,Water Bottle,Home & Kitchen,North,3,20.12,60.36,41.51
2025-12-25,Desk Lamp,Furniture,North,2,68.41,136.82,86.08
2025-12-25,USB-C Hub,Electronics,North,7,45.5,318.5,168.28
2025-12-25,Sticky Notes,Stationery,North,4,5.96,23.84,15.66
2025-12-25,Office Chair,Furniture,North,8,183.78,1470.24,758.96
2025-12-25,Water Bottle,Home & Kitchen,East,7,10.93,76.51,38.42
2025-12-25,USB-C Hub,Electronics,East,5,104.51,522.55,291.25
2025-12-25,Office Chair,Furniture,Central,7,231.73,1622.11,832.85
2025-12-25,USB-C Hub,Electronics,South,5,74.24,371.2,233.83
2025-12-25,Ballpoint Pens (Pack),Stationery,South,7,14.99,104.93,70.05
2025-12-25,Mechanical Keyboard,Electronics,South,3,113.75,341.25,228.73
2025-12-25,Standing Desk,Furniture,Central,6,136.09,816.54,473.12
2025-12-25,Standing Desk,Furniture,South,4,178.26,713.04,442.22
2025-12-25,Standing Desk,Furniture,West,3,222.31,666.93,382.1
2025-12-25,Office Chair,Furniture,West,3,155.62,466.86,298.22
2025-12-25,Office Chair,Furniture,Central,1,156.24,156.24,78.69
2025-12-25,Desk Lamp,Furniture,South,5,130.76,653.8,425.9
2025-12-25,Ballpoint Pens (Pack),Stationery,North,6,6.09,36.54,24.83
2025-12-25,Standing Desk,Furniture,North,5,227.63,1138.15,579.25
2025-12-25,Sticky Notes,Stationery,South,8,14.8,118.4,80.73
2025-12-25,Sticky Notes,Stationery,North,5,8.75,43.75,25.89
2025-12-25,Sticky Notes,Stationery,East,7,10.66,74.62,38.15
2025-12-25,Wireless Mouse,Electronics,North,3,49.12,147.36,99.54
2025-12-25,Office Chair,Furniture,South,2,266.61,533.22,354.69
2025-12-25,Wireless Mouse,Electronics,East,1,87.75,87.75,58.32
2025-12-25,Ballpoint Pens (Pack),Stationery,North,5,6.13,30.65,16.77
2025-12-26,Mechanical Keyboard,Electronics,East,4,107.85,431.4,273.48
2025-12-26,Desk Lamp,Furniture,South,3,252.91,758.73,484.25
2025-12-26,Desk Lamp,Furniture,Central,8,195.22,1561.76,987.74
2025-12-26,Water Bottle,Home & Kitchen,South,7,25.74,180.18,115.51
2025-12-26,Office Chair,Furniture,South,5,191.23,956.15,573.67
2025-12-26,Water Bottle,Home & Kitchen,South,3,29.38,88.14,49.28
2025-12-26,Sticky Notes,Stationery,West,4,10.95,43.8,25.98
2025-12-26,Standing Desk,Furniture,South,7,193.85,1356.95,740.09
2025-12-26,USB-C Hub,Electronics,North,2,65.14,130.28,87.94
2025-12-26,USB-C Hub,Electronics,South,1,93.06,93.06,60.97
2025-12-26,Ballpoint Pens (Pack),Stationery,South,7,5.04,35.28,23.24
2025-12-26,Mechanical Keyboard,Electronics,West,1,34.05,34.05,22.67
2025-12-26,Notebook Set,Stationery,South,7,3.59,25.13,14.83
2025-12-26,Wireless Mouse,Electronics,North,2,108.12,216.24,131.08
2025-12-26,USB-C Hub,Electronics,South,2,80.25,160.5,84.93
2025-12-26,Mechanical Keyboard,Electronics,West,5,41.04,205.2,105.8
2025-12-26,Mechanical Keyboard,Electronics,Central,2,116.48,232.96,119.29
2025-12-26,USB-C Hub,Electronics,East,4,73.26,293.04,163.26
2025-12-26,Water Bottle,Home & Kitchen,Central,8,21.94,175.52,109.44
2025-12-26,Notebook Set,Stationery,West,6,13.63,81.78,41.99
2025-12-26,Sticky Notes,Stationery,North,6,12.67,76.02,41.6
2025-12-26,Sticky Notes,Stationery,West,2,6.32,12.64,7.31
2025-12-26,Wireless Mouse,Electronics,Central,2,107.83,215.66,121.25
2025-12-27,Desk Lamp,Furniture,South,8,235.24,1881.92,1252.91
2025-12-27,Wireless Mouse,Electronics,South,5,106.17,530.85,273.75
2025-12-27,Sticky Notes,Stationery,East,3,6.21,18.63,10.28
2025-12-27,Mechanical Keyboard,Electronics,East,6,39.39,236.34,144.12
2025-12-27,Coffee Mug,Home & Kitchen,South,5,28.09,140.45,83.91
2025-12-27,Desk Lamp,Furniture,West,8,186.86,1494.88,960.98
2025-12-27,Mechanical Keyboard,Electronics,Central,1,71.68,71.68,40.75
2025-12-27,Ballpoint Pens (Pack),Stationery,Central,8,6.46,51.68,30.14
2025-12-27,USB-C Hub,Electronics,Central,8,67.67,541.36,330.25
2025-12-27,Standing Desk,Furniture,East,6,300.2,1801.2,1179.05
2025-12-28,Wireless Mouse,Electronics,North,3,115.61,346.83,218.11
2025-12-28,Coffee Mug,Home & Kitchen,East,3,23.99,71.97,48.1
2025-12-28,Mechanical Keyboard,Electronics,Central,2,50.77,101.54,53.77
2025-12-28,Ballpoint Pens (Pack),Stationery,Central,4,6.36,25.44,14.86
2025-12-28,Standing Desk,Furniture,South,5,318.68,1593.4,1061.05
2025-12-28,Ballpoint Pens (Pack),Stationery,South,4,3.19,12.76,8.57
2025-12-28,Sticky Notes,Stationery,North,2,2.42,4.84,3.24
2025-12-28,Water Bottle,Home & Kitchen,Central,1,15.48,15.48,8.17
2025-12-28,Standing Desk,Furniture,South,5,133.36,666.8,337.39
2025-12-28,Mechanical Keyboard,Electronics,West,8,33.51,268.08,179.94
2025-12-28,USB-C Hub,Electronics,West,7,83.81,586.67,312.85
2025-12-28,Office Chair,Furniture,West,6,334.93,2009.58,1337.18
2025-12-28,Water Bottle,Home & Kitchen,Central,8,21.15,169.2,105.15
2025-12-28,Sticky Notes,Stationery,Central,8,13.93,111.44,64.08
2025-12-28,Coffee Mug,Home & Kitchen,West,8,27.84,222.72,142.66
2025-12-28,Desk Lamp,Furniture,East,2,145.4,290.8,179.86
2025-12-28,Water Bottle,Home & Kitchen,East,5,23.85,119.25,71.14
2025-12-28,Mechanical Keyboard,Electronics,North,3,88.49,265.47,145.78
2025-12-28,Wireless Mouse,Electronics,Central,1,26.69,26.69,14.55
2025-12-28,Wireless Mouse,Electronics,East,6,30.55,183.3,115.94
2025-12-28,Ballpoint Pens (Pack),Stationery,East,8,12.79,102.32,70.24
2025-12-29,Standing Desk,Furniture,South,1,215.09,215.09,122.35
2025-12-29,Wireless Mouse,Electronics,West,1,66.95,66.95,37.07
2025-12-29,USB-C Hub,Electronics,North,1,31.69,31.69,19.84
2025-12-29,Notebook Set,Stationery,West,5,6.95,34.75,18.94
2025-12-29,Office Chair,Furniture,Central,6,96.92,581.52,355.31
2025-12-29,Sticky Notes,Stationery,Central,4,11.51,46.04,26.1
2025-12-29,USB-C Hub,Electronics,East,7,34.31,240.17,123.3
2025-12-29,Ballpoint Pens (Pack),Stationery,West,1,4.63,4.63,2.96
2025-12-29,Water Bottle,Home & Kitchen,West,8,8.37,66.96,41.56
2025-12-29,USB-C Hub,Electronics,South,1,73.95,73.95,39.37
2025-12-29,Water Bottle,Home & Kitchen,East,2,16.13,32.26,22.48
2025-12-29,USB-C Hub,Electronics,East,4,92.43,369.72,252.01
2025-12-29,Mechanical Keyboard,Electronics,North,6,29.55,177.3,104.22
2025-12-29,Office Chair,Furniture,East,3,301.83,905.49,517.41
2025-12-29,Office Chair,Furniture,West,6,324.67,1948.02,1051.24
2025-12-29,Mechanical Keyboard,Electronics,North,5,100.58,502.9,321.24
2025-12-29,Water Bottle,Home & Kitchen,North,8,16.01,128.08,80.85
2025-12-29,Wireless Mouse,Electronics,West,4,48.88,195.52,126.97
2025-12-29,Water Bottle,Home & Kitchen,East,6,24.28,145.68,88.57
2025-12-29,Wireless Mouse,Electronics,West,6,88.74,532.44,367.9
2025-12-29,Sticky Notes,Stationery,East,1,5.25,5.25,2.66
2025-12-29,Coffee Mug,Home & Kitchen,North,8,12.27,98.16,68.07
2025-12-29,Mechanical Keyboard,Electronics,West,1,92.28,92.28,63.63
2025-12-29,Desk Lamp,Furniture,Central,4,310.73,1242.92,758.1
2025-12-29,USB-C Hub,Electronics,East,1,55.52,55.52,30.33
2025-12-29,Standing Desk,Furniture,West,7,201.89,1413.23,770.87
2025-12-29,Ballpoint Pens (Pack),Stationery,West,8,14.25,114.0,66.36
2025-12-29,Standing Desk,Furniture,South,4,108.17,432.68,249.27
2025-12-29,Sticky Notes,Stationery,North,1,8.11,8.11,4.52
2025-12-29,Standing Desk,Furniture,North,2,284.88,569.76,374.03
2025-12-29,Desk Lamp,Furniture,South,8,345.39,2763.12,1909.85
2025-12-30,USB-C Hub,Electronics,North,7,65.04,455.28,277.52
2025-12-30,USB-C Hub,Electronics,West,2,41.75,83.5,43.08
2025-12-30,Coffee Mug,Home & Kitchen,Central,4,26.66,106.64,63.4
2025-12-30,Water Bottle,Home & Kitchen,Central,8,9.42,75.36,40.03
2025-12-30,Standing Desk,Furniture,West,6,202.17,1213.02,763.05
2025-12-30,USB-C Hub,Electronics,East,2,115.51,231.02,123.07
2025-12-30,Coffee Mug,Home & Kitchen,West,2,18.71,37.42,22.81
2025-12-30,Wireless Mouse,Electronics,Central,1,27.1,27.1,16.17
2025-12-30,Sticky Notes,Stationery,South,4,7.54,30.16,20.9
2025-12-30,Ballpoint Pens (Pack),Stationery,North,5,8.24,41.2,28.52
2025-12-30,Mechanical Keyboard,Electronics,South,7,95.58,669.06,350.88
2025-12-30,Ballpoint Pens (Pack),Stationery,East,3,8.66,25.98,16.71
2025-12-30,Notebook Set,Stationery,South,3,4.17,12.51,7.46
2025-12-30,Wireless Mouse,Electronics,East,1,61.42,61.42,36.64
2025-12-30,Coffee Mug,Home & Kitchen,Central,5,20.25,101.25,61.2
2025-12-30,Coffee Mug,Home & Kitchen,West,1,25.05,25.05,16.39
2025-12-30,Notebook Set,Stationery,West,8,8.71,69.68,44.47
2025-12-30,Sticky Notes,Stationery,North,5,3.79,18.95,10.46
2025-12-30,Ballpoint Pens (Pack),Stationery,North,2,3.68,7.36,4.19
2025-12-30,Office Chair,Furniture,North,7,310.65,2174.55,1405.22
2025-12-30,Standing Desk,Furniture,East,8,162.95,1303.6,881.79
2025-12-30,Standing Desk,Furniture,South,8,200.47,1603.76,982.29
2025-12-30,Desk Lamp,Furniture,East,2,254.58,509.16,261.06
2025-12-30,Sticky Notes,Stationery,East,5,10.13,50.65,25.69
2025-12-30,Desk Lamp,Furniture,West,8,93.54,748.32,382.49
2025-12-30,Sticky Notes,Stationery,West,4,4.34,17.36,12.13
2025-12-30,Notebook Set,Stationery,North,2,3.58,7.16,3.65
2025-12-30,Wireless Mouse,Electronics,South,1,117.34,117.34,61.47
2025-12-30,Standing Desk,Furniture,Central,8,254.17,2033.36,1237.67
2025-12-30,Ballpoint Pens (Pack),Stationery,South,5,12.22,61.1,34.2
2025-12-30,Office Chair,Furniture,South,5,159.47,797.35,412.45
2025-12-31,Office Chair,Furniture,Central,1,217.27,217.27,118.72
2025-12-31,Ballpoint Pens (Pack),Stationery,Central,8,3.95,31.6,20.96
2025-12-31,Mechanical Keyboard,Electronics,West,5,34.18,170.9,115.49
2025-12-31,Standing Desk,Furniture,Central,6,75.53,453.18,294.74
2025-12-31,Mechanical Keyboard,Electronics,South,4,43.24,172.96,92.68
2025-12-31,Water Bottle,Home & Kitchen,West,4,27.59,110.36,61.02
2025-12-31,Ballpoint Pens (Pack),Stationery,East,6,10.63,63.78,43.29
2025-12-31,Sticky Notes,Stationery,West,7,8.78,61.46,41.29
2025-12-31,USB-C Hub,Electronics,Central,8,84.57,676.56,380.34
2025-12-31,Ballpoint Pens (Pack),Stationery,East,4,13.35,53.4,35.22
2025-12-31,Notebook Set,Stationery,West,8,14.48,115.84,75.33
2025-12-31,USB-C Hub,Electronics,West,4,93.44,373.76,238.71
2025-12-31,Wireless Mouse,Electronics,South,5,65.87,329.35,216.33
2025-12-31,Ballpoint Pens (Pack),Stationery,West,1,8.26,8.26,5.38
2025-12-31,Desk Lamp,Furniture,North,2,275.07,550.14,363.18
2025-12-31,Water Bottle,Home & Kitchen,West,4,23.28,93.12,52.6